source_file,source_line,reference_type,referenced_config,reference_exists,is_dynamic,is_historical_doc,requires_update_on_move,notes
configs/analysis/four_model_causal_audit.yaml,3,yaml_reference,configs/baselines/mmgcn/iemocap/causal_benchmark/official_prefix.yaml,YES,NO,YES,NO,config: configs/baselines/mmgcn/iemocap/causal_benchmark/official_prefix.yaml
configs/analysis/four_model_causal_audit.yaml,5,yaml_reference,configs/baselines/multidag_cl/iemocap/causal_benchmark/official_prefix.yaml,YES,NO,YES,NO,config: configs/baselines/multidag_cl/iemocap/causal_benchmark/official_prefix.yaml
configs/analysis/four_model_causal_audit.yaml,7,yaml_reference,configs/baselines/gsmcc/iemocap/causal_benchmark/official_prefix.yaml,YES,NO,YES,NO,config: configs/baselines/gsmcc/iemocap/causal_benchmark/official_prefix.yaml
configs/analysis/four_model_causal_audit.yaml,9,yaml_reference,configs/baselines/dialoguegcn/iemocap/causal_benchmark/official_prefix.yaml,YES,NO,YES,NO,config: configs/baselines/dialoguegcn/iemocap/causal_benchmark/official_prefix.yaml
configs/analysis/four_model_causal_audit_synthetic.yaml,3,yaml_reference,configs/baselines/mmgcn/iemocap/causal_benchmark/official_prefix.yaml,YES,NO,YES,NO,config: configs/baselines/mmgcn/iemocap/causal_benchmark/official_prefix.yaml
configs/analysis/four_model_causal_audit_synthetic.yaml,5,yaml_reference,configs/baselines/multidag_cl/iemocap/causal_benchmark/official_prefix.yaml,YES,NO,YES,NO,config: configs/baselines/multidag_cl/iemocap/causal_benchmark/official_prefix.yaml
configs/analysis/four_model_causal_audit_synthetic.yaml,7,yaml_reference,configs/baselines/gsmcc/iemocap/causal_benchmark/official_prefix.yaml,YES,NO,YES,NO,config: configs/baselines/gsmcc/iemocap/causal_benchmark/official_prefix.yaml
configs/analysis/four_model_causal_audit_synthetic.yaml,9,yaml_reference,configs/baselines/dialoguegcn/iemocap/causal_benchmark/official_prefix.yaml,YES,NO,YES,NO,config: configs/baselines/dialoguegcn/iemocap/causal_benchmark/official_prefix.yaml
configs/analysis/multidag_cl/iemocap/loss_stability/loss_stability_w5_compare.yaml,9,yaml_reference,configs/pipeline/multidag_cl/iemocap/stabilize/context_w5_tav_stable_candidate.yaml,YES,NO,NO,YES,config_path: configs/pipeline/multidag_cl/iemocap/stabilize/context_w5_tav_stable_candidate.yaml
configs/analysis/multidag_cl/iemocap/loss_stability/loss_stability_w5_compare.yaml,12,yaml_reference,configs/pipeline/multidag_cl/iemocap/loss_stability/context_w5_tav_stable_lr3e4_plateau_valloss.yaml,YES,NO,NO,YES,config_path: configs/pipeline/multidag_cl/iemocap/loss_stability/context_w5_tav_stable_lr3e4_plateau_valloss.yaml
configs/analysis/multidag_cl/iemocap/loss_stability/loss_stability_w5_compare.yaml,15,yaml_reference,configs/pipeline/multidag_cl/iemocap/loss_stability/context_w5_tav_stable_lr5e4_plateau_valloss.yaml,YES,NO,NO,YES,config_path: configs/pipeline/multidag_cl/iemocap/loss_stability/context_w5_tav_stable_lr5e4_plateau_valloss.yaml
configs/analysis/multidag_cl/iemocap/loss_stability/loss_stability_w5_compare.yaml,18,yaml_reference,configs/pipeline/multidag_cl/iemocap/loss_stability/context_w5_tav_stable_lr3e4_cosine.yaml,YES,NO,NO,YES,config_path: configs/pipeline/multidag_cl/iemocap/loss_stability/context_w5_tav_stable_lr3e4_cosine.yaml
configs/analysis/multidag_cl/iemocap/loss_stability/loss_stability_w5_compare.yaml,21,yaml_reference,configs/pipeline/multidag_cl/iemocap/loss_stability/context_w5_tav_stable_lr3e4_label_smoothing005.yaml,YES,NO,NO,YES,config_path: configs/pipeline/multidag_cl/iemocap/loss_stability/context_w5_tav_stable_lr3e4_label_smoothing005.yaml
configs/analysis/multidag_cl/iemocap/loss_stability/loss_stability_w5_compare.yaml,24,yaml_reference,configs/pipeline/multidag_cl/iemocap/loss_stability/context_w5_tav_stable_lr3e4_earlystop_valloss.yaml,YES,NO,NO,YES,config_path: configs/pipeline/multidag_cl/iemocap/loss_stability/context_w5_tav_stable_lr3e4_earlystop_valloss.yaml
configs/baselines/mmgcn/iemocap/clean_roberta_v1/val_ses01.yaml,65,yaml_reference,configs/baselines/mmgcn/iemocap/causal_benchmark/val_ses01.yaml,YES,NO,NO,YES,source_config: configs/baselines/mmgcn/iemocap/causal_benchmark/val_ses01.yaml
configs/baselines/mmgcn/iemocap/clean_roberta_v1/val_ses02.yaml,65,yaml_reference,configs/baselines/mmgcn/iemocap/causal_benchmark/val_ses02.yaml,YES,NO,NO,YES,source_config: configs/baselines/mmgcn/iemocap/causal_benchmark/val_ses02.yaml
configs/baselines/mmgcn/iemocap/clean_roberta_v1/val_ses03.yaml,65,yaml_reference,configs/baselines/mmgcn/iemocap/causal_benchmark/val_ses03.yaml,YES,NO,NO,YES,source_config: configs/baselines/mmgcn/iemocap/causal_benchmark/val_ses03.yaml
configs/baselines/mmgcn/iemocap/clean_roberta_v1/val_ses04.yaml,65,yaml_reference,configs/baselines/mmgcn/iemocap/causal_benchmark/val_ses04.yaml,YES,NO,NO,YES,source_config: configs/baselines/mmgcn/iemocap/causal_benchmark/val_ses04.yaml
configs/baselines/multidag_cl/iemocap/clean_roberta_v1/val_ses01.yaml,66,yaml_reference,configs/baselines/multidag_cl/iemocap/causal_benchmark/val_ses01.yaml,YES,NO,NO,YES,source_config: configs/baselines/multidag_cl/iemocap/causal_benchmark/val_ses01.yaml
configs/baselines/multidag_cl/iemocap/clean_roberta_v1/val_ses02.yaml,66,yaml_reference,configs/baselines/multidag_cl/iemocap/causal_benchmark/val_ses02.yaml,YES,NO,NO,YES,source_config: configs/baselines/multidag_cl/iemocap/causal_benchmark/val_ses02.yaml
configs/baselines/multidag_cl/iemocap/clean_roberta_v1/val_ses03.yaml,66,yaml_reference,configs/baselines/multidag_cl/iemocap/causal_benchmark/val_ses03.yaml,YES,NO,NO,YES,source_config: configs/baselines/multidag_cl/iemocap/causal_benchmark/val_ses03.yaml
configs/baselines/multidag_cl/iemocap/clean_roberta_v1/val_ses04.yaml,66,yaml_reference,configs/baselines/multidag_cl/iemocap/causal_benchmark/val_ses04.yaml,YES,NO,NO,YES,source_config: configs/baselines/multidag_cl/iemocap/causal_benchmark/val_ses04.yaml
configs/experiments/iemocap_clean_roberta_v1_8run.yaml,32,yaml_reference,configs/pipeline/mmgcn/iemocap/causal_benchmark/val_sesXX.yaml,DYNAMIC,YES,NO,NO,mmgcn: configs/pipeline/mmgcn/iemocap/causal_benchmark/val_sesXX.yaml
configs/experiments/iemocap_clean_roberta_v1_8run.yaml,33,yaml_reference,configs/pipeline/multidag_cl/iemocap/causal_benchmark/val_sesXX.yaml,DYNAMIC,YES,NO,NO,multidag_cl: configs/pipeline/multidag_cl/iemocap/causal_benchmark/val_sesXX.yaml
configs/experiments/iemocap_clean_roberta_v1_8run.yaml,49,yaml_reference,configs/pipeline/mmgcn/iemocap/clean_roberta_v1/val_ses01.yaml,YES,NO,NO,YES,config_path: configs/pipeline/mmgcn/iemocap/clean_roberta_v1/val_ses01.yaml
configs/experiments/iemocap_clean_roberta_v1_8run.yaml,50,yaml_reference,configs/baselines/mmgcn/iemocap/clean_roberta_v1/val_ses01.yaml,YES,NO,NO,YES,train_config_path: configs/baselines/mmgcn/iemocap/clean_roberta_v1/val_ses01.yaml
configs/experiments/iemocap_clean_roberta_v1_8run.yaml,62,yaml_reference,configs/pipeline/mmgcn/iemocap/clean_roberta_v1/val_ses02.yaml,YES,NO,NO,YES,config_path: configs/pipeline/mmgcn/iemocap/clean_roberta_v1/val_ses02.yaml
configs/experiments/iemocap_clean_roberta_v1_8run.yaml,63,yaml_reference,configs/baselines/mmgcn/iemocap/clean_roberta_v1/val_ses02.yaml,YES,NO,NO,YES,train_config_path: configs/baselines/mmgcn/iemocap/clean_roberta_v1/val_ses02.yaml
configs/experiments/iemocap_clean_roberta_v1_8run.yaml,75,yaml_reference,configs/pipeline/mmgcn/iemocap/clean_roberta_v1/val_ses03.yaml,YES,NO,NO,YES,config_path: configs/pipeline/mmgcn/iemocap/clean_roberta_v1/val_ses03.yaml
configs/experiments/iemocap_clean_roberta_v1_8run.yaml,76,yaml_reference,configs/baselines/mmgcn/iemocap/clean_roberta_v1/val_ses03.yaml,YES,NO,NO,YES,train_config_path: configs/baselines/mmgcn/iemocap/clean_roberta_v1/val_ses03.yaml
configs/experiments/iemocap_clean_roberta_v1_8run.yaml,88,yaml_reference,configs/pipeline/mmgcn/iemocap/clean_roberta_v1/val_ses04.yaml,YES,NO,NO,YES,config_path: configs/pipeline/mmgcn/iemocap/clean_roberta_v1/val_ses04.yaml
configs/experiments/iemocap_clean_roberta_v1_8run.yaml,89,yaml_reference,configs/baselines/mmgcn/iemocap/clean_roberta_v1/val_ses04.yaml,YES,NO,NO,YES,train_config_path: configs/baselines/mmgcn/iemocap/clean_roberta_v1/val_ses04.yaml
configs/experiments/iemocap_clean_roberta_v1_8run.yaml,101,yaml_reference,configs/pipeline/multidag_cl/iemocap/clean_roberta_v1/val_ses01.yaml,YES,NO,NO,YES,config_path: configs/pipeline/multidag_cl/iemocap/clean_roberta_v1/val_ses01.yaml
configs/experiments/iemocap_clean_roberta_v1_8run.yaml,102,yaml_reference,configs/baselines/multidag_cl/iemocap/clean_roberta_v1/val_ses01.yaml,YES,NO,NO,YES,train_config_path: configs/baselines/multidag_cl/iemocap/clean_roberta_v1/val_ses01.yaml
configs/experiments/iemocap_clean_roberta_v1_8run.yaml,114,yaml_reference,configs/pipeline/multidag_cl/iemocap/clean_roberta_v1/val_ses02.yaml,YES,NO,NO,YES,config_path: configs/pipeline/multidag_cl/iemocap/clean_roberta_v1/val_ses02.yaml
configs/experiments/iemocap_clean_roberta_v1_8run.yaml,115,yaml_reference,configs/baselines/multidag_cl/iemocap/clean_roberta_v1/val_ses02.yaml,YES,NO,NO,YES,train_config_path: configs/baselines/multidag_cl/iemocap/clean_roberta_v1/val_ses02.yaml
configs/experiments/iemocap_clean_roberta_v1_8run.yaml,127,yaml_reference,configs/pipeline/multidag_cl/iemocap/clean_roberta_v1/val_ses03.yaml,YES,NO,NO,YES,config_path: configs/pipeline/multidag_cl/iemocap/clean_roberta_v1/val_ses03.yaml
configs/experiments/iemocap_clean_roberta_v1_8run.yaml,128,yaml_reference,configs/baselines/multidag_cl/iemocap/clean_roberta_v1/val_ses03.yaml,YES,NO,NO,YES,train_config_path: configs/baselines/multidag_cl/iemocap/clean_roberta_v1/val_ses03.yaml
configs/experiments/iemocap_clean_roberta_v1_8run.yaml,140,yaml_reference,configs/pipeline/multidag_cl/iemocap/clean_roberta_v1/val_ses04.yaml,YES,NO,NO,YES,config_path: configs/pipeline/multidag_cl/iemocap/clean_roberta_v1/val_ses04.yaml
configs/experiments/iemocap_clean_roberta_v1_8run.yaml,141,yaml_reference,configs/baselines/multidag_cl/iemocap/clean_roberta_v1/val_ses04.yaml,YES,NO,NO,YES,train_config_path: configs/baselines/multidag_cl/iemocap/clean_roberta_v1/val_ses04.yaml
configs/experiments/original_merc/pipeline_manifest.yaml,23,yaml_reference,configs/smoke/original_repro/mmgcn_legacy.yaml,YES,NO,NO,YES,- {config: configs/smoke/original_repro/mmgcn_legacy.yaml}
configs/experiments/original_merc/pipeline_manifest.yaml,24,yaml_reference,configs/smoke/original_repro/mmgcn_clean.yaml,YES,NO,NO,YES,- {config: configs/smoke/original_repro/mmgcn_clean.yaml}
configs/experiments/original_merc/pipeline_manifest.yaml,25,yaml_reference,configs/smoke/original_repro/multidag_cl_legacy.yaml,YES,NO,NO,YES,- {config: configs/smoke/original_repro/multidag_cl_legacy.yaml}
configs/experiments/original_merc/pipeline_manifest.yaml,26,yaml_reference,configs/smoke/original_repro/multidag_cl_clean.yaml,YES,NO,NO,YES,- {config: configs/smoke/original_repro/multidag_cl_clean.yaml}
configs/experiments/original_merc/pipeline_manifest.yaml,27,yaml_reference,configs/smoke/original_repro/gsmcc_legacy.yaml,YES,NO,NO,YES,- {config: configs/smoke/original_repro/gsmcc_legacy.yaml}
configs/experiments/original_merc/pipeline_manifest.yaml,28,yaml_reference,configs/smoke/original_repro/gsmcc_clean.yaml,YES,NO,NO,YES,- {config: configs/smoke/original_repro/gsmcc_clean.yaml}
configs/experiments/original_merc/pipeline_manifest.yaml,29,yaml_reference,configs/smoke/original_repro/dialoguegcn_legacy.yaml,YES,NO,NO,YES,- {config: configs/smoke/original_repro/dialoguegcn_legacy.yaml}
configs/experiments/original_merc/pipeline_manifest.yaml,30,yaml_reference,configs/smoke/original_repro/dialoguegcn_clean.yaml,YES,NO,NO,YES,- {config: configs/smoke/original_repro/dialoguegcn_clean.yaml}
configs/experiments/original_merc/pipeline_manifest.yaml,32,yaml_reference,configs/experiments/original_merc/screening/mmgcn_legacy.yaml,YES,NO,NO,YES,- {config: configs/experiments/original_merc/screening/mmgcn_legacy.yaml}
configs/experiments/original_merc/pipeline_manifest.yaml,33,yaml_reference,configs/experiments/original_merc/screening/multidag_cl_legacy.yaml,YES,NO,NO,YES,- {config: configs/experiments/original_merc/screening/multidag_cl_legacy.yaml}
configs/experiments/original_merc/pipeline_manifest.yaml,34,yaml_reference,configs/experiments/original_merc/screening/gsmcc_legacy.yaml,YES,NO,NO,YES,- {config: configs/experiments/original_merc/screening/gsmcc_legacy.yaml}
configs/experiments/original_merc/pipeline_manifest.yaml,35,yaml_reference,configs/experiments/original_merc/screening/dialoguegcn_legacy.yaml,YES,NO,NO,YES,- {config: configs/experiments/original_merc/screening/dialoguegcn_legacy.yaml}
configs/experiments/original_merc/pipeline_manifest.yaml,37,yaml_reference,configs/experiments/original_merc/clean_screening/mmgcn_clean.yaml,YES,NO,NO,YES,- {config: configs/experiments/original_merc/clean_screening/mmgcn_clean.yaml}
configs/experiments/original_merc/pipeline_manifest.yaml,38,yaml_reference,configs/experiments/original_merc/clean_screening/multidag_cl_clean.yaml,YES,NO,NO,YES,- {config: configs/experiments/original_merc/clean_screening/multidag_cl_clean.yaml}
configs/experiments/original_merc/pipeline_manifest.yaml,39,yaml_reference,configs/experiments/original_merc/clean_screening/gsmcc_clean.yaml,YES,NO,NO,YES,- {config: configs/experiments/original_merc/clean_screening/gsmcc_clean.yaml}
configs/experiments/original_merc/pipeline_manifest.yaml,40,yaml_reference,configs/experiments/original_merc/clean_screening/dialoguegcn_clean.yaml,YES,NO,NO,YES,- {config: configs/experiments/original_merc/clean_screening/dialoguegcn_clean.yaml}
configs/experiments/original_merc/pipeline_manifest.yaml,42,yaml_reference,configs/experiments/original_merc/legacy_fold_bases/mmgcn_legacy.yaml,YES,NO,NO,YES,"- {config: configs/experiments/original_merc/legacy_fold_bases/mmgcn_legacy.yaml, outer_test_sessions: [Ses01, Ses02, Ses03, Ses04, Ses05]}"
configs/experiments/original_merc/pipeline_manifest.yaml,43,yaml_reference,configs/experiments/original_merc/legacy_fold_bases/multidag_cl_legacy.yaml,YES,NO,NO,YES,"- {config: configs/experiments/original_merc/legacy_fold_bases/multidag_cl_legacy.yaml, outer_test_sessions: [Ses01, Ses02, Ses03, Ses04, Ses05]}"
configs/experiments/original_merc/pipeline_manifest.yaml,44,yaml_reference,configs/experiments/original_merc/legacy_fold_bases/gsmcc_legacy.yaml,YES,NO,NO,YES,"- {config: configs/experiments/original_merc/legacy_fold_bases/gsmcc_legacy.yaml, outer_test_sessions: [Ses01, Ses02, Ses03, Ses04, Ses05]}"
configs/experiments/original_merc/pipeline_manifest.yaml,45,yaml_reference,configs/experiments/original_merc/legacy_fold_bases/dialoguegcn_legacy.yaml,YES,NO,NO,YES,"- {config: configs/experiments/original_merc/legacy_fold_bases/dialoguegcn_legacy.yaml, outer_test_sessions: [Ses01, Ses02, Ses03, Ses04, Ses05]}"
configs/experiments/original_merc/pipeline_manifest.yaml,47,yaml_reference,configs/experiments/original_merc/clean_fold_bases/mmgcn_clean.yaml,YES,NO,NO,YES,"- {config: configs/experiments/original_merc/clean_fold_bases/mmgcn_clean.yaml, outer_test_sessions: [Ses01, Ses02, Ses03, Ses04, Ses05]}"
configs/experiments/original_merc/pipeline_manifest.yaml,48,yaml_reference,configs/experiments/original_merc/clean_fold_bases/multidag_cl_clean.yaml,YES,NO,NO,YES,"- {config: configs/experiments/original_merc/clean_fold_bases/multidag_cl_clean.yaml, outer_test_sessions: [Ses01, Ses02, Ses03, Ses04, Ses05]}"
configs/experiments/original_merc/pipeline_manifest.yaml,49,yaml_reference,configs/experiments/original_merc/clean_fold_bases/gsmcc_clean.yaml,YES,NO,NO,YES,"- {config: configs/experiments/original_merc/clean_fold_bases/gsmcc_clean.yaml, outer_test_sessions: [Ses01, Ses02, Ses03, Ses04, Ses05]}"
configs/experiments/original_merc/pipeline_manifest.yaml,50,yaml_reference,configs/experiments/original_merc/clean_fold_bases/dialoguegcn_clean.yaml,YES,NO,NO,YES,"- {config: configs/experiments/original_merc/clean_fold_bases/dialoguegcn_clean.yaml, outer_test_sessions: [Ses01, Ses02, Ses03, Ses04, Ses05]}"
configs/experiments/original_merc/pipeline_manifest.yaml,67,yaml_reference,configs/experiments/original_merc/clean_fold_bases/mmgcn_clean.yaml,YES,NO,NO,YES,- configs/experiments/original_merc/clean_fold_bases/mmgcn_clean.yaml
configs/experiments/original_merc/pipeline_manifest.yaml,68,yaml_reference,configs/experiments/original_merc/clean_fold_bases/multidag_cl_clean.yaml,YES,NO,NO,YES,- configs/experiments/original_merc/clean_fold_bases/multidag_cl_clean.yaml
configs/experiments/original_merc/pipeline_manifest.yaml,69,yaml_reference,configs/experiments/original_merc/clean_fold_bases/gsmcc_clean.yaml,YES,NO,NO,YES,- configs/experiments/original_merc/clean_fold_bases/gsmcc_clean.yaml
configs/experiments/original_merc/pipeline_manifest.yaml,70,yaml_reference,configs/experiments/original_merc/clean_fold_bases/dialoguegcn_clean.yaml,YES,NO,NO,YES,- configs/experiments/original_merc/clean_fold_bases/dialoguegcn_clean.yaml
configs/modality_ablation/m3ed/mmgcn/train_mmgcn_m3ed_A.yaml,56,yaml_reference,configs/train_mmgcn_m3ed.yaml,YES,NO,NO,YES,base_config: configs/train_mmgcn_m3ed.yaml
configs/modality_ablation/m3ed/mmgcn/train_mmgcn_m3ed_AV.yaml,57,yaml_reference,configs/train_mmgcn_m3ed.yaml,YES,NO,NO,YES,base_config: configs/train_mmgcn_m3ed.yaml
configs/modality_ablation/m3ed/mmgcn/train_mmgcn_m3ed_T.yaml,56,yaml_reference,configs/train_mmgcn_m3ed.yaml,YES,NO,NO,YES,base_config: configs/train_mmgcn_m3ed.yaml
configs/modality_ablation/m3ed/mmgcn/train_mmgcn_m3ed_TA.yaml,57,yaml_reference,configs/train_mmgcn_m3ed.yaml,YES,NO,NO,YES,base_config: configs/train_mmgcn_m3ed.yaml
configs/modality_ablation/m3ed/mmgcn/train_mmgcn_m3ed_TAV.yaml,58,yaml_reference,configs/train_mmgcn_m3ed.yaml,YES,NO,NO,YES,base_config: configs/train_mmgcn_m3ed.yaml
configs/modality_ablation/m3ed/mmgcn/train_mmgcn_m3ed_TV.yaml,57,yaml_reference,configs/train_mmgcn_m3ed.yaml,YES,NO,NO,YES,base_config: configs/train_mmgcn_m3ed.yaml
configs/modality_ablation/m3ed/mmgcn/train_mmgcn_m3ed_V.yaml,56,yaml_reference,configs/train_mmgcn_m3ed.yaml,YES,NO,NO,YES,base_config: configs/train_mmgcn_m3ed.yaml
configs/pipeline/dialoguegcn/iemocap/causal_benchmark/official_prefix.yaml,23,yaml_reference,configs/baselines/dialoguegcn/iemocap/causal_benchmark/official_prefix.yaml,YES,NO,NO,YES,train_config_path: configs/baselines/dialoguegcn/iemocap/causal_benchmark/official_prefix.yaml
configs/pipeline/dialoguegcn/iemocap/causal_benchmark/val_ses01.yaml,23,yaml_reference,configs/baselines/dialoguegcn/iemocap/causal_benchmark/val_ses01.yaml,YES,NO,NO,YES,train_config_path: configs/baselines/dialoguegcn/iemocap/causal_benchmark/val_ses01.yaml
configs/pipeline/dialoguegcn/iemocap/causal_benchmark/val_ses02.yaml,23,yaml_reference,configs/baselines/dialoguegcn/iemocap/causal_benchmark/val_ses02.yaml,YES,NO,NO,YES,train_config_path: configs/baselines/dialoguegcn/iemocap/causal_benchmark/val_ses02.yaml
configs/pipeline/dialoguegcn/iemocap/causal_benchmark/val_ses03.yaml,23,yaml_reference,configs/baselines/dialoguegcn/iemocap/causal_benchmark/val_ses03.yaml,YES,NO,NO,YES,train_config_path: configs/baselines/dialoguegcn/iemocap/causal_benchmark/val_ses03.yaml
configs/pipeline/dialoguegcn/iemocap/causal_benchmark/val_ses04.yaml,23,yaml_reference,configs/baselines/dialoguegcn/iemocap/causal_benchmark/val_ses04.yaml,YES,NO,NO,YES,train_config_path: configs/baselines/dialoguegcn/iemocap/causal_benchmark/val_ses04.yaml
configs/pipeline/gsmcc/iemocap/causal_benchmark/official_prefix.yaml,23,yaml_reference,configs/baselines/gsmcc/iemocap/causal_benchmark/official_prefix.yaml,YES,NO,NO,YES,train_config_path: configs/baselines/gsmcc/iemocap/causal_benchmark/official_prefix.yaml
configs/pipeline/gsmcc/iemocap/causal_benchmark/val_ses01.yaml,23,yaml_reference,configs/baselines/gsmcc/iemocap/causal_benchmark/val_ses01.yaml,YES,NO,NO,YES,train_config_path: configs/baselines/gsmcc/iemocap/causal_benchmark/val_ses01.yaml
configs/pipeline/gsmcc/iemocap/causal_benchmark/val_ses02.yaml,23,yaml_reference,configs/baselines/gsmcc/iemocap/causal_benchmark/val_ses02.yaml,YES,NO,NO,YES,train_config_path: configs/baselines/gsmcc/iemocap/causal_benchmark/val_ses02.yaml
configs/pipeline/gsmcc/iemocap/causal_benchmark/val_ses03.yaml,23,yaml_reference,configs/baselines/gsmcc/iemocap/causal_benchmark/val_ses03.yaml,YES,NO,NO,YES,train_config_path: configs/baselines/gsmcc/iemocap/causal_benchmark/val_ses03.yaml
configs/pipeline/gsmcc/iemocap/causal_benchmark/val_ses04.yaml,23,yaml_reference,configs/baselines/gsmcc/iemocap/causal_benchmark/val_ses04.yaml,YES,NO,NO,YES,train_config_path: configs/baselines/gsmcc/iemocap/causal_benchmark/val_ses04.yaml
configs/pipeline/mmgcn/iemocap/causal_benchmark/official_prefix.yaml,23,yaml_reference,configs/baselines/mmgcn/iemocap/causal_benchmark/official_prefix.yaml,YES,NO,NO,YES,train_config_path: configs/baselines/mmgcn/iemocap/causal_benchmark/official_prefix.yaml
configs/pipeline/mmgcn/iemocap/causal_benchmark/val_ses01.yaml,23,yaml_reference,configs/baselines/mmgcn/iemocap/causal_benchmark/val_ses01.yaml,YES,NO,NO,YES,train_config_path: configs/baselines/mmgcn/iemocap/causal_benchmark/val_ses01.yaml
configs/pipeline/mmgcn/iemocap/causal_benchmark/val_ses02.yaml,23,yaml_reference,configs/baselines/mmgcn/iemocap/causal_benchmark/val_ses02.yaml,YES,NO,NO,YES,train_config_path: configs/baselines/mmgcn/iemocap/causal_benchmark/val_ses02.yaml
configs/pipeline/mmgcn/iemocap/causal_benchmark/val_ses03.yaml,23,yaml_reference,configs/baselines/mmgcn/iemocap/causal_benchmark/val_ses03.yaml,YES,NO,NO,YES,train_config_path: configs/baselines/mmgcn/iemocap/causal_benchmark/val_ses03.yaml
configs/pipeline/mmgcn/iemocap/causal_benchmark/val_ses04.yaml,23,yaml_reference,configs/baselines/mmgcn/iemocap/causal_benchmark/val_ses04.yaml,YES,NO,NO,YES,train_config_path: configs/baselines/mmgcn/iemocap/causal_benchmark/val_ses04.yaml
configs/pipeline/mmgcn/iemocap/clean_roberta_v1/val_ses01.yaml,38,yaml_reference,configs/baselines/mmgcn/iemocap/clean_roberta_v1/val_ses01.yaml,YES,NO,NO,YES,train_config_path: configs/baselines/mmgcn/iemocap/clean_roberta_v1/val_ses01.yaml
configs/pipeline/mmgcn/iemocap/clean_roberta_v1/val_ses01.yaml,69,yaml_reference,configs/pipeline/mmgcn/iemocap/causal_benchmark/val_ses01.yaml,YES,NO,NO,YES,source_config: configs/pipeline/mmgcn/iemocap/causal_benchmark/val_ses01.yaml
configs/pipeline/mmgcn/iemocap/clean_roberta_v1/val_ses02.yaml,38,yaml_reference,configs/baselines/mmgcn/iemocap/clean_roberta_v1/val_ses02.yaml,YES,NO,NO,YES,train_config_path: configs/baselines/mmgcn/iemocap/clean_roberta_v1/val_ses02.yaml
configs/pipeline/mmgcn/iemocap/clean_roberta_v1/val_ses02.yaml,69,yaml_reference,configs/pipeline/mmgcn/iemocap/causal_benchmark/val_ses02.yaml,YES,NO,NO,YES,source_config: configs/pipeline/mmgcn/iemocap/causal_benchmark/val_ses02.yaml
configs/pipeline/mmgcn/iemocap/clean_roberta_v1/val_ses03.yaml,38,yaml_reference,configs/baselines/mmgcn/iemocap/clean_roberta_v1/val_ses03.yaml,YES,NO,NO,YES,train_config_path: configs/baselines/mmgcn/iemocap/clean_roberta_v1/val_ses03.yaml
configs/pipeline/mmgcn/iemocap/clean_roberta_v1/val_ses03.yaml,69,yaml_reference,configs/pipeline/mmgcn/iemocap/causal_benchmark/val_ses03.yaml,YES,NO,NO,YES,source_config: configs/pipeline/mmgcn/iemocap/causal_benchmark/val_ses03.yaml
configs/pipeline/mmgcn/iemocap/clean_roberta_v1/val_ses04.yaml,38,yaml_reference,configs/baselines/mmgcn/iemocap/clean_roberta_v1/val_ses04.yaml,YES,NO,NO,YES,train_config_path: configs/baselines/mmgcn/iemocap/clean_roberta_v1/val_ses04.yaml
configs/pipeline/mmgcn/iemocap/clean_roberta_v1/val_ses04.yaml,69,yaml_reference,configs/pipeline/mmgcn/iemocap/causal_benchmark/val_ses04.yaml,YES,NO,NO,YES,source_config: configs/pipeline/mmgcn/iemocap/causal_benchmark/val_ses04.yaml
configs/pipeline/mmgcn_pipeline.yaml,9,yaml_reference,configs/train_mmgcn_iemocap_official.yaml,YES,NO,NO,YES,train_config_path: configs/train_mmgcn_iemocap_official.yaml
configs/pipeline/mmgcn_pipeline.yaml,24,yaml_reference,configs/analysis/multi_run_training_curves.yaml,YES,NO,NO,YES,config_path: configs/analysis/multi_run_training_curves.yaml
configs/pipeline/mmgcn_pipeline.yaml,27,yaml_reference,configs/analysis/multi_run_final_analysis.yaml,YES,NO,NO,YES,config_path: configs/analysis/multi_run_final_analysis.yaml
configs/pipeline/mmgcn_pipeline_analyze.yaml,12,yaml_reference,configs/train_mmgcn_iemocap_official.yaml,YES,NO,NO,YES,train_config_path: configs/train_mmgcn_iemocap_official.yaml
configs/pipeline/mmgcn_pipeline_analyze.yaml,31,yaml_reference,configs/analysis/multi_run_training_curves.yaml,YES,NO,NO,YES,config_path: configs/analysis/multi_run_training_curves.yaml
configs/pipeline/mmgcn_pipeline_analyze.yaml,35,yaml_reference,configs/analysis/multi_run_final_analysis.yaml,YES,NO,NO,YES,config_path: configs/analysis/multi_run_final_analysis.yaml
configs/pipeline/mmgcn_pipeline_m3ed.yaml,9,yaml_reference,configs/train_mmgcn_m3ed.yaml,YES,NO,NO,YES,train_config_path: configs/train_mmgcn_m3ed.yaml
configs/pipeline/mmgcn_pipeline_m3ed.yaml,24,yaml_reference,configs/analysis/multi_run_training_curves.yaml,YES,NO,NO,YES,config_path: configs/analysis/multi_run_training_curves.yaml
configs/pipeline/mmgcn_pipeline_m3ed.yaml,27,yaml_reference,configs/analysis/multi_run_final_analysis.yaml,YES,NO,NO,YES,config_path: configs/analysis/multi_run_final_analysis.yaml
configs/pipeline/multidag_cl/iemocap/causal_benchmark/official_prefix.yaml,23,yaml_reference,configs/baselines/multidag_cl/iemocap/causal_benchmark/official_prefix.yaml,YES,NO,NO,YES,train_config_path: configs/baselines/multidag_cl/iemocap/causal_benchmark/official_prefix.yaml
configs/pipeline/multidag_cl/iemocap/causal_benchmark/val_ses01.yaml,23,yaml_reference,configs/baselines/multidag_cl/iemocap/causal_benchmark/val_ses01.yaml,YES,NO,NO,YES,train_config_path: configs/baselines/multidag_cl/iemocap/causal_benchmark/val_ses01.yaml
configs/pipeline/multidag_cl/iemocap/causal_benchmark/val_ses02.yaml,23,yaml_reference,configs/baselines/multidag_cl/iemocap/causal_benchmark/val_ses02.yaml,YES,NO,NO,YES,train_config_path: configs/baselines/multidag_cl/iemocap/causal_benchmark/val_ses02.yaml
configs/pipeline/multidag_cl/iemocap/causal_benchmark/val_ses03.yaml,23,yaml_reference,configs/baselines/multidag_cl/iemocap/causal_benchmark/val_ses03.yaml,YES,NO,NO,YES,train_config_path: configs/baselines/multidag_cl/iemocap/causal_benchmark/val_ses03.yaml
configs/pipeline/multidag_cl/iemocap/causal_benchmark/val_ses04.yaml,23,yaml_reference,configs/baselines/multidag_cl/iemocap/causal_benchmark/val_ses04.yaml,YES,NO,NO,YES,train_config_path: configs/baselines/multidag_cl/iemocap/causal_benchmark/val_ses04.yaml
configs/pipeline/multidag_cl/iemocap/clean_roberta_v1/val_ses01.yaml,38,yaml_reference,configs/baselines/multidag_cl/iemocap/clean_roberta_v1/val_ses01.yaml,YES,NO,NO,YES,train_config_path: configs/baselines/multidag_cl/iemocap/clean_roberta_v1/val_ses01.yaml
configs/pipeline/multidag_cl/iemocap/clean_roberta_v1/val_ses01.yaml,69,yaml_reference,configs/pipeline/multidag_cl/iemocap/causal_benchmark/val_ses01.yaml,YES,NO,NO,YES,source_config: configs/pipeline/multidag_cl/iemocap/causal_benchmark/val_ses01.yaml
configs/pipeline/multidag_cl/iemocap/clean_roberta_v1/val_ses02.yaml,38,yaml_reference,configs/baselines/multidag_cl/iemocap/clean_roberta_v1/val_ses02.yaml,YES,NO,NO,YES,train_config_path: configs/baselines/multidag_cl/iemocap/clean_roberta_v1/val_ses02.yaml
configs/pipeline/multidag_cl/iemocap/clean_roberta_v1/val_ses02.yaml,69,yaml_reference,configs/pipeline/multidag_cl/iemocap/causal_benchmark/val_ses02.yaml,YES,NO,NO,YES,source_config: configs/pipeline/multidag_cl/iemocap/causal_benchmark/val_ses02.yaml
configs/pipeline/multidag_cl/iemocap/clean_roberta_v1/val_ses03.yaml,38,yaml_reference,configs/baselines/multidag_cl/iemocap/clean_roberta_v1/val_ses03.yaml,YES,NO,NO,YES,train_config_path: configs/baselines/multidag_cl/iemocap/clean_roberta_v1/val_ses03.yaml
configs/pipeline/multidag_cl/iemocap/clean_roberta_v1/val_ses03.yaml,69,yaml_reference,configs/pipeline/multidag_cl/iemocap/causal_benchmark/val_ses03.yaml,YES,NO,NO,YES,source_config: configs/pipeline/multidag_cl/iemocap/causal_benchmark/val_ses03.yaml
configs/pipeline/multidag_cl/iemocap/clean_roberta_v1/val_ses04.yaml,38,yaml_reference,configs/baselines/multidag_cl/iemocap/clean_roberta_v1/val_ses04.yaml,YES,NO,NO,YES,train_config_path: configs/baselines/multidag_cl/iemocap/clean_roberta_v1/val_ses04.yaml
configs/pipeline/multidag_cl/iemocap/clean_roberta_v1/val_ses04.yaml,69,yaml_reference,configs/pipeline/multidag_cl/iemocap/causal_benchmark/val_ses04.yaml,YES,NO,NO,YES,source_config: configs/pipeline/multidag_cl/iemocap/causal_benchmark/val_ses04.yaml
configs/pipeline/multidag_cl/iemocap/debug/context_past_all_causal_tav_smoke.yaml,18,yaml_reference,configs/baselines/multidag_cl/iemocap/debug/context_past_all_causal_tav_smoke.yaml,YES,NO,NO,YES,train_config_path: configs/baselines/multidag_cl/iemocap/debug/context_past_all_causal_tav_smoke.yaml
configs/pipeline/multidag_cl/iemocap/debug/context_w5_tav_quick.yaml,18,yaml_reference,configs/baselines/multidag_cl/iemocap/debug/context_w5_tav_quick.yaml,YES,NO,NO,YES,train_config_path: configs/baselines/multidag_cl/iemocap/debug/context_w5_tav_quick.yaml
configs/pipeline/multidag_cl/iemocap/debug/context_w5_tav_smoke.yaml,18,yaml_reference,configs/baselines/multidag_cl/iemocap/debug/context_w5_tav_smoke.yaml,YES,NO,NO,YES,train_config_path: configs/baselines/multidag_cl/iemocap/debug/context_w5_tav_smoke.yaml
configs/pipeline/multidag_cl/iemocap/formal/context_past_all_causal_tav.yaml,18,yaml_reference,configs/baselines/multidag_cl/iemocap/formal/context_past_all_causal_tav.yaml,YES,NO,NO,YES,train_config_path: configs/baselines/multidag_cl/iemocap/formal/context_past_all_causal_tav.yaml
configs/pipeline/multidag_cl/iemocap/formal/context_w0_tav.yaml,18,yaml_reference,configs/baselines/multidag_cl/iemocap/formal/context_w0_tav.yaml,YES,NO,NO,YES,train_config_path: configs/baselines/multidag_cl/iemocap/formal/context_w0_tav.yaml
configs/pipeline/multidag_cl/iemocap/formal/context_w1_tav.yaml,18,yaml_reference,configs/baselines/multidag_cl/iemocap/formal/context_w1_tav.yaml,YES,NO,NO,YES,train_config_path: configs/baselines/multidag_cl/iemocap/formal/context_w1_tav.yaml
configs/pipeline/multidag_cl/iemocap/formal/context_w3_tav.yaml,18,yaml_reference,configs/baselines/multidag_cl/iemocap/formal/context_w3_tav.yaml,YES,NO,NO,YES,train_config_path: configs/baselines/multidag_cl/iemocap/formal/context_w3_tav.yaml
configs/pipeline/multidag_cl/iemocap/formal/context_w5_tav.yaml,18,yaml_reference,configs/baselines/multidag_cl/iemocap/formal/context_w5_tav.yaml,YES,NO,NO,YES,train_config_path: configs/baselines/multidag_cl/iemocap/formal/context_w5_tav.yaml
configs/pipeline/multidag_cl/iemocap/formal/modality_w5_a.yaml,18,yaml_reference,configs/baselines/multidag_cl/iemocap/formal/modality_w5_a.yaml,YES,NO,NO,YES,train_config_path: configs/baselines/multidag_cl/iemocap/formal/modality_w5_a.yaml
configs/pipeline/multidag_cl/iemocap/formal/modality_w5_av.yaml,18,yaml_reference,configs/baselines/multidag_cl/iemocap/formal/modality_w5_av.yaml,YES,NO,NO,YES,train_config_path: configs/baselines/multidag_cl/iemocap/formal/modality_w5_av.yaml
configs/pipeline/multidag_cl/iemocap/formal/modality_w5_t.yaml,18,yaml_reference,configs/baselines/multidag_cl/iemocap/formal/modality_w5_t.yaml,YES,NO,NO,YES,train_config_path: configs/baselines/multidag_cl/iemocap/formal/modality_w5_t.yaml
configs/pipeline/multidag_cl/iemocap/formal/modality_w5_ta.yaml,18,yaml_reference,configs/baselines/multidag_cl/iemocap/formal/modality_w5_ta.yaml,YES,NO,NO,YES,train_config_path: configs/baselines/multidag_cl/iemocap/formal/modality_w5_ta.yaml
configs/pipeline/multidag_cl/iemocap/formal/modality_w5_tav.yaml,18,yaml_reference,configs/baselines/multidag_cl/iemocap/formal/modality_w5_tav.yaml,YES,NO,NO,YES,train_config_path: configs/baselines/multidag_cl/iemocap/formal/modality_w5_tav.yaml
configs/pipeline/multidag_cl/iemocap/formal/modality_w5_tv.yaml,18,yaml_reference,configs/baselines/multidag_cl/iemocap/formal/modality_w5_tv.yaml,YES,NO,NO,YES,train_config_path: configs/baselines/multidag_cl/iemocap/formal/modality_w5_tv.yaml
configs/pipeline/multidag_cl/iemocap/formal/modality_w5_v.yaml,18,yaml_reference,configs/baselines/multidag_cl/iemocap/formal/modality_w5_v.yaml,YES,NO,NO,YES,train_config_path: configs/baselines/multidag_cl/iemocap/formal/modality_w5_v.yaml
configs/pipeline/multidag_cl/iemocap/loss_stability/context_w5_tav_stable_lr3e4_cosine.yaml,18,yaml_reference,configs/baselines/multidag_cl/iemocap/loss_stability/context_w5_tav_stable_lr3e4_cosine.yaml,YES,NO,NO,YES,train_config_path: configs/baselines/multidag_cl/iemocap/loss_stability/context_w5_tav_stable_lr3e4_cosine.yaml
configs/pipeline/multidag_cl/iemocap/loss_stability/context_w5_tav_stable_lr3e4_earlystop_valloss.yaml,18,yaml_reference,configs/baselines/multidag_cl/iemocap/loss_stability/context_w5_tav_stable_lr3e4_earlystop_valloss.yaml,YES,NO,NO,YES,train_config_path: configs/baselines/multidag_cl/iemocap/loss_stability/context_w5_tav_stable_lr3e4_earlystop_valloss.yaml
configs/pipeline/multidag_cl/iemocap/loss_stability/context_w5_tav_stable_lr3e4_label_smoothing005.yaml,18,yaml_reference,configs/baselines/multidag_cl/iemocap/loss_stability/context_w5_tav_stable_lr3e4_label_smoothing005.yaml,YES,NO,NO,YES,train_config_path: configs/baselines/multidag_cl/iemocap/loss_stability/context_w5_tav_stable_lr3e4_label_smoothing005.yaml
configs/pipeline/multidag_cl/iemocap/loss_stability/context_w5_tav_stable_lr3e4_plateau_valloss.yaml,18,yaml_reference,configs/baselines/multidag_cl/iemocap/loss_stability/context_w5_tav_stable_lr3e4_plateau_valloss.yaml,YES,NO,NO,YES,train_config_path: configs/baselines/multidag_cl/iemocap/loss_stability/context_w5_tav_stable_lr3e4_plateau_valloss.yaml
configs/pipeline/multidag_cl/iemocap/loss_stability/context_w5_tav_stable_lr5e4_plateau_valloss.yaml,18,yaml_reference,configs/baselines/multidag_cl/iemocap/loss_stability/context_w5_tav_stable_lr5e4_plateau_valloss.yaml,YES,NO,NO,YES,train_config_path: configs/baselines/multidag_cl/iemocap/loss_stability/context_w5_tav_stable_lr5e4_plateau_valloss.yaml
configs/pipeline/multidag_cl/iemocap/stabilize/context_past_all_causal_tav_stable_candidate.yaml,18,yaml_reference,configs/baselines/multidag_cl/iemocap/stabilize/context_past_all_causal_tav_stable_candidate.yaml,YES,NO,NO,YES,train_config_path: configs/baselines/multidag_cl/iemocap/stabilize/context_past_all_causal_tav_stable_candidate.yaml
configs/pipeline/multidag_cl/iemocap/stabilize/context_w0_tav_stable_candidate.yaml,18,yaml_reference,configs/baselines/multidag_cl/iemocap/stabilize/context_w0_tav_stable_candidate.yaml,YES,NO,NO,YES,train_config_path: configs/baselines/multidag_cl/iemocap/stabilize/context_w0_tav_stable_candidate.yaml
configs/pipeline/multidag_cl/iemocap/stabilize/context_w3_tav_stable_candidate.yaml,18,yaml_reference,configs/baselines/multidag_cl/iemocap/stabilize/context_w3_tav_stable_candidate.yaml,YES,NO,NO,YES,train_config_path: configs/baselines/multidag_cl/iemocap/stabilize/context_w3_tav_stable_candidate.yaml
configs/pipeline/multidag_cl/iemocap/stabilize/context_w5_tav_dropout01.yaml,18,yaml_reference,configs/baselines/multidag_cl/iemocap/stabilize/context_w5_tav_dropout01.yaml,YES,NO,NO,YES,train_config_path: configs/baselines/multidag_cl/iemocap/stabilize/context_w5_tav_dropout01.yaml
configs/pipeline/multidag_cl/iemocap/stabilize/context_w5_tav_dropout02.yaml,18,yaml_reference,configs/baselines/multidag_cl/iemocap/stabilize/context_w5_tav_dropout02.yaml,YES,NO,NO,YES,train_config_path: configs/baselines/multidag_cl/iemocap/stabilize/context_w5_tav_dropout02.yaml
configs/pipeline/multidag_cl/iemocap/stabilize/context_w5_tav_graph1.yaml,18,yaml_reference,configs/baselines/multidag_cl/iemocap/stabilize/context_w5_tav_graph1.yaml,YES,NO,NO,YES,train_config_path: configs/baselines/multidag_cl/iemocap/stabilize/context_w5_tav_graph1.yaml
configs/pipeline/multidag_cl/iemocap/stabilize/context_w5_tav_linear_encoder.yaml,18,yaml_reference,configs/baselines/multidag_cl/iemocap/stabilize/context_w5_tav_linear_encoder.yaml,YES,NO,NO,YES,train_config_path: configs/baselines/multidag_cl/iemocap/stabilize/context_w5_tav_linear_encoder.yaml
configs/pipeline/multidag_cl/iemocap/stabilize/context_w5_tav_lr3e4.yaml,18,yaml_reference,configs/baselines/multidag_cl/iemocap/stabilize/context_w5_tav_lr3e4.yaml,YES,NO,NO,YES,train_config_path: configs/baselines/multidag_cl/iemocap/stabilize/context_w5_tav_lr3e4.yaml
configs/pipeline/multidag_cl/iemocap/stabilize/context_w5_tav_lr5e4.yaml,18,yaml_reference,configs/baselines/multidag_cl/iemocap/stabilize/context_w5_tav_lr5e4.yaml,YES,NO,NO,YES,train_config_path: configs/baselines/multidag_cl/iemocap/stabilize/context_w5_tav_lr5e4.yaml
configs/pipeline/multidag_cl/iemocap/stabilize/context_w5_tav_stable_candidate.yaml,18,yaml_reference,configs/baselines/multidag_cl/iemocap/stabilize/context_w5_tav_stable_candidate.yaml,YES,NO,NO,YES,train_config_path: configs/baselines/multidag_cl/iemocap/stabilize/context_w5_tav_stable_candidate.yaml
docs/active_modalities_design.md,198,dynamic_pattern,configs/modality_ablation/,DYNAMIC,YES,NO,YES,"Dynamic config path logic; update the pattern, not invented concrete files."
docs/active_modalities_design.md,507,active_doc,configs/modality_ablation/m3ed_mmgcn_TA.yaml,NO,NO,NO,NO,train_config_path: configs/modality_ablation/m3ed_mmgcn_TA.yaml
docs/baselines/baseline_rescreen_report.md,48,dynamic_pattern,?? configs/smoke/,DYNAMIC,YES,YES,NO,"Dynamic config path logic; update the pattern, not invented concrete files."
docs/baselines/causal_baseline_readiness_report.md,52,historical_doc,configs/train_mmgcn_iemocap_official.yaml,YES,NO,YES,NO,`configs/train_mmgcn_iemocap_official.yaml` remains `full` and old
docs/baselines/causal_benchmark_review_tool_notes.md,5,historical_doc,configs/analysis/causal_benchmark_8run_review.yaml,YES,NO,YES,NO,`scripts/analyze/summarize_causal_benchmark_runs.py` audits the four MMGCN and four MultiDAG-inspired causal benchmark runs listed in `configs/analysis/causal_benchmark_8run_review.yaml`. It also compares the earlier duplicate MultiDAG Ses01 run with the configured formal Ses01 candidate.
docs/baselines/causal_benchmark_review_tool_notes.md,15,historical_doc,configs/analysis/causal_benchmark_8run_review.yaml,YES,NO,YES,NO,--config configs/analysis/causal_benchmark_8run_review.yaml
docs/baselines/causal_benchmark_review_tool_notes.md,22,historical_doc,configs/analysis/causal_benchmark_8run_review.yaml,YES,NO,YES,NO,--config configs/analysis/causal_benchmark_8run_review.yaml \
docs/baselines/causal_dialoguegcn_port_notes.md,109,historical_doc,configs/smoke/causal_dialoguegcn_iemocap_synthetic.yaml,YES,NO,YES,NO,"`context_mode` must equal `causal`. `window_future>0`, `bidirectional=True`, and `nodal_attention=full` raise. The synthetic IEMOCAP interface config is `configs/smoke/causal_dialoguegcn_iemocap_synthetic.yaml`."
docs/baselines/causal_gsmcc_port_notes.md,126,historical_doc,configs/smoke/causal_gsmcc_iemocap_synthetic.yaml,YES,NO,YES,NO,"`context_mode` must equal `causal`. `window_future>0`, `bidirectional=True`, and `nodal_attention=full` raise exceptions. The synthetic IEMOCAP interface config is `configs/smoke/causal_gsmcc_iemocap_synthetic.yaml`."
docs/baselines/configs_cleanup_audit.md,18,historical_doc,configs/analysis/multi_run_final_analysis.yaml,YES,NO,YES,NO,configs/analysis/multi_run_final_analysis.yaml
docs/baselines/configs_cleanup_audit.md,19,historical_doc,configs/analysis/multi_run_training_curves.yaml,YES,NO,YES,NO,configs/analysis/multi_run_training_curves.yaml
docs/baselines/configs_cleanup_audit.md,20,historical_doc,configs/analysis/multidag_cl/iemocap/context_compare.yaml,YES,NO,YES,NO,configs/analysis/multidag_cl/iemocap/context_compare.yaml
docs/baselines/configs_cleanup_audit.md,21,historical_doc,configs/analysis/multidag_cl/iemocap/core_results_compare.yaml,YES,NO,YES,NO,configs/analysis/multidag_cl/iemocap/core_results_compare.yaml
docs/baselines/configs_cleanup_audit.md,22,historical_doc,configs/analysis/multidag_cl/iemocap/modality_compare.yaml,YES,NO,YES,NO,configs/analysis/multidag_cl/iemocap/modality_compare.yaml
docs/baselines/configs_cleanup_audit.md,23,historical_doc,configs/analysis/multidag_cl/iemocap/stabilization_20260709_compare.yaml,YES,NO,YES,NO,configs/analysis/multidag_cl/iemocap/stabilization_20260709_compare.yaml
docs/baselines/configs_cleanup_audit.md,24,historical_doc,configs/analysis/multidag_cl_iemocap_context_compare.yaml,NO,NO,YES,NO,configs/analysis/multidag_cl_iemocap_context_compare.yaml
docs/baselines/configs_cleanup_audit.md,25,historical_doc,configs/analysis/multidag_cl_iemocap_modality_compare.yaml,NO,NO,YES,NO,configs/analysis/multidag_cl_iemocap_modality_compare.yaml
docs/baselines/configs_cleanup_audit.md,26,historical_doc,configs/baselines/multidag_cl/iemocap/debug/context_past_all_causal_tav_smoke.yaml,YES,NO,YES,NO,configs/baselines/multidag_cl/iemocap/debug/context_past_all_causal_tav_smoke.yaml
docs/baselines/configs_cleanup_audit.md,27,historical_doc,configs/baselines/multidag_cl/iemocap/debug/context_w5_tav_quick.yaml,YES,NO,YES,NO,configs/baselines/multidag_cl/iemocap/debug/context_w5_tav_quick.yaml
docs/baselines/configs_cleanup_audit.md,28,historical_doc,configs/baselines/multidag_cl/iemocap/debug/context_w5_tav_smoke.yaml,YES,NO,YES,NO,configs/baselines/multidag_cl/iemocap/debug/context_w5_tav_smoke.yaml
docs/baselines/configs_cleanup_audit.md,29,historical_doc,configs/baselines/multidag_cl/iemocap/formal/context_past_all_causal_tav.yaml,YES,NO,YES,NO,configs/baselines/multidag_cl/iemocap/formal/context_past_all_causal_tav.yaml
docs/baselines/configs_cleanup_audit.md,30,historical_doc,configs/baselines/multidag_cl/iemocap/formal/context_w0_tav.yaml,YES,NO,YES,NO,configs/baselines/multidag_cl/iemocap/formal/context_w0_tav.yaml
docs/baselines/configs_cleanup_audit.md,31,historical_doc,configs/baselines/multidag_cl/iemocap/formal/context_w1_tav.yaml,YES,NO,YES,NO,configs/baselines/multidag_cl/iemocap/formal/context_w1_tav.yaml
docs/baselines/configs_cleanup_audit.md,32,historical_doc,configs/baselines/multidag_cl/iemocap/formal/context_w3_tav.yaml,YES,NO,YES,NO,configs/baselines/multidag_cl/iemocap/formal/context_w3_tav.yaml
docs/baselines/configs_cleanup_audit.md,33,historical_doc,configs/baselines/multidag_cl/iemocap/formal/context_w5_tav.yaml,YES,NO,YES,NO,configs/baselines/multidag_cl/iemocap/formal/context_w5_tav.yaml
docs/baselines/configs_cleanup_audit.md,34,historical_doc,configs/baselines/multidag_cl/iemocap/formal/modality_w5_a.yaml,YES,NO,YES,NO,configs/baselines/multidag_cl/iemocap/formal/modality_w5_a.yaml
docs/baselines/configs_cleanup_audit.md,35,historical_doc,configs/baselines/multidag_cl/iemocap/formal/modality_w5_av.yaml,YES,NO,YES,NO,configs/baselines/multidag_cl/iemocap/formal/modality_w5_av.yaml
docs/baselines/configs_cleanup_audit.md,36,historical_doc,configs/baselines/multidag_cl/iemocap/formal/modality_w5_t.yaml,YES,NO,YES,NO,configs/baselines/multidag_cl/iemocap/formal/modality_w5_t.yaml
docs/baselines/configs_cleanup_audit.md,37,historical_doc,configs/baselines/multidag_cl/iemocap/formal/modality_w5_ta.yaml,YES,NO,YES,NO,configs/baselines/multidag_cl/iemocap/formal/modality_w5_ta.yaml
docs/baselines/configs_cleanup_audit.md,38,historical_doc,configs/baselines/multidag_cl/iemocap/formal/modality_w5_tav.yaml,YES,NO,YES,NO,configs/baselines/multidag_cl/iemocap/formal/modality_w5_tav.yaml
docs/baselines/configs_cleanup_audit.md,39,historical_doc,configs/baselines/multidag_cl/iemocap/formal/modality_w5_tv.yaml,YES,NO,YES,NO,configs/baselines/multidag_cl/iemocap/formal/modality_w5_tv.yaml
docs/baselines/configs_cleanup_audit.md,40,historical_doc,configs/baselines/multidag_cl/iemocap/formal/modality_w5_v.yaml,YES,NO,YES,NO,configs/baselines/multidag_cl/iemocap/formal/modality_w5_v.yaml
docs/baselines/configs_cleanup_audit.md,41,historical_doc,configs/baselines/multidag_cl/iemocap/stabilize/context_w5_tav_dropout01.yaml,YES,NO,YES,NO,configs/baselines/multidag_cl/iemocap/stabilize/context_w5_tav_dropout01.yaml
docs/baselines/configs_cleanup_audit.md,42,historical_doc,configs/baselines/multidag_cl/iemocap/stabilize/context_w5_tav_dropout02.yaml,YES,NO,YES,NO,configs/baselines/multidag_cl/iemocap/stabilize/context_w5_tav_dropout02.yaml
docs/baselines/configs_cleanup_audit.md,43,historical_doc,configs/baselines/multidag_cl/iemocap/stabilize/context_w5_tav_graph1.yaml,YES,NO,YES,NO,configs/baselines/multidag_cl/iemocap/stabilize/context_w5_tav_graph1.yaml
docs/baselines/configs_cleanup_audit.md,44,historical_doc,configs/baselines/multidag_cl/iemocap/stabilize/context_w5_tav_linear_encoder.yaml,YES,NO,YES,NO,configs/baselines/multidag_cl/iemocap/stabilize/context_w5_tav_linear_encoder.yaml
docs/baselines/configs_cleanup_audit.md,45,historical_doc,configs/baselines/multidag_cl/iemocap/stabilize/context_w5_tav_lr3e4.yaml,YES,NO,YES,NO,configs/baselines/multidag_cl/iemocap/stabilize/context_w5_tav_lr3e4.yaml
docs/baselines/configs_cleanup_audit.md,46,historical_doc,configs/baselines/multidag_cl/iemocap/stabilize/context_w5_tav_lr5e4.yaml,YES,NO,YES,NO,configs/baselines/multidag_cl/iemocap/stabilize/context_w5_tav_lr5e4.yaml
docs/baselines/configs_cleanup_audit.md,47,historical_doc,configs/baselines/multidag_cl/iemocap/stabilize/context_w5_tav_stable_candidate.yaml,YES,NO,YES,NO,configs/baselines/multidag_cl/iemocap/stabilize/context_w5_tav_stable_candidate.yaml
docs/baselines/configs_cleanup_audit.md,48,historical_doc,configs/baselines/multidag_cl/iemocap_multidag_cl_causal_smoke.yaml,NO,NO,YES,NO,configs/baselines/multidag_cl/iemocap_multidag_cl_causal_smoke.yaml
docs/baselines/configs_cleanup_audit.md,49,historical_doc,configs/baselines/multidag_cl/iemocap_multidag_cl_causal_w0.yaml,NO,NO,YES,NO,configs/baselines/multidag_cl/iemocap_multidag_cl_causal_w0.yaml
docs/baselines/configs_cleanup_audit.md,50,historical_doc,configs/baselines/multidag_cl/iemocap_multidag_cl_causal_w1.yaml,NO,NO,YES,NO,configs/baselines/multidag_cl/iemocap_multidag_cl_causal_w1.yaml
docs/baselines/configs_cleanup_audit.md,51,historical_doc,configs/baselines/multidag_cl/iemocap_multidag_cl_causal_w3.yaml,NO,NO,YES,NO,configs/baselines/multidag_cl/iemocap_multidag_cl_causal_w3.yaml
docs/baselines/configs_cleanup_audit.md,52,historical_doc,configs/baselines/multidag_cl/iemocap_multidag_cl_causal_w5.yaml,NO,NO,YES,NO,configs/baselines/multidag_cl/iemocap_multidag_cl_causal_w5.yaml
docs/baselines/configs_cleanup_audit.md,53,historical_doc,configs/baselines/multidag_cl/iemocap_multidag_cl_causal_w5_audio_only.yaml,NO,NO,YES,NO,configs/baselines/multidag_cl/iemocap_multidag_cl_causal_w5_audio_only.yaml
docs/baselines/configs_cleanup_audit.md,54,historical_doc,configs/baselines/multidag_cl/iemocap_multidag_cl_causal_w5_audio_visual.yaml,NO,NO,YES,NO,configs/baselines/multidag_cl/iemocap_multidag_cl_causal_w5_audio_visual.yaml
docs/baselines/configs_cleanup_audit.md,55,historical_doc,configs/baselines/multidag_cl/iemocap_multidag_cl_causal_w5_quick.yaml,NO,NO,YES,NO,configs/baselines/multidag_cl/iemocap_multidag_cl_causal_w5_quick.yaml
docs/baselines/configs_cleanup_audit.md,56,historical_doc,configs/baselines/multidag_cl/iemocap_multidag_cl_causal_w5_text_audio.yaml,NO,NO,YES,NO,configs/baselines/multidag_cl/iemocap_multidag_cl_causal_w5_text_audio.yaml
docs/baselines/configs_cleanup_audit.md,57,historical_doc,configs/baselines/multidag_cl/iemocap_multidag_cl_causal_w5_text_only.yaml,NO,NO,YES,NO,configs/baselines/multidag_cl/iemocap_multidag_cl_causal_w5_text_only.yaml
docs/baselines/configs_cleanup_audit.md,58,historical_doc,configs/baselines/multidag_cl/iemocap_multidag_cl_causal_w5_text_visual.yaml,NO,NO,YES,NO,configs/baselines/multidag_cl/iemocap_multidag_cl_causal_w5_text_visual.yaml
docs/baselines/configs_cleanup_audit.md,59,historical_doc,configs/baselines/multidag_cl/iemocap_multidag_cl_causal_w5_visual_only.yaml,NO,NO,YES,NO,configs/baselines/multidag_cl/iemocap_multidag_cl_causal_w5_visual_only.yaml
docs/baselines/configs_cleanup_audit.md,60,historical_doc,configs/baselines/multidag_cl/iemocap_multidag_cl_full_smoke.yaml,NO,NO,YES,NO,configs/baselines/multidag_cl/iemocap_multidag_cl_full_smoke.yaml
docs/baselines/configs_cleanup_audit.md,61,historical_doc,configs/baselines/multidag_cl/iemocap_multidag_cl_past_all_causal.yaml,NO,NO,YES,NO,configs/baselines/multidag_cl/iemocap_multidag_cl_past_all_causal.yaml
docs/baselines/configs_cleanup_audit.md,62,historical_doc,configs/modality_ablation/m3ed/mmgcn/train_mmgcn_m3ed_A.yaml,YES,NO,YES,NO,configs/modality_ablation/m3ed/mmgcn/train_mmgcn_m3ed_A.yaml
docs/baselines/configs_cleanup_audit.md,63,historical_doc,configs/modality_ablation/m3ed/mmgcn/train_mmgcn_m3ed_AV.yaml,YES,NO,YES,NO,configs/modality_ablation/m3ed/mmgcn/train_mmgcn_m3ed_AV.yaml
docs/baselines/configs_cleanup_audit.md,64,historical_doc,configs/modality_ablation/m3ed/mmgcn/train_mmgcn_m3ed_T.yaml,YES,NO,YES,NO,configs/modality_ablation/m3ed/mmgcn/train_mmgcn_m3ed_T.yaml
docs/baselines/configs_cleanup_audit.md,65,historical_doc,configs/modality_ablation/m3ed/mmgcn/train_mmgcn_m3ed_TA.yaml,YES,NO,YES,NO,configs/modality_ablation/m3ed/mmgcn/train_mmgcn_m3ed_TA.yaml
docs/baselines/configs_cleanup_audit.md,66,historical_doc,configs/modality_ablation/m3ed/mmgcn/train_mmgcn_m3ed_TAV.yaml,YES,NO,YES,NO,configs/modality_ablation/m3ed/mmgcn/train_mmgcn_m3ed_TAV.yaml
docs/baselines/configs_cleanup_audit.md,67,historical_doc,configs/modality_ablation/m3ed/mmgcn/train_mmgcn_m3ed_TV.yaml,YES,NO,YES,NO,configs/modality_ablation/m3ed/mmgcn/train_mmgcn_m3ed_TV.yaml
docs/baselines/configs_cleanup_audit.md,68,historical_doc,configs/modality_ablation/m3ed/mmgcn/train_mmgcn_m3ed_V.yaml,YES,NO,YES,NO,configs/modality_ablation/m3ed/mmgcn/train_mmgcn_m3ed_V.yaml
docs/baselines/configs_cleanup_audit.md,69,historical_doc,configs/modality_ablation/train_mmgcn_iemocap_official_TA_smoke.yaml,YES,NO,YES,NO,configs/modality_ablation/train_mmgcn_iemocap_official_TA_smoke.yaml
docs/baselines/configs_cleanup_audit.md,70,historical_doc,configs/pipeline/iemocap_multidag_cl_causal_smoke_pipeline.yaml,NO,NO,YES,NO,configs/pipeline/iemocap_multidag_cl_causal_smoke_pipeline.yaml
docs/baselines/configs_cleanup_audit.md,71,historical_doc,configs/pipeline/iemocap_multidag_cl_full_smoke_pipeline.yaml,NO,NO,YES,NO,configs/pipeline/iemocap_multidag_cl_full_smoke_pipeline.yaml
docs/baselines/configs_cleanup_audit.md,72,historical_doc,configs/pipeline/mmgcn_pipeline.yaml,YES,NO,YES,NO,configs/pipeline/mmgcn_pipeline.yaml
docs/baselines/configs_cleanup_audit.md,73,historical_doc,configs/pipeline/mmgcn_pipeline_analyze.yaml,YES,NO,YES,NO,configs/pipeline/mmgcn_pipeline_analyze.yaml
docs/baselines/configs_cleanup_audit.md,74,historical_doc,configs/pipeline/mmgcn_pipeline_m3ed.yaml,YES,NO,YES,NO,configs/pipeline/mmgcn_pipeline_m3ed.yaml
docs/baselines/configs_cleanup_audit.md,75,historical_doc,configs/pipeline/multidag_cl/iemocap/debug/context_past_all_causal_tav_smoke.yaml,YES,NO,YES,NO,configs/pipeline/multidag_cl/iemocap/debug/context_past_all_causal_tav_smoke.yaml
docs/baselines/configs_cleanup_audit.md,76,historical_doc,configs/pipeline/multidag_cl/iemocap/debug/context_w5_tav_quick.yaml,YES,NO,YES,NO,configs/pipeline/multidag_cl/iemocap/debug/context_w5_tav_quick.yaml
docs/baselines/configs_cleanup_audit.md,77,historical_doc,configs/pipeline/multidag_cl/iemocap/debug/context_w5_tav_smoke.yaml,YES,NO,YES,NO,configs/pipeline/multidag_cl/iemocap/debug/context_w5_tav_smoke.yaml
docs/baselines/configs_cleanup_audit.md,78,historical_doc,configs/pipeline/multidag_cl/iemocap/formal/context_past_all_causal_tav.yaml,YES,NO,YES,NO,configs/pipeline/multidag_cl/iemocap/formal/context_past_all_causal_tav.yaml
docs/baselines/configs_cleanup_audit.md,79,historical_doc,configs/pipeline/multidag_cl/iemocap/formal/context_w0_tav.yaml,YES,NO,YES,NO,configs/pipeline/multidag_cl/iemocap/formal/context_w0_tav.yaml
docs/baselines/configs_cleanup_audit.md,80,historical_doc,configs/pipeline/multidag_cl/iemocap/formal/context_w1_tav.yaml,YES,NO,YES,NO,configs/pipeline/multidag_cl/iemocap/formal/context_w1_tav.yaml
docs/baselines/configs_cleanup_audit.md,81,historical_doc,configs/pipeline/multidag_cl/iemocap/formal/context_w3_tav.yaml,YES,NO,YES,NO,configs/pipeline/multidag_cl/iemocap/formal/context_w3_tav.yaml
docs/baselines/configs_cleanup_audit.md,82,historical_doc,configs/pipeline/multidag_cl/iemocap/formal/context_w5_tav.yaml,YES,NO,YES,NO,configs/pipeline/multidag_cl/iemocap/formal/context_w5_tav.yaml
docs/baselines/configs_cleanup_audit.md,83,historical_doc,configs/pipeline/multidag_cl/iemocap/formal/modality_w5_a.yaml,YES,NO,YES,NO,configs/pipeline/multidag_cl/iemocap/formal/modality_w5_a.yaml
docs/baselines/configs_cleanup_audit.md,84,historical_doc,configs/pipeline/multidag_cl/iemocap/formal/modality_w5_av.yaml,YES,NO,YES,NO,configs/pipeline/multidag_cl/iemocap/formal/modality_w5_av.yaml
docs/baselines/configs_cleanup_audit.md,85,historical_doc,configs/pipeline/multidag_cl/iemocap/formal/modality_w5_t.yaml,YES,NO,YES,NO,configs/pipeline/multidag_cl/iemocap/formal/modality_w5_t.yaml
docs/baselines/configs_cleanup_audit.md,86,historical_doc,configs/pipeline/multidag_cl/iemocap/formal/modality_w5_ta.yaml,YES,NO,YES,NO,configs/pipeline/multidag_cl/iemocap/formal/modality_w5_ta.yaml
docs/baselines/configs_cleanup_audit.md,87,historical_doc,configs/pipeline/multidag_cl/iemocap/formal/modality_w5_tav.yaml,YES,NO,YES,NO,configs/pipeline/multidag_cl/iemocap/formal/modality_w5_tav.yaml
docs/baselines/configs_cleanup_audit.md,88,historical_doc,configs/pipeline/multidag_cl/iemocap/formal/modality_w5_tv.yaml,YES,NO,YES,NO,configs/pipeline/multidag_cl/iemocap/formal/modality_w5_tv.yaml
docs/baselines/configs_cleanup_audit.md,89,historical_doc,configs/pipeline/multidag_cl/iemocap/formal/modality_w5_v.yaml,YES,NO,YES,NO,configs/pipeline/multidag_cl/iemocap/formal/modality_w5_v.yaml
docs/baselines/configs_cleanup_audit.md,90,historical_doc,configs/pipeline/multidag_cl/iemocap/missing/missing_eval_from_context_w5_tav.yaml,YES,NO,YES,NO,configs/pipeline/multidag_cl/iemocap/missing/missing_eval_from_context_w5_tav.yaml
docs/baselines/configs_cleanup_audit.md,91,historical_doc,configs/pipeline/multidag_cl/iemocap/stabilize/context_w5_tav_dropout01.yaml,YES,NO,YES,NO,configs/pipeline/multidag_cl/iemocap/stabilize/context_w5_tav_dropout01.yaml
docs/baselines/configs_cleanup_audit.md,92,historical_doc,configs/pipeline/multidag_cl/iemocap/stabilize/context_w5_tav_dropout02.yaml,YES,NO,YES,NO,configs/pipeline/multidag_cl/iemocap/stabilize/context_w5_tav_dropout02.yaml
docs/baselines/configs_cleanup_audit.md,93,historical_doc,configs/pipeline/multidag_cl/iemocap/stabilize/context_w5_tav_graph1.yaml,YES,NO,YES,NO,configs/pipeline/multidag_cl/iemocap/stabilize/context_w5_tav_graph1.yaml
docs/baselines/configs_cleanup_audit.md,94,historical_doc,configs/pipeline/multidag_cl/iemocap/stabilize/context_w5_tav_linear_encoder.yaml,YES,NO,YES,NO,configs/pipeline/multidag_cl/iemocap/stabilize/context_w5_tav_linear_encoder.yaml
docs/baselines/configs_cleanup_audit.md,95,historical_doc,configs/pipeline/multidag_cl/iemocap/stabilize/context_w5_tav_lr3e4.yaml,YES,NO,YES,NO,configs/pipeline/multidag_cl/iemocap/stabilize/context_w5_tav_lr3e4.yaml
docs/baselines/configs_cleanup_audit.md,96,historical_doc,configs/pipeline/multidag_cl/iemocap/stabilize/context_w5_tav_lr5e4.yaml,YES,NO,YES,NO,configs/pipeline/multidag_cl/iemocap/stabilize/context_w5_tav_lr5e4.yaml
docs/baselines/configs_cleanup_audit.md,97,historical_doc,configs/pipeline/multidag_cl/iemocap/stabilize/context_w5_tav_stable_candidate.yaml,YES,NO,YES,NO,configs/pipeline/multidag_cl/iemocap/stabilize/context_w5_tav_stable_candidate.yaml
docs/baselines/configs_cleanup_audit.md,98,historical_doc,configs/pipeline/multidag_cl_iemocap_context_past_all.yaml,NO,NO,YES,NO,configs/pipeline/multidag_cl_iemocap_context_past_all.yaml
docs/baselines/configs_cleanup_audit.md,99,historical_doc,configs/pipeline/multidag_cl_iemocap_context_w0.yaml,NO,NO,YES,NO,configs/pipeline/multidag_cl_iemocap_context_w0.yaml
docs/baselines/configs_cleanup_audit.md,100,historical_doc,configs/pipeline/multidag_cl_iemocap_context_w1.yaml,NO,NO,YES,NO,configs/pipeline/multidag_cl_iemocap_context_w1.yaml
docs/baselines/configs_cleanup_audit.md,101,historical_doc,configs/pipeline/multidag_cl_iemocap_context_w3.yaml,NO,NO,YES,NO,configs/pipeline/multidag_cl_iemocap_context_w3.yaml
docs/baselines/configs_cleanup_audit.md,102,historical_doc,configs/pipeline/multidag_cl_iemocap_context_w5.yaml,NO,NO,YES,NO,configs/pipeline/multidag_cl_iemocap_context_w5.yaml
docs/baselines/configs_cleanup_audit.md,103,historical_doc,configs/pipeline/multidag_cl_iemocap_context_w5_quick.yaml,NO,NO,YES,NO,configs/pipeline/multidag_cl_iemocap_context_w5_quick.yaml
docs/baselines/configs_cleanup_audit.md,104,historical_doc,configs/pipeline/multidag_cl_iemocap_modality_audio_only.yaml,NO,NO,YES,NO,configs/pipeline/multidag_cl_iemocap_modality_audio_only.yaml
docs/baselines/configs_cleanup_audit.md,105,historical_doc,configs/pipeline/multidag_cl_iemocap_modality_audio_visual.yaml,NO,NO,YES,NO,configs/pipeline/multidag_cl_iemocap_modality_audio_visual.yaml
docs/baselines/configs_cleanup_audit.md,106,historical_doc,configs/pipeline/multidag_cl_iemocap_modality_text_audio.yaml,NO,NO,YES,NO,configs/pipeline/multidag_cl_iemocap_modality_text_audio.yaml
docs/baselines/configs_cleanup_audit.md,107,historical_doc,configs/pipeline/multidag_cl_iemocap_modality_text_only.yaml,NO,NO,YES,NO,configs/pipeline/multidag_cl_iemocap_modality_text_only.yaml
docs/baselines/configs_cleanup_audit.md,108,historical_doc,configs/pipeline/multidag_cl_iemocap_modality_text_visual.yaml,NO,NO,YES,NO,configs/pipeline/multidag_cl_iemocap_modality_text_visual.yaml
docs/baselines/configs_cleanup_audit.md,109,historical_doc,configs/pipeline/multidag_cl_iemocap_modality_visual_only.yaml,NO,NO,YES,NO,configs/pipeline/multidag_cl_iemocap_modality_visual_only.yaml
docs/baselines/configs_cleanup_audit.md,110,historical_doc,configs/pipeline/multidag_cl_iemocap_w5_missing_modalities.yaml,NO,NO,YES,NO,configs/pipeline/multidag_cl_iemocap_w5_missing_modalities.yaml
docs/baselines/configs_cleanup_audit.md,111,historical_doc,configs/smoke/train_mmgcn_smoke.yaml,YES,NO,YES,NO,configs/smoke/train_mmgcn_smoke.yaml
docs/baselines/configs_cleanup_audit.md,112,historical_doc,configs/smoke/train_multidag_cl_smoke.yaml,YES,NO,YES,NO,configs/smoke/train_multidag_cl_smoke.yaml
docs/baselines/configs_cleanup_audit.md,113,historical_doc,configs/train_mmgcn_iemocap_official.yaml,YES,NO,YES,NO,configs/train_mmgcn_iemocap_official.yaml
docs/baselines/configs_cleanup_audit.md,114,historical_doc,configs/train_mmgcn_m3ed.yaml,YES,NO,YES,NO,configs/train_mmgcn_m3ed.yaml
docs/baselines/configs_cleanup_audit.md,115,historical_doc,configs/train_mmgcn_m3ed_causal.yaml,YES,NO,YES,NO,configs/train_mmgcn_m3ed_causal.yaml
docs/baselines/configs_cleanup_audit.md,116,historical_doc,configs/train_simple_mlp_m3ed.yaml,YES,NO,YES,NO,configs/train_simple_mlp_m3ed.yaml
docs/baselines/configs_cleanup_audit.md,132,historical_doc,configs/baselines/multidag_cl/iemocap/debug/context_past_all_causal_tav_smoke.yaml,YES,NO,YES,NO,"- `configs/baselines/multidag_cl/iemocap/debug/context_past_all_causal_tav_smoke.yaml` - minimal debug smoke, canonical replacement for old full smoke."
docs/baselines/configs_cleanup_audit.md,133,historical_doc,configs/baselines/multidag_cl/iemocap/debug/context_w5_tav_quick.yaml,YES,NO,YES,NO,- `configs/baselines/multidag_cl/iemocap/debug/context_w5_tav_quick.yaml` - short debug run without formal caps.
docs/baselines/configs_cleanup_audit.md,134,historical_doc,configs/baselines/multidag_cl/iemocap/debug/context_w5_tav_smoke.yaml,YES,NO,YES,NO,- `configs/baselines/multidag_cl/iemocap/debug/context_w5_tav_smoke.yaml` - minimal debug smoke for causal w5.
docs/baselines/configs_cleanup_audit.md,135,historical_doc,configs/baselines/multidag_cl/iemocap/formal/context_past_all_causal_tav.yaml,YES,NO,YES,NO,- `configs/baselines/multidag_cl/iemocap/formal/context_past_all_causal_tav.yaml` - formal all-past causal context condition.
docs/baselines/configs_cleanup_audit.md,136,historical_doc,configs/baselines/multidag_cl/iemocap/formal/context_w0_tav.yaml,YES,NO,YES,NO,- `configs/baselines/multidag_cl/iemocap/formal/context_w0_tav.yaml` - formal current-utterance context condition.
docs/baselines/configs_cleanup_audit.md,137,historical_doc,configs/baselines/multidag_cl/iemocap/formal/context_w1_tav.yaml,YES,NO,YES,NO,- `configs/baselines/multidag_cl/iemocap/formal/context_w1_tav.yaml` - formal causal window 1 condition.
docs/baselines/configs_cleanup_audit.md,138,historical_doc,configs/baselines/multidag_cl/iemocap/formal/context_w3_tav.yaml,YES,NO,YES,NO,- `configs/baselines/multidag_cl/iemocap/formal/context_w3_tav.yaml` - formal causal window 3 condition.
docs/baselines/configs_cleanup_audit.md,139,historical_doc,configs/baselines/multidag_cl/iemocap/formal/context_w5_tav.yaml,YES,NO,YES,NO,- `configs/baselines/multidag_cl/iemocap/formal/context_w5_tav.yaml` - formal causal window 5 condition.
docs/baselines/configs_cleanup_audit.md,140,historical_doc,configs/baselines/multidag_cl/iemocap/formal/modality_w5_a.yaml,YES,NO,YES,NO,- `configs/baselines/multidag_cl/iemocap/formal/modality_w5_a.yaml` - formal from-scratch audio-only modality condition.
docs/baselines/configs_cleanup_audit.md,141,historical_doc,configs/baselines/multidag_cl/iemocap/formal/modality_w5_av.yaml,YES,NO,YES,NO,- `configs/baselines/multidag_cl/iemocap/formal/modality_w5_av.yaml` - formal from-scratch audio+visual modality condition.
docs/baselines/configs_cleanup_audit.md,142,historical_doc,configs/baselines/multidag_cl/iemocap/formal/modality_w5_t.yaml,YES,NO,YES,NO,- `configs/baselines/multidag_cl/iemocap/formal/modality_w5_t.yaml` - formal from-scratch text-only modality condition.
docs/baselines/configs_cleanup_audit.md,143,historical_doc,configs/baselines/multidag_cl/iemocap/formal/modality_w5_ta.yaml,YES,NO,YES,NO,- `configs/baselines/multidag_cl/iemocap/formal/modality_w5_ta.yaml` - formal from-scratch text+audio modality condition.
docs/baselines/configs_cleanup_audit.md,144,historical_doc,configs/baselines/multidag_cl/iemocap/formal/modality_w5_tav.yaml,YES,NO,YES,NO,- `configs/baselines/multidag_cl/iemocap/formal/modality_w5_tav.yaml` - formal full TAV modality condition.
docs/baselines/configs_cleanup_audit.md,145,historical_doc,configs/baselines/multidag_cl/iemocap/formal/modality_w5_tv.yaml,YES,NO,YES,NO,- `configs/baselines/multidag_cl/iemocap/formal/modality_w5_tv.yaml` - formal from-scratch text+visual modality condition.
docs/baselines/configs_cleanup_audit.md,146,historical_doc,configs/baselines/multidag_cl/iemocap/formal/modality_w5_v.yaml,YES,NO,YES,NO,- `configs/baselines/multidag_cl/iemocap/formal/modality_w5_v.yaml` - formal from-scratch visual-only modality condition.
docs/baselines/configs_cleanup_audit.md,147,historical_doc,configs/baselines/multidag_cl/iemocap/stabilize/context_w5_tav_dropout01.yaml,YES,NO,YES,NO,- `configs/baselines/multidag_cl/iemocap/stabilize/context_w5_tav_dropout01.yaml` - completed 20260709 stabilization ablation.
docs/baselines/configs_cleanup_audit.md,148,historical_doc,configs/baselines/multidag_cl/iemocap/stabilize/context_w5_tav_dropout02.yaml,YES,NO,YES,NO,- `configs/baselines/multidag_cl/iemocap/stabilize/context_w5_tav_dropout02.yaml` - completed 20260709 stabilization ablation.
docs/baselines/configs_cleanup_audit.md,149,historical_doc,configs/baselines/multidag_cl/iemocap/stabilize/context_w5_tav_graph1.yaml,YES,NO,YES,NO,- `configs/baselines/multidag_cl/iemocap/stabilize/context_w5_tav_graph1.yaml` - completed 20260709 stabilization ablation.
docs/baselines/configs_cleanup_audit.md,150,historical_doc,configs/baselines/multidag_cl/iemocap/stabilize/context_w5_tav_linear_encoder.yaml,YES,NO,YES,NO,- `configs/baselines/multidag_cl/iemocap/stabilize/context_w5_tav_linear_encoder.yaml` - completed 20260709 stabilization ablation.
docs/baselines/configs_cleanup_audit.md,151,historical_doc,configs/baselines/multidag_cl/iemocap/stabilize/context_w5_tav_lr3e4.yaml,YES,NO,YES,NO,- `configs/baselines/multidag_cl/iemocap/stabilize/context_w5_tav_lr3e4.yaml` - completed 20260709 stabilization ablation.
docs/baselines/configs_cleanup_audit.md,152,historical_doc,configs/baselines/multidag_cl/iemocap/stabilize/context_w5_tav_lr5e4.yaml,YES,NO,YES,NO,- `configs/baselines/multidag_cl/iemocap/stabilize/context_w5_tav_lr5e4.yaml` - completed 20260709 stabilization ablation.
docs/baselines/configs_cleanup_audit.md,153,historical_doc,configs/baselines/multidag_cl/iemocap/stabilize/context_w5_tav_stable_candidate.yaml,YES,NO,YES,NO,- `configs/baselines/multidag_cl/iemocap/stabilize/context_w5_tav_stable_candidate.yaml` - best single-seed stable candidate from 20260709.
docs/baselines/configs_cleanup_audit.md,157,historical_doc,configs/pipeline/multidag_cl/iemocap/debug/context_past_all_causal_tav_smoke.yaml,YES,NO,YES,NO,- `configs/pipeline/multidag_cl/iemocap/debug/context_past_all_causal_tav_smoke.yaml` - canonical debug smoke pipeline.
docs/baselines/configs_cleanup_audit.md,158,historical_doc,configs/pipeline/multidag_cl/iemocap/debug/context_w5_tav_quick.yaml,YES,NO,YES,NO,- `configs/pipeline/multidag_cl/iemocap/debug/context_w5_tav_quick.yaml` - canonical quick pipeline.
docs/baselines/configs_cleanup_audit.md,159,historical_doc,configs/pipeline/multidag_cl/iemocap/debug/context_w5_tav_smoke.yaml,YES,NO,YES,NO,- `configs/pipeline/multidag_cl/iemocap/debug/context_w5_tav_smoke.yaml` - canonical debug smoke pipeline.
docs/baselines/configs_cleanup_audit.md,160,historical_doc,configs/pipeline/multidag_cl/iemocap/formal/context_past_all_causal_tav.yaml,YES,NO,YES,NO,- `configs/pipeline/multidag_cl/iemocap/formal/context_past_all_causal_tav.yaml` - formal context pipeline.
docs/baselines/configs_cleanup_audit.md,161,historical_doc,configs/pipeline/multidag_cl/iemocap/formal/context_w0_tav.yaml,YES,NO,YES,NO,- `configs/pipeline/multidag_cl/iemocap/formal/context_w0_tav.yaml` - formal context pipeline.
docs/baselines/configs_cleanup_audit.md,162,historical_doc,configs/pipeline/multidag_cl/iemocap/formal/context_w1_tav.yaml,YES,NO,YES,NO,- `configs/pipeline/multidag_cl/iemocap/formal/context_w1_tav.yaml` - formal context pipeline.
docs/baselines/configs_cleanup_audit.md,163,historical_doc,configs/pipeline/multidag_cl/iemocap/formal/context_w3_tav.yaml,YES,NO,YES,NO,- `configs/pipeline/multidag_cl/iemocap/formal/context_w3_tav.yaml` - formal context pipeline.
docs/baselines/configs_cleanup_audit.md,164,historical_doc,configs/pipeline/multidag_cl/iemocap/formal/context_w5_tav.yaml,YES,NO,YES,NO,- `configs/pipeline/multidag_cl/iemocap/formal/context_w5_tav.yaml` - formal context pipeline.
docs/baselines/configs_cleanup_audit.md,165,historical_doc,configs/pipeline/multidag_cl/iemocap/formal/modality_w5_a.yaml,YES,NO,YES,NO,- `configs/pipeline/multidag_cl/iemocap/formal/modality_w5_a.yaml` - formal modality pipeline.
docs/baselines/configs_cleanup_audit.md,166,historical_doc,configs/pipeline/multidag_cl/iemocap/formal/modality_w5_av.yaml,YES,NO,YES,NO,- `configs/pipeline/multidag_cl/iemocap/formal/modality_w5_av.yaml` - formal modality pipeline.
docs/baselines/configs_cleanup_audit.md,167,historical_doc,configs/pipeline/multidag_cl/iemocap/formal/modality_w5_t.yaml,YES,NO,YES,NO,- `configs/pipeline/multidag_cl/iemocap/formal/modality_w5_t.yaml` - formal modality pipeline.
docs/baselines/configs_cleanup_audit.md,168,historical_doc,configs/pipeline/multidag_cl/iemocap/formal/modality_w5_ta.yaml,YES,NO,YES,NO,- `configs/pipeline/multidag_cl/iemocap/formal/modality_w5_ta.yaml` - formal modality pipeline.
docs/baselines/configs_cleanup_audit.md,169,historical_doc,configs/pipeline/multidag_cl/iemocap/formal/modality_w5_tav.yaml,YES,NO,YES,NO,- `configs/pipeline/multidag_cl/iemocap/formal/modality_w5_tav.yaml` - formal modality pipeline.
docs/baselines/configs_cleanup_audit.md,170,historical_doc,configs/pipeline/multidag_cl/iemocap/formal/modality_w5_tv.yaml,YES,NO,YES,NO,- `configs/pipeline/multidag_cl/iemocap/formal/modality_w5_tv.yaml` - formal modality pipeline.
docs/baselines/configs_cleanup_audit.md,171,historical_doc,configs/pipeline/multidag_cl/iemocap/formal/modality_w5_v.yaml,YES,NO,YES,NO,- `configs/pipeline/multidag_cl/iemocap/formal/modality_w5_v.yaml` - formal modality pipeline.
docs/baselines/configs_cleanup_audit.md,172,historical_doc,configs/pipeline/multidag_cl/iemocap/missing/missing_eval_from_context_w5_tav.yaml,YES,NO,YES,NO,- `configs/pipeline/multidag_cl/iemocap/missing/missing_eval_from_context_w5_tav.yaml` - test-time missing-modality evaluation for the original formal w5 TAV checkpoint.
docs/baselines/configs_cleanup_audit.md,173,historical_doc,configs/pipeline/multidag_cl/iemocap/stabilize/context_w5_tav_dropout01.yaml,YES,NO,YES,NO,- `configs/pipeline/multidag_cl/iemocap/stabilize/context_w5_tav_dropout01.yaml` - completed stabilization pipeline.
docs/baselines/configs_cleanup_audit.md,174,historical_doc,configs/pipeline/multidag_cl/iemocap/stabilize/context_w5_tav_dropout02.yaml,YES,NO,YES,NO,- `configs/pipeline/multidag_cl/iemocap/stabilize/context_w5_tav_dropout02.yaml` - completed stabilization pipeline.
docs/baselines/configs_cleanup_audit.md,175,historical_doc,configs/pipeline/multidag_cl/iemocap/stabilize/context_w5_tav_graph1.yaml,YES,NO,YES,NO,- `configs/pipeline/multidag_cl/iemocap/stabilize/context_w5_tav_graph1.yaml` - completed stabilization pipeline.
docs/baselines/configs_cleanup_audit.md,176,historical_doc,configs/pipeline/multidag_cl/iemocap/stabilize/context_w5_tav_linear_encoder.yaml,YES,NO,YES,NO,- `configs/pipeline/multidag_cl/iemocap/stabilize/context_w5_tav_linear_encoder.yaml` - completed stabilization pipeline.
docs/baselines/configs_cleanup_audit.md,177,historical_doc,configs/pipeline/multidag_cl/iemocap/stabilize/context_w5_tav_lr3e4.yaml,YES,NO,YES,NO,- `configs/pipeline/multidag_cl/iemocap/stabilize/context_w5_tav_lr3e4.yaml` - completed stabilization pipeline.
docs/baselines/configs_cleanup_audit.md,178,historical_doc,configs/pipeline/multidag_cl/iemocap/stabilize/context_w5_tav_lr5e4.yaml,YES,NO,YES,NO,- `configs/pipeline/multidag_cl/iemocap/stabilize/context_w5_tav_lr5e4.yaml` - completed stabilization pipeline.
docs/baselines/configs_cleanup_audit.md,179,historical_doc,configs/pipeline/multidag_cl/iemocap/stabilize/context_w5_tav_stable_candidate.yaml,YES,NO,YES,NO,- `configs/pipeline/multidag_cl/iemocap/stabilize/context_w5_tav_stable_candidate.yaml` - completed stable-candidate pipeline.
docs/baselines/configs_cleanup_audit.md,183,historical_doc,configs/analysis/multi_run_final_analysis.yaml,YES,NO,YES,NO,- `configs/analysis/multi_run_final_analysis.yaml` - generic multi-run final-analysis template outside the MultiDAG cleanup scope.
docs/baselines/configs_cleanup_audit.md,184,historical_doc,configs/analysis/multi_run_training_curves.yaml,YES,NO,YES,NO,- `configs/analysis/multi_run_training_curves.yaml` - generic multi-run training-curve template outside the MultiDAG cleanup scope.
docs/baselines/configs_cleanup_audit.md,185,historical_doc,configs/analysis/multidag_cl/iemocap/context_compare.yaml,YES,NO,YES,NO,- `configs/analysis/multidag_cl/iemocap/context_compare.yaml` - canonical formal context comparison template.
docs/baselines/configs_cleanup_audit.md,186,historical_doc,configs/analysis/multidag_cl/iemocap/core_results_compare.yaml,YES,NO,YES,NO,- `configs/analysis/multidag_cl/iemocap/core_results_compare.yaml` - canonical core results comparison template.
docs/baselines/configs_cleanup_audit.md,187,historical_doc,configs/analysis/multidag_cl/iemocap/modality_compare.yaml,YES,NO,YES,NO,- `configs/analysis/multidag_cl/iemocap/modality_compare.yaml` - canonical formal modality comparison template.
docs/baselines/configs_cleanup_audit.md,188,historical_doc,configs/analysis/multidag_cl/iemocap/stabilization_20260709_compare.yaml,YES,NO,YES,NO,- `configs/analysis/multidag_cl/iemocap/stabilization_20260709_compare.yaml` - completed stabilization comparison config.
docs/baselines/configs_cleanup_audit.md,192,historical_doc,configs/modality_ablation/m3ed/mmgcn/train_mmgcn_m3ed_A.yaml,YES,NO,YES,NO,- `configs/modality_ablation/m3ed/mmgcn/train_mmgcn_m3ed_A.yaml` - MMGCN modality-ablation config outside this cleanup scope.
docs/baselines/configs_cleanup_audit.md,193,historical_doc,configs/modality_ablation/m3ed/mmgcn/train_mmgcn_m3ed_AV.yaml,YES,NO,YES,NO,- `configs/modality_ablation/m3ed/mmgcn/train_mmgcn_m3ed_AV.yaml` - MMGCN modality-ablation config outside this cleanup scope.
docs/baselines/configs_cleanup_audit.md,194,historical_doc,configs/modality_ablation/m3ed/mmgcn/train_mmgcn_m3ed_T.yaml,YES,NO,YES,NO,- `configs/modality_ablation/m3ed/mmgcn/train_mmgcn_m3ed_T.yaml` - MMGCN modality-ablation config outside this cleanup scope.
docs/baselines/configs_cleanup_audit.md,195,historical_doc,configs/modality_ablation/m3ed/mmgcn/train_mmgcn_m3ed_TA.yaml,YES,NO,YES,NO,- `configs/modality_ablation/m3ed/mmgcn/train_mmgcn_m3ed_TA.yaml` - MMGCN modality-ablation config outside this cleanup scope.
docs/baselines/configs_cleanup_audit.md,196,historical_doc,configs/modality_ablation/m3ed/mmgcn/train_mmgcn_m3ed_TAV.yaml,YES,NO,YES,NO,- `configs/modality_ablation/m3ed/mmgcn/train_mmgcn_m3ed_TAV.yaml` - MMGCN modality-ablation config outside this cleanup scope.
docs/baselines/configs_cleanup_audit.md,197,historical_doc,configs/modality_ablation/m3ed/mmgcn/train_mmgcn_m3ed_TV.yaml,YES,NO,YES,NO,- `configs/modality_ablation/m3ed/mmgcn/train_mmgcn_m3ed_TV.yaml` - MMGCN modality-ablation config outside this cleanup scope.
docs/baselines/configs_cleanup_audit.md,198,historical_doc,configs/modality_ablation/m3ed/mmgcn/train_mmgcn_m3ed_V.yaml,YES,NO,YES,NO,- `configs/modality_ablation/m3ed/mmgcn/train_mmgcn_m3ed_V.yaml` - MMGCN modality-ablation config outside this cleanup scope.
docs/baselines/configs_cleanup_audit.md,199,historical_doc,configs/modality_ablation/train_mmgcn_iemocap_official_TA_smoke.yaml,YES,NO,YES,NO,- `configs/modality_ablation/train_mmgcn_iemocap_official_TA_smoke.yaml` - MMGCN/IEMOCAP smoke ablation config outside this cleanup scope.
docs/baselines/configs_cleanup_audit.md,200,historical_doc,configs/pipeline/mmgcn_pipeline.yaml,YES,NO,YES,NO,- `configs/pipeline/mmgcn_pipeline.yaml` - existing MMGCN pipeline config left in place to avoid an unrelated MMGCN path migration.
docs/baselines/configs_cleanup_audit.md,201,historical_doc,configs/pipeline/mmgcn_pipeline_analyze.yaml,YES,NO,YES,NO,- `configs/pipeline/mmgcn_pipeline_analyze.yaml` - existing MMGCN analysis pipeline config left in place.
docs/baselines/configs_cleanup_audit.md,202,historical_doc,configs/pipeline/mmgcn_pipeline_m3ed.yaml,YES,NO,YES,NO,- `configs/pipeline/mmgcn_pipeline_m3ed.yaml` - existing MMGCN M3ED pipeline config left in place.
docs/baselines/configs_cleanup_audit.md,203,historical_doc,configs/smoke/train_mmgcn_smoke.yaml,YES,NO,YES,NO,- `configs/smoke/train_mmgcn_smoke.yaml` - local MMGCN fake-data smoke config.
docs/baselines/configs_cleanup_audit.md,204,historical_doc,configs/smoke/train_multidag_cl_smoke.yaml,YES,NO,YES,NO,- `configs/smoke/train_multidag_cl_smoke.yaml` - local fake-data MultiDAG+CL smoke config still used by `scripts/baselines/train_multidag_cl_smoke.py`.
docs/baselines/configs_cleanup_audit.md,205,historical_doc,configs/train_mmgcn_iemocap_official.yaml,YES,NO,YES,NO,- `configs/train_mmgcn_iemocap_official.yaml` - existing MMGCN formal config left in place.
docs/baselines/configs_cleanup_audit.md,206,historical_doc,configs/train_mmgcn_m3ed.yaml,YES,NO,YES,NO,- `configs/train_mmgcn_m3ed.yaml` - existing MMGCN formal config left in place.
docs/baselines/configs_cleanup_audit.md,207,historical_doc,configs/train_mmgcn_m3ed_causal.yaml,YES,NO,YES,NO,- `configs/train_mmgcn_m3ed_causal.yaml` - existing MMGCN causal config left in place.
docs/baselines/configs_cleanup_audit.md,208,historical_doc,configs/train_simple_mlp_m3ed.yaml,YES,NO,YES,NO,- `configs/train_simple_mlp_m3ed.yaml` - existing SimpleMLP config left in place.
docs/baselines/configs_cleanup_audit.md,219,historical_doc,configs/baselines/multidag_cl/iemocap/stabilize/context_w0_tav_stable_candidate.yaml,YES,NO,YES,NO,- `configs/baselines/multidag_cl/iemocap/stabilize/context_w0_tav_stable_candidate.yaml` - stable-candidate H-R current-utterance context.
docs/baselines/configs_cleanup_audit.md,220,historical_doc,configs/baselines/multidag_cl/iemocap/stabilize/context_w3_tav_stable_candidate.yaml,YES,NO,YES,NO,- `configs/baselines/multidag_cl/iemocap/stabilize/context_w3_tav_stable_candidate.yaml` - stable-candidate H-R causal window 3 context.
docs/baselines/configs_cleanup_audit.md,221,historical_doc,configs/baselines/multidag_cl/iemocap/stabilize/context_past_all_causal_tav_stable_candidate.yaml,YES,NO,YES,NO,- `configs/baselines/multidag_cl/iemocap/stabilize/context_past_all_causal_tav_stable_candidate.yaml` - stable-candidate H-R all-past causal context.
docs/baselines/configs_cleanup_audit.md,222,historical_doc,configs/pipeline/multidag_cl/iemocap/stabilize/context_w0_tav_stable_candidate.yaml,YES,NO,YES,NO,- `configs/pipeline/multidag_cl/iemocap/stabilize/context_w0_tav_stable_candidate.yaml` - pipeline for stable current-utterance context.
docs/baselines/configs_cleanup_audit.md,223,historical_doc,configs/pipeline/multidag_cl/iemocap/stabilize/context_w3_tav_stable_candidate.yaml,YES,NO,YES,NO,- `configs/pipeline/multidag_cl/iemocap/stabilize/context_w3_tav_stable_candidate.yaml` - pipeline for stable causal window 3 context.
docs/baselines/configs_cleanup_audit.md,224,historical_doc,configs/pipeline/multidag_cl/iemocap/stabilize/context_past_all_causal_tav_stable_candidate.yaml,YES,NO,YES,NO,- `configs/pipeline/multidag_cl/iemocap/stabilize/context_past_all_causal_tav_stable_candidate.yaml` - pipeline for stable all-past causal context.
docs/baselines/configs_cleanup_audit.md,225,historical_doc,configs/pipeline/multidag_cl/iemocap/missing/missing_eval_from_stable_context_w5_tav.yaml,YES,NO,YES,NO,- `configs/pipeline/multidag_cl/iemocap/missing/missing_eval_from_stable_context_w5_tav.yaml` - missing-modality evaluation template for the stable w5 checkpoint.
docs/baselines/configs_cleanup_audit.md,226,historical_doc,configs/analysis/multidag_cl/iemocap/stable_context_compare.yaml,YES,NO,YES,NO,- `configs/analysis/multidag_cl/iemocap/stable_context_compare.yaml` - stable-candidate context comparison template.
docs/baselines/configs_cleanup_audit.md,232,historical_doc,configs/baselines/multidag_cl/iemocap_multidag_cl_causal_smoke.yaml,NO,NO,YES,NO,- `configs/baselines/multidag_cl/iemocap_multidag_cl_causal_smoke.yaml` - replaced by `configs/baselines/multidag_cl/iemocap/debug/context_w5_tav_smoke.yaml`.
docs/baselines/configs_cleanup_audit.md,232,historical_doc,configs/baselines/multidag_cl/iemocap/debug/context_w5_tav_smoke.yaml,YES,NO,YES,NO,- `configs/baselines/multidag_cl/iemocap_multidag_cl_causal_smoke.yaml` - replaced by `configs/baselines/multidag_cl/iemocap/debug/context_w5_tav_smoke.yaml`.
docs/baselines/configs_cleanup_audit.md,233,historical_doc,configs/baselines/multidag_cl/iemocap_multidag_cl_full_smoke.yaml,NO,NO,YES,NO,- `configs/baselines/multidag_cl/iemocap_multidag_cl_full_smoke.yaml` - replaced by `configs/baselines/multidag_cl/iemocap/debug/context_past_all_causal_tav_smoke.yaml`.
docs/baselines/configs_cleanup_audit.md,233,historical_doc,configs/baselines/multidag_cl/iemocap/debug/context_past_all_causal_tav_smoke.yaml,YES,NO,YES,NO,- `configs/baselines/multidag_cl/iemocap_multidag_cl_full_smoke.yaml` - replaced by `configs/baselines/multidag_cl/iemocap/debug/context_past_all_causal_tav_smoke.yaml`.
docs/baselines/configs_cleanup_audit.md,234,historical_doc,configs/baselines/multidag_cl/iemocap_multidag_cl_causal_w0.yaml,NO,NO,YES,NO,- `configs/baselines/multidag_cl/iemocap_multidag_cl_causal_w0.yaml` - replaced by `configs/baselines/multidag_cl/iemocap/formal/context_w0_tav.yaml`.
docs/baselines/configs_cleanup_audit.md,234,historical_doc,configs/baselines/multidag_cl/iemocap/formal/context_w0_tav.yaml,YES,NO,YES,NO,- `configs/baselines/multidag_cl/iemocap_multidag_cl_causal_w0.yaml` - replaced by `configs/baselines/multidag_cl/iemocap/formal/context_w0_tav.yaml`.
docs/baselines/configs_cleanup_audit.md,235,historical_doc,configs/baselines/multidag_cl/iemocap_multidag_cl_causal_w1.yaml,NO,NO,YES,NO,- `configs/baselines/multidag_cl/iemocap_multidag_cl_causal_w1.yaml` - replaced by `configs/baselines/multidag_cl/iemocap/formal/context_w1_tav.yaml`.
docs/baselines/configs_cleanup_audit.md,235,historical_doc,configs/baselines/multidag_cl/iemocap/formal/context_w1_tav.yaml,YES,NO,YES,NO,- `configs/baselines/multidag_cl/iemocap_multidag_cl_causal_w1.yaml` - replaced by `configs/baselines/multidag_cl/iemocap/formal/context_w1_tav.yaml`.
docs/baselines/configs_cleanup_audit.md,236,historical_doc,configs/baselines/multidag_cl/iemocap_multidag_cl_causal_w3.yaml,NO,NO,YES,NO,- `configs/baselines/multidag_cl/iemocap_multidag_cl_causal_w3.yaml` - replaced by `configs/baselines/multidag_cl/iemocap/formal/context_w3_tav.yaml`.
docs/baselines/configs_cleanup_audit.md,236,historical_doc,configs/baselines/multidag_cl/iemocap/formal/context_w3_tav.yaml,YES,NO,YES,NO,- `configs/baselines/multidag_cl/iemocap_multidag_cl_causal_w3.yaml` - replaced by `configs/baselines/multidag_cl/iemocap/formal/context_w3_tav.yaml`.
docs/baselines/configs_cleanup_audit.md,237,historical_doc,configs/baselines/multidag_cl/iemocap_multidag_cl_causal_w5.yaml,NO,NO,YES,NO,- `configs/baselines/multidag_cl/iemocap_multidag_cl_causal_w5.yaml` - replaced by `configs/baselines/multidag_cl/iemocap/formal/context_w5_tav.yaml`.
docs/baselines/configs_cleanup_audit.md,237,historical_doc,configs/baselines/multidag_cl/iemocap/formal/context_w5_tav.yaml,YES,NO,YES,NO,- `configs/baselines/multidag_cl/iemocap_multidag_cl_causal_w5.yaml` - replaced by `configs/baselines/multidag_cl/iemocap/formal/context_w5_tav.yaml`.
docs/baselines/configs_cleanup_audit.md,238,historical_doc,configs/baselines/multidag_cl/iemocap_multidag_cl_past_all_causal.yaml,NO,NO,YES,NO,- `configs/baselines/multidag_cl/iemocap_multidag_cl_past_all_causal.yaml` - replaced by `configs/baselines/multidag_cl/iemocap/formal/context_past_all_causal_tav.yaml`.
docs/baselines/configs_cleanup_audit.md,238,historical_doc,configs/baselines/multidag_cl/iemocap/formal/context_past_all_causal_tav.yaml,YES,NO,YES,NO,- `configs/baselines/multidag_cl/iemocap_multidag_cl_past_all_causal.yaml` - replaced by `configs/baselines/multidag_cl/iemocap/formal/context_past_all_causal_tav.yaml`.
docs/baselines/configs_cleanup_audit.md,239,historical_doc,configs/baselines/multidag_cl/iemocap_multidag_cl_causal_w5_quick.yaml,NO,NO,YES,NO,- `configs/baselines/multidag_cl/iemocap_multidag_cl_causal_w5_quick.yaml` - replaced by `configs/baselines/multidag_cl/iemocap/debug/context_w5_tav_quick.yaml`.
docs/baselines/configs_cleanup_audit.md,239,historical_doc,configs/baselines/multidag_cl/iemocap/debug/context_w5_tav_quick.yaml,YES,NO,YES,NO,- `configs/baselines/multidag_cl/iemocap_multidag_cl_causal_w5_quick.yaml` - replaced by `configs/baselines/multidag_cl/iemocap/debug/context_w5_tav_quick.yaml`.
docs/baselines/configs_cleanup_audit.md,240,historical_doc,configs/baselines/multidag_cl/iemocap_multidag_cl_causal_w5_text_only.yaml,NO,NO,YES,NO,- `configs/baselines/multidag_cl/iemocap_multidag_cl_causal_w5_text_only.yaml` - replaced by `configs/baselines/multidag_cl/iemocap/formal/modality_w5_t.yaml`.
docs/baselines/configs_cleanup_audit.md,240,historical_doc,configs/baselines/multidag_cl/iemocap/formal/modality_w5_t.yaml,YES,NO,YES,NO,- `configs/baselines/multidag_cl/iemocap_multidag_cl_causal_w5_text_only.yaml` - replaced by `configs/baselines/multidag_cl/iemocap/formal/modality_w5_t.yaml`.
docs/baselines/configs_cleanup_audit.md,241,historical_doc,configs/baselines/multidag_cl/iemocap_multidag_cl_causal_w5_audio_only.yaml,NO,NO,YES,NO,- `configs/baselines/multidag_cl/iemocap_multidag_cl_causal_w5_audio_only.yaml` - replaced by `configs/baselines/multidag_cl/iemocap/formal/modality_w5_a.yaml`.
docs/baselines/configs_cleanup_audit.md,241,historical_doc,configs/baselines/multidag_cl/iemocap/formal/modality_w5_a.yaml,YES,NO,YES,NO,- `configs/baselines/multidag_cl/iemocap_multidag_cl_causal_w5_audio_only.yaml` - replaced by `configs/baselines/multidag_cl/iemocap/formal/modality_w5_a.yaml`.
docs/baselines/configs_cleanup_audit.md,242,historical_doc,configs/baselines/multidag_cl/iemocap_multidag_cl_causal_w5_visual_only.yaml,NO,NO,YES,NO,- `configs/baselines/multidag_cl/iemocap_multidag_cl_causal_w5_visual_only.yaml` - replaced by `configs/baselines/multidag_cl/iemocap/formal/modality_w5_v.yaml`.
docs/baselines/configs_cleanup_audit.md,242,historical_doc,configs/baselines/multidag_cl/iemocap/formal/modality_w5_v.yaml,YES,NO,YES,NO,- `configs/baselines/multidag_cl/iemocap_multidag_cl_causal_w5_visual_only.yaml` - replaced by `configs/baselines/multidag_cl/iemocap/formal/modality_w5_v.yaml`.
docs/baselines/configs_cleanup_audit.md,243,historical_doc,configs/baselines/multidag_cl/iemocap_multidag_cl_causal_w5_text_audio.yaml,NO,NO,YES,NO,- `configs/baselines/multidag_cl/iemocap_multidag_cl_causal_w5_text_audio.yaml` - replaced by `configs/baselines/multidag_cl/iemocap/formal/modality_w5_ta.yaml`.
docs/baselines/configs_cleanup_audit.md,243,historical_doc,configs/baselines/multidag_cl/iemocap/formal/modality_w5_ta.yaml,YES,NO,YES,NO,- `configs/baselines/multidag_cl/iemocap_multidag_cl_causal_w5_text_audio.yaml` - replaced by `configs/baselines/multidag_cl/iemocap/formal/modality_w5_ta.yaml`.
docs/baselines/configs_cleanup_audit.md,244,historical_doc,configs/baselines/multidag_cl/iemocap_multidag_cl_causal_w5_text_visual.yaml,NO,NO,YES,NO,- `configs/baselines/multidag_cl/iemocap_multidag_cl_causal_w5_text_visual.yaml` - replaced by `configs/baselines/multidag_cl/iemocap/formal/modality_w5_tv.yaml`.
docs/baselines/configs_cleanup_audit.md,244,historical_doc,configs/baselines/multidag_cl/iemocap/formal/modality_w5_tv.yaml,YES,NO,YES,NO,- `configs/baselines/multidag_cl/iemocap_multidag_cl_causal_w5_text_visual.yaml` - replaced by `configs/baselines/multidag_cl/iemocap/formal/modality_w5_tv.yaml`.
docs/baselines/configs_cleanup_audit.md,245,historical_doc,configs/baselines/multidag_cl/iemocap_multidag_cl_causal_w5_audio_visual.yaml,NO,NO,YES,NO,- `configs/baselines/multidag_cl/iemocap_multidag_cl_causal_w5_audio_visual.yaml` - replaced by `configs/baselines/multidag_cl/iemocap/formal/modality_w5_av.yaml`.
docs/baselines/configs_cleanup_audit.md,245,historical_doc,configs/baselines/multidag_cl/iemocap/formal/modality_w5_av.yaml,YES,NO,YES,NO,- `configs/baselines/multidag_cl/iemocap_multidag_cl_causal_w5_audio_visual.yaml` - replaced by `configs/baselines/multidag_cl/iemocap/formal/modality_w5_av.yaml`.
docs/baselines/configs_cleanup_audit.md,249,historical_doc,configs/pipeline/iemocap_multidag_cl_causal_smoke_pipeline.yaml,NO,NO,YES,NO,- `configs/pipeline/iemocap_multidag_cl_causal_smoke_pipeline.yaml` - replaced by `configs/pipeline/multidag_cl/iemocap/debug/context_w5_tav_smoke.yaml`.
docs/baselines/configs_cleanup_audit.md,249,historical_doc,configs/pipeline/multidag_cl/iemocap/debug/context_w5_tav_smoke.yaml,YES,NO,YES,NO,- `configs/pipeline/iemocap_multidag_cl_causal_smoke_pipeline.yaml` - replaced by `configs/pipeline/multidag_cl/iemocap/debug/context_w5_tav_smoke.yaml`.
docs/baselines/configs_cleanup_audit.md,250,historical_doc,configs/pipeline/iemocap_multidag_cl_full_smoke_pipeline.yaml,NO,NO,YES,NO,- `configs/pipeline/iemocap_multidag_cl_full_smoke_pipeline.yaml` - replaced by `configs/pipeline/multidag_cl/iemocap/debug/context_past_all_causal_tav_smoke.yaml`.
docs/baselines/configs_cleanup_audit.md,250,historical_doc,configs/pipeline/multidag_cl/iemocap/debug/context_past_all_causal_tav_smoke.yaml,YES,NO,YES,NO,- `configs/pipeline/iemocap_multidag_cl_full_smoke_pipeline.yaml` - replaced by `configs/pipeline/multidag_cl/iemocap/debug/context_past_all_causal_tav_smoke.yaml`.
docs/baselines/configs_cleanup_audit.md,251,historical_doc,configs/pipeline/multidag_cl_iemocap_context_w0.yaml,NO,NO,YES,NO,- `configs/pipeline/multidag_cl_iemocap_context_w0.yaml` - replaced by `configs/pipeline/multidag_cl/iemocap/formal/context_w0_tav.yaml`.
docs/baselines/configs_cleanup_audit.md,251,historical_doc,configs/pipeline/multidag_cl/iemocap/formal/context_w0_tav.yaml,YES,NO,YES,NO,- `configs/pipeline/multidag_cl_iemocap_context_w0.yaml` - replaced by `configs/pipeline/multidag_cl/iemocap/formal/context_w0_tav.yaml`.
docs/baselines/configs_cleanup_audit.md,252,historical_doc,configs/pipeline/multidag_cl_iemocap_context_w1.yaml,NO,NO,YES,NO,- `configs/pipeline/multidag_cl_iemocap_context_w1.yaml` - replaced by `configs/pipeline/multidag_cl/iemocap/formal/context_w1_tav.yaml`.
docs/baselines/configs_cleanup_audit.md,252,historical_doc,configs/pipeline/multidag_cl/iemocap/formal/context_w1_tav.yaml,YES,NO,YES,NO,- `configs/pipeline/multidag_cl_iemocap_context_w1.yaml` - replaced by `configs/pipeline/multidag_cl/iemocap/formal/context_w1_tav.yaml`.
docs/baselines/configs_cleanup_audit.md,253,historical_doc,configs/pipeline/multidag_cl_iemocap_context_w3.yaml,NO,NO,YES,NO,- `configs/pipeline/multidag_cl_iemocap_context_w3.yaml` - replaced by `configs/pipeline/multidag_cl/iemocap/formal/context_w3_tav.yaml`.
docs/baselines/configs_cleanup_audit.md,253,historical_doc,configs/pipeline/multidag_cl/iemocap/formal/context_w3_tav.yaml,YES,NO,YES,NO,- `configs/pipeline/multidag_cl_iemocap_context_w3.yaml` - replaced by `configs/pipeline/multidag_cl/iemocap/formal/context_w3_tav.yaml`.
docs/baselines/configs_cleanup_audit.md,254,historical_doc,configs/pipeline/multidag_cl_iemocap_context_w5.yaml,NO,NO,YES,NO,- `configs/pipeline/multidag_cl_iemocap_context_w5.yaml` - replaced by `configs/pipeline/multidag_cl/iemocap/formal/context_w5_tav.yaml`.
docs/baselines/configs_cleanup_audit.md,254,historical_doc,configs/pipeline/multidag_cl/iemocap/formal/context_w5_tav.yaml,YES,NO,YES,NO,- `configs/pipeline/multidag_cl_iemocap_context_w5.yaml` - replaced by `configs/pipeline/multidag_cl/iemocap/formal/context_w5_tav.yaml`.
docs/baselines/configs_cleanup_audit.md,255,historical_doc,configs/pipeline/multidag_cl_iemocap_context_past_all.yaml,NO,NO,YES,NO,- `configs/pipeline/multidag_cl_iemocap_context_past_all.yaml` - replaced by `configs/pipeline/multidag_cl/iemocap/formal/context_past_all_causal_tav.yaml`.
docs/baselines/configs_cleanup_audit.md,255,historical_doc,configs/pipeline/multidag_cl/iemocap/formal/context_past_all_causal_tav.yaml,YES,NO,YES,NO,- `configs/pipeline/multidag_cl_iemocap_context_past_all.yaml` - replaced by `configs/pipeline/multidag_cl/iemocap/formal/context_past_all_causal_tav.yaml`.
docs/baselines/configs_cleanup_audit.md,256,historical_doc,configs/pipeline/multidag_cl_iemocap_context_w5_quick.yaml,NO,NO,YES,NO,- `configs/pipeline/multidag_cl_iemocap_context_w5_quick.yaml` - replaced by `configs/pipeline/multidag_cl/iemocap/debug/context_w5_tav_quick.yaml`.
docs/baselines/configs_cleanup_audit.md,256,historical_doc,configs/pipeline/multidag_cl/iemocap/debug/context_w5_tav_quick.yaml,YES,NO,YES,NO,- `configs/pipeline/multidag_cl_iemocap_context_w5_quick.yaml` - replaced by `configs/pipeline/multidag_cl/iemocap/debug/context_w5_tav_quick.yaml`.
docs/baselines/configs_cleanup_audit.md,257,historical_doc,configs/pipeline/multidag_cl_iemocap_modality_text_only.yaml,NO,NO,YES,NO,- `configs/pipeline/multidag_cl_iemocap_modality_text_only.yaml` - replaced by `configs/pipeline/multidag_cl/iemocap/formal/modality_w5_t.yaml`.
docs/baselines/configs_cleanup_audit.md,257,historical_doc,configs/pipeline/multidag_cl/iemocap/formal/modality_w5_t.yaml,YES,NO,YES,NO,- `configs/pipeline/multidag_cl_iemocap_modality_text_only.yaml` - replaced by `configs/pipeline/multidag_cl/iemocap/formal/modality_w5_t.yaml`.
docs/baselines/configs_cleanup_audit.md,258,historical_doc,configs/pipeline/multidag_cl_iemocap_modality_audio_only.yaml,NO,NO,YES,NO,- `configs/pipeline/multidag_cl_iemocap_modality_audio_only.yaml` - replaced by `configs/pipeline/multidag_cl/iemocap/formal/modality_w5_a.yaml`.
docs/baselines/configs_cleanup_audit.md,258,historical_doc,configs/pipeline/multidag_cl/iemocap/formal/modality_w5_a.yaml,YES,NO,YES,NO,- `configs/pipeline/multidag_cl_iemocap_modality_audio_only.yaml` - replaced by `configs/pipeline/multidag_cl/iemocap/formal/modality_w5_a.yaml`.
docs/baselines/configs_cleanup_audit.md,259,historical_doc,configs/pipeline/multidag_cl_iemocap_modality_visual_only.yaml,NO,NO,YES,NO,- `configs/pipeline/multidag_cl_iemocap_modality_visual_only.yaml` - replaced by `configs/pipeline/multidag_cl/iemocap/formal/modality_w5_v.yaml`.
docs/baselines/configs_cleanup_audit.md,259,historical_doc,configs/pipeline/multidag_cl/iemocap/formal/modality_w5_v.yaml,YES,NO,YES,NO,- `configs/pipeline/multidag_cl_iemocap_modality_visual_only.yaml` - replaced by `configs/pipeline/multidag_cl/iemocap/formal/modality_w5_v.yaml`.
docs/baselines/configs_cleanup_audit.md,260,historical_doc,configs/pipeline/multidag_cl_iemocap_modality_text_audio.yaml,NO,NO,YES,NO,- `configs/pipeline/multidag_cl_iemocap_modality_text_audio.yaml` - replaced by `configs/pipeline/multidag_cl/iemocap/formal/modality_w5_ta.yaml`.
docs/baselines/configs_cleanup_audit.md,260,historical_doc,configs/pipeline/multidag_cl/iemocap/formal/modality_w5_ta.yaml,YES,NO,YES,NO,- `configs/pipeline/multidag_cl_iemocap_modality_text_audio.yaml` - replaced by `configs/pipeline/multidag_cl/iemocap/formal/modality_w5_ta.yaml`.
docs/baselines/configs_cleanup_audit.md,261,historical_doc,configs/pipeline/multidag_cl_iemocap_modality_text_visual.yaml,NO,NO,YES,NO,- `configs/pipeline/multidag_cl_iemocap_modality_text_visual.yaml` - replaced by `configs/pipeline/multidag_cl/iemocap/formal/modality_w5_tv.yaml`.
docs/baselines/configs_cleanup_audit.md,261,historical_doc,configs/pipeline/multidag_cl/iemocap/formal/modality_w5_tv.yaml,YES,NO,YES,NO,- `configs/pipeline/multidag_cl_iemocap_modality_text_visual.yaml` - replaced by `configs/pipeline/multidag_cl/iemocap/formal/modality_w5_tv.yaml`.
docs/baselines/configs_cleanup_audit.md,262,historical_doc,configs/pipeline/multidag_cl_iemocap_modality_audio_visual.yaml,NO,NO,YES,NO,- `configs/pipeline/multidag_cl_iemocap_modality_audio_visual.yaml` - replaced by `configs/pipeline/multidag_cl/iemocap/formal/modality_w5_av.yaml`.
docs/baselines/configs_cleanup_audit.md,262,historical_doc,configs/pipeline/multidag_cl/iemocap/formal/modality_w5_av.yaml,YES,NO,YES,NO,- `configs/pipeline/multidag_cl_iemocap_modality_audio_visual.yaml` - replaced by `configs/pipeline/multidag_cl/iemocap/formal/modality_w5_av.yaml`.
docs/baselines/configs_cleanup_audit.md,263,historical_doc,configs/pipeline/multidag_cl_iemocap_w5_missing_modalities.yaml,NO,NO,YES,NO,- `configs/pipeline/multidag_cl_iemocap_w5_missing_modalities.yaml` - replaced by `configs/pipeline/multidag_cl/iemocap/missing/missing_eval_from_context_w5_tav.yaml`.
docs/baselines/configs_cleanup_audit.md,263,historical_doc,configs/pipeline/multidag_cl/iemocap/missing/missing_eval_from_context_w5_tav.yaml,YES,NO,YES,NO,- `configs/pipeline/multidag_cl_iemocap_w5_missing_modalities.yaml` - replaced by `configs/pipeline/multidag_cl/iemocap/missing/missing_eval_from_context_w5_tav.yaml`.
docs/baselines/configs_cleanup_audit.md,267,historical_doc,configs/analysis/multidag_cl_iemocap_context_compare.yaml,NO,NO,YES,NO,- `configs/analysis/multidag_cl_iemocap_context_compare.yaml` - replaced by `configs/analysis/multidag_cl/iemocap/context_compare.yaml`.
docs/baselines/configs_cleanup_audit.md,267,historical_doc,configs/analysis/multidag_cl/iemocap/context_compare.yaml,YES,NO,YES,NO,- `configs/analysis/multidag_cl_iemocap_context_compare.yaml` - replaced by `configs/analysis/multidag_cl/iemocap/context_compare.yaml`.
docs/baselines/configs_cleanup_audit.md,268,historical_doc,configs/analysis/multidag_cl_iemocap_modality_compare.yaml,NO,NO,YES,NO,- `configs/analysis/multidag_cl_iemocap_modality_compare.yaml` - replaced by `configs/analysis/multidag_cl/iemocap/modality_compare.yaml`.
docs/baselines/configs_cleanup_audit.md,268,historical_doc,configs/analysis/multidag_cl/iemocap/modality_compare.yaml,YES,NO,YES,NO,- `configs/analysis/multidag_cl_iemocap_modality_compare.yaml` - replaced by `configs/analysis/multidag_cl/iemocap/modality_compare.yaml`.
docs/baselines/configs_cleanup_audit.md,281,dynamic_pattern,configs/,DYNAMIC,YES,YES,NO,"Dynamic config path logic; update the pattern, not invented concrete files."
docs/baselines/configs_cleanup_audit.md,430,historical_doc,configs/train_mmgcn_iemocap_official.yaml,YES,NO,YES,NO,- `configs/train_mmgcn_iemocap_official.yaml`
docs/baselines/configs_cleanup_audit.md,431,historical_doc,configs/train_mmgcn_m3ed.yaml,YES,NO,YES,NO,- `configs/train_mmgcn_m3ed.yaml`
docs/baselines/configs_cleanup_audit.md,432,historical_doc,configs/train_mmgcn_m3ed_causal.yaml,YES,NO,YES,NO,- `configs/train_mmgcn_m3ed_causal.yaml`
docs/baselines/configs_cleanup_audit.md,436,historical_doc,configs/pipeline/mmgcn_pipeline.yaml,YES,NO,YES,NO,- `configs/pipeline/mmgcn_pipeline.yaml`
docs/baselines/configs_cleanup_audit.md,437,historical_doc,configs/pipeline/mmgcn_pipeline_analyze.yaml,YES,NO,YES,NO,- `configs/pipeline/mmgcn_pipeline_analyze.yaml`
docs/baselines/configs_cleanup_audit.md,438,historical_doc,configs/pipeline/mmgcn_pipeline_m3ed.yaml,YES,NO,YES,NO,- `configs/pipeline/mmgcn_pipeline_m3ed.yaml`
docs/baselines/configs_cleanup_audit.md,443,historical_doc,configs/smoke/train_mmgcn_smoke.yaml,YES,NO,YES,NO,- `configs/smoke/train_mmgcn_smoke.yaml`
docs/baselines/configs_cleanup_audit.md,444,historical_doc,configs/modality_ablation/m3ed/mmgcn/train_mmgcn_m3ed_A.yaml,YES,NO,YES,NO,- `configs/modality_ablation/m3ed/mmgcn/train_mmgcn_m3ed_A.yaml`
docs/baselines/configs_cleanup_audit.md,445,historical_doc,configs/modality_ablation/m3ed/mmgcn/train_mmgcn_m3ed_AV.yaml,YES,NO,YES,NO,- `configs/modality_ablation/m3ed/mmgcn/train_mmgcn_m3ed_AV.yaml`
docs/baselines/configs_cleanup_audit.md,446,historical_doc,configs/modality_ablation/m3ed/mmgcn/train_mmgcn_m3ed_T.yaml,YES,NO,YES,NO,- `configs/modality_ablation/m3ed/mmgcn/train_mmgcn_m3ed_T.yaml`
docs/baselines/configs_cleanup_audit.md,447,historical_doc,configs/modality_ablation/m3ed/mmgcn/train_mmgcn_m3ed_TA.yaml,YES,NO,YES,NO,- `configs/modality_ablation/m3ed/mmgcn/train_mmgcn_m3ed_TA.yaml`
docs/baselines/configs_cleanup_audit.md,448,historical_doc,configs/modality_ablation/m3ed/mmgcn/train_mmgcn_m3ed_TAV.yaml,YES,NO,YES,NO,- `configs/modality_ablation/m3ed/mmgcn/train_mmgcn_m3ed_TAV.yaml`
docs/baselines/configs_cleanup_audit.md,449,historical_doc,configs/modality_ablation/m3ed/mmgcn/train_mmgcn_m3ed_TV.yaml,YES,NO,YES,NO,- `configs/modality_ablation/m3ed/mmgcn/train_mmgcn_m3ed_TV.yaml`
docs/baselines/configs_cleanup_audit.md,450,historical_doc,configs/modality_ablation/m3ed/mmgcn/train_mmgcn_m3ed_V.yaml,YES,NO,YES,NO,- `configs/modality_ablation/m3ed/mmgcn/train_mmgcn_m3ed_V.yaml`
docs/baselines/configs_cleanup_audit.md,451,historical_doc,configs/modality_ablation/train_mmgcn_iemocap_official_TA_smoke.yaml,YES,NO,YES,NO,- `configs/modality_ablation/train_mmgcn_iemocap_official_TA_smoke.yaml`
docs/baselines/configs_cleanup_audit.md,454,historical_doc,configs/pipeline/mmgcn_pipeline*.yaml,DYNAMIC,YES,YES,NO,paths and `configs/pipeline/mmgcn_pipeline*.yaml` paths were preserved so
docs/baselines/current_merc_model_inventory.md,27,active_doc,configs/train_mmgcn_iemocap_official.yaml,YES,NO,NO,YES,"| MMGCN default/full | `models/baselines/mmgcn/mm_gcn.py::M3EDMMGCN`, `dense_graph.py` | `scripts/train_mmgcn.py` | `scripts/evaluate_checkpoint.py` | `configs/train_mmgcn_iemocap_official.yaml`, M3ED and pipeline YAMLs | M3ED, IEMOCAP, synthetic smoke; T/A/V combinations | **Unconfirmed**: no local formal run artifact; old notes only mention an approximate comparison | `graph.context_mode/window_*` -> train/eval builder -> model -> `build_official_like_multimodal_adjacency`; formal IEMOCAP uses"
docs/baselines/current_merc_model_inventory.md,33,active_doc,configs/train_simple_mlp_m3ed.yaml,YES,NO,NO,YES,| SimpleMLP | `models/baselines/simple_mlp.py::M3EDConcatMLP` | `scripts/train_simple_mlp.py` | Shared `scripts/evaluate_checkpoint.py` | `configs/train_simple_mlp_m3ed.yaml` | M3ED TAV | No formal result; config describes a debug/sanity baseline | No causal parameter; classifier is independent per utterance | No | No graph | No | No | No; validation monitor | Code path complete | `strict_model_causal` |
docs/baselines/iemocap_split_protocol_audit.md,7,historical_doc,configs/baselines/multidag_cl/iemocap/stabilize/context_w5_tav_stable_candidate.yaml,YES,NO,YES,NO,1. `configs/baselines/multidag_cl/iemocap/stabilize/context_w5_tav_stable_candidate.yaml`
docs/baselines/iemocap_split_protocol_audit.md,129,historical_doc,configs/baselines/multidag_cl/iemocap/stabilize/context_w5_tav_stable_candidate.yaml,YES,NO,YES,NO,--config configs/baselines/multidag_cl/iemocap/stabilize/context_w5_tav_stable_candidate.yaml \
docs/baselines/loss_stability_training_audit.md,13,historical_doc,configs/baselines/multidag_cl/iemocap/formal/context_w5_tav.yaml,YES,NO,YES,NO,- `configs/baselines/multidag_cl/iemocap/formal/context_w5_tav.yaml`
docs/baselines/loss_stability_training_audit.md,14,historical_doc,configs/baselines/multidag_cl/iemocap/stabilize/context_w5_tav_stable_candidate.yaml,YES,NO,YES,NO,- `configs/baselines/multidag_cl/iemocap/stabilize/context_w5_tav_stable_candidate.yaml`
docs/baselines/loss_stability_training_audit.md,15,historical_doc,configs/pipeline/multidag_cl/iemocap/stabilize/context_w5_tav_stable_candidate.yaml,YES,NO,YES,NO,- `configs/pipeline/multidag_cl/iemocap/stabilize/context_w5_tav_stable_candidate.yaml`
docs/baselines/loss_stability_training_audit.md,16,historical_doc,configs/pipeline/mmgcn_pipeline.yaml,YES,NO,YES,NO,- `configs/pipeline/mmgcn_pipeline.yaml`
docs/baselines/mmgcn_causal_audit.md,17,historical_doc,configs/train_mmgcn_m3ed_causal.yaml,YES,NO,YES,NO,"| Training config | `configs/train_mmgcn_m3ed_causal.yaml`, `graph` | context/window values | Sets `context_mode: causal`; this M3ED config is marked `skeleton_only`, not a formal IEMOCAP result |"
docs/baselines/mmgcn_causal_audit.md,109,historical_doc,configs/train_mmgcn_iemocap_official.yaml,YES,NO,YES,NO,`configs/train_mmgcn_iemocap_official.yaml` intentionally uses
docs/baselines/multidag_cl_baseline_stabilization_notes.md,67,dynamic_pattern,configs/baselines/multidag_cl/iemocap/stabilize/,DYNAMIC,YES,YES,NO,"Dynamic config path logic; update the pattern, not invented concrete files."
docs/baselines/multidag_cl_baseline_stabilization_notes.md,68,dynamic_pattern,configs/pipeline/multidag_cl/iemocap/stabilize/,DYNAMIC,YES,YES,NO,"Dynamic config path logic; update the pattern, not invented concrete files."
docs/baselines/multidag_cl_baseline_stabilization_notes.md,87,historical_doc,configs/pipeline/multidag_cl/iemocap/stabilize/context_w0_tav_stable_candidate.yaml,YES,NO,YES,NO,configs/pipeline/multidag_cl/iemocap/stabilize/context_w0_tav_stable_candidate.yaml
docs/baselines/multidag_cl_baseline_stabilization_notes.md,88,historical_doc,configs/pipeline/multidag_cl/iemocap/stabilize/context_w3_tav_stable_candidate.yaml,YES,NO,YES,NO,configs/pipeline/multidag_cl/iemocap/stabilize/context_w3_tav_stable_candidate.yaml
docs/baselines/multidag_cl_baseline_stabilization_notes.md,89,historical_doc,configs/pipeline/multidag_cl/iemocap/stabilize/context_w5_tav_stable_candidate.yaml,YES,NO,YES,NO,configs/pipeline/multidag_cl/iemocap/stabilize/context_w5_tav_stable_candidate.yaml
docs/baselines/multidag_cl_baseline_stabilization_notes.md,90,historical_doc,configs/pipeline/multidag_cl/iemocap/stabilize/context_past_all_causal_tav_stable_candidate.yaml,YES,NO,YES,NO,configs/pipeline/multidag_cl/iemocap/stabilize/context_past_all_causal_tav_stable_candidate.yaml
docs/baselines/multidag_cl_baseline_stabilization_notes.md,106,historical_doc,configs/pipeline/multidag_cl/iemocap/stabilize/context_w5_tav_lr5e4.yaml,YES,NO,YES,NO,1. `configs/pipeline/multidag_cl/iemocap/stabilize/context_w5_tav_lr5e4.yaml`
docs/baselines/multidag_cl_baseline_stabilization_notes.md,107,historical_doc,configs/pipeline/multidag_cl/iemocap/stabilize/context_w5_tav_graph1.yaml,YES,NO,YES,NO,2. `configs/pipeline/multidag_cl/iemocap/stabilize/context_w5_tav_graph1.yaml`
docs/baselines/multidag_cl_baseline_stabilization_notes.md,108,historical_doc,configs/pipeline/multidag_cl/iemocap/stabilize/context_w5_tav_stable_candidate.yaml,YES,NO,YES,NO,3. `configs/pipeline/multidag_cl/iemocap/stabilize/context_w5_tav_stable_candidate.yaml`
docs/baselines/multidag_cl_baseline_stabilization_notes.md,118,historical_doc,configs/pipeline/multidag_cl/iemocap/stabilize/context_w0_tav_stable_candidate.yaml,YES,NO,YES,NO,1. `configs/pipeline/multidag_cl/iemocap/stabilize/context_w0_tav_stable_candidate.yaml`
docs/baselines/multidag_cl_baseline_stabilization_notes.md,119,historical_doc,configs/pipeline/multidag_cl/iemocap/stabilize/context_w3_tav_stable_candidate.yaml,YES,NO,YES,NO,2. `configs/pipeline/multidag_cl/iemocap/stabilize/context_w3_tav_stable_candidate.yaml`
docs/baselines/multidag_cl_baseline_stabilization_notes.md,120,historical_doc,configs/pipeline/multidag_cl/iemocap/stabilize/context_past_all_causal_tav_stable_candidate.yaml,YES,NO,YES,NO,3. `configs/pipeline/multidag_cl/iemocap/stabilize/context_past_all_causal_tav_stable_candidate.yaml`
docs/baselines/multidag_cl_baseline_stabilization_notes.md,121,historical_doc,configs/pipeline/multidag_cl/iemocap/missing/missing_eval_from_stable_context_w5_tav.yaml,YES,NO,YES,NO,4. `configs/pipeline/multidag_cl/iemocap/missing/missing_eval_from_stable_context_w5_tav.yaml` after the stable w5 run id is available
docs/baselines/multidag_cl_baseline_stabilization_notes.md,126,historical_doc,configs/analysis/multidag_cl/iemocap/stable_context_compare.yaml,YES,NO,YES,NO,configs/analysis/multidag_cl/iemocap/stable_context_compare.yaml
docs/baselines/multidag_cl_encoder_audit_notes.md,24,historical_doc,configs/smoke/train_multidag_cl_smoke.yaml,YES,NO,YES,NO,- `configs/smoke/train_multidag_cl_smoke.yaml`
docs/baselines/multidag_cl_encoder_audit_notes.md,160,historical_doc,configs/smoke/train_multidag_cl_smoke.yaml,YES,NO,YES,NO,conda run -n m3ed_mmgcn python scripts/baselines/train_multidag_cl_smoke.py --config configs/smoke/train_multidag_cl_smoke.yaml
docs/baselines/multidag_cl_encoder_audit_notes.md,187,historical_doc,configs/train_mmgcn_iemocap_official.yaml,YES,NO,YES,NO,conda run -n m3ed_mmgcn python -B scripts/baselines/debug_multidag_cl_real_batch.py --config configs/train_mmgcn_iemocap_official.yaml --dataset IEMOCAP --split train --batch-size-override 2 --device config
docs/baselines/multidag_cl_encoder_diff_audit_notes.md,10,historical_doc,configs/smoke/train_multidag_cl_smoke.yaml,YES,NO,YES,NO,M configs/smoke/train_multidag_cl_smoke.yaml
docs/baselines/multidag_cl_encoder_diff_audit_notes.md,18,historical_doc,configs/smoke/train_mmgcn_smoke.yaml,YES,NO,YES,NO,?? configs/smoke/train_mmgcn_smoke.yaml
docs/baselines/multidag_cl_encoder_diff_audit_notes.md,72,historical_doc,configs/smoke/train_multidag_cl_smoke.yaml,YES,NO,YES,NO,- `configs/smoke/train_multidag_cl_smoke.yaml`
docs/baselines/multidag_cl_encoder_diff_audit_notes.md,77,historical_doc,configs/smoke/train_multidag_cl_smoke.yaml,YES,NO,YES,NO,M configs/smoke/train_multidag_cl_smoke.yaml
docs/baselines/multidag_cl_encoder_diff_audit_notes.md,85,historical_doc,configs/smoke/train_mmgcn_smoke.yaml,YES,NO,YES,NO,?? configs/smoke/train_mmgcn_smoke.yaml
docs/baselines/multidag_cl_encoder_diff_audit_notes.md,125,historical_doc,configs/smoke/train_multidag_cl_smoke.yaml,YES,NO,YES,NO,- Command: `conda run -n m3ed_mmgcn python scripts/baselines/train_multidag_cl_smoke.py --config configs/smoke/train_multidag_cl_smoke.yaml`
docs/baselines/multidag_cl_formal_run_plan.md,18,dynamic_pattern,configs/baselines/multidag_cl/iemocap/formal/,DYNAMIC,YES,NO,YES,"Dynamic config path logic; update the pattern, not invented concrete files."
docs/baselines/multidag_cl_formal_run_plan.md,19,dynamic_pattern,configs/baselines/multidag_cl/iemocap/debug/,DYNAMIC,YES,NO,YES,"Dynamic config path logic; update the pattern, not invented concrete files."
docs/baselines/multidag_cl_formal_run_plan.md,20,dynamic_pattern,configs/baselines/multidag_cl/iemocap/stabilize/,DYNAMIC,YES,NO,YES,"Dynamic config path logic; update the pattern, not invented concrete files."
docs/baselines/multidag_cl_formal_run_plan.md,26,dynamic_pattern,configs/pipeline/multidag_cl/iemocap/formal/,DYNAMIC,YES,NO,YES,"Dynamic config path logic; update the pattern, not invented concrete files."
docs/baselines/multidag_cl_formal_run_plan.md,27,dynamic_pattern,configs/pipeline/multidag_cl/iemocap/debug/,DYNAMIC,YES,NO,YES,"Dynamic config path logic; update the pattern, not invented concrete files."
docs/baselines/multidag_cl_formal_run_plan.md,28,dynamic_pattern,configs/pipeline/multidag_cl/iemocap/stabilize/,DYNAMIC,YES,NO,YES,"Dynamic config path logic; update the pattern, not invented concrete files."
docs/baselines/multidag_cl_formal_run_plan.md,29,dynamic_pattern,configs/pipeline/multidag_cl/iemocap/missing/,DYNAMIC,YES,NO,YES,"Dynamic config path logic; update the pattern, not invented concrete files."
docs/baselines/multidag_cl_formal_run_plan.md,35,dynamic_pattern,configs/analysis/multidag_cl/iemocap/,DYNAMIC,YES,NO,YES,"Dynamic config path logic; update the pattern, not invented concrete files."
docs/baselines/multidag_cl_formal_run_plan.md,48,active_doc,configs/pipeline/multidag_cl/iemocap/formal/context_w0_tav.yaml,YES,NO,NO,YES,configs/pipeline/multidag_cl/iemocap/formal/context_w0_tav.yaml
docs/baselines/multidag_cl_formal_run_plan.md,49,active_doc,configs/pipeline/multidag_cl/iemocap/formal/context_w1_tav.yaml,YES,NO,NO,YES,configs/pipeline/multidag_cl/iemocap/formal/context_w1_tav.yaml
docs/baselines/multidag_cl_formal_run_plan.md,50,active_doc,configs/pipeline/multidag_cl/iemocap/formal/context_w3_tav.yaml,YES,NO,NO,YES,configs/pipeline/multidag_cl/iemocap/formal/context_w3_tav.yaml
docs/baselines/multidag_cl_formal_run_plan.md,51,active_doc,configs/pipeline/multidag_cl/iemocap/formal/context_w5_tav.yaml,YES,NO,NO,YES,configs/pipeline/multidag_cl/iemocap/formal/context_w5_tav.yaml
docs/baselines/multidag_cl_formal_run_plan.md,52,active_doc,configs/pipeline/multidag_cl/iemocap/formal/context_past_all_causal_tav.yaml,YES,NO,NO,YES,configs/pipeline/multidag_cl/iemocap/formal/context_past_all_causal_tav.yaml
docs/baselines/multidag_cl_formal_run_plan.md,58,active_doc,configs/pipeline/multidag_cl/iemocap/formal/modality_w5_t.yaml,YES,NO,NO,YES,configs/pipeline/multidag_cl/iemocap/formal/modality_w5_t.yaml
docs/baselines/multidag_cl_formal_run_plan.md,59,active_doc,configs/pipeline/multidag_cl/iemocap/formal/modality_w5_a.yaml,YES,NO,NO,YES,configs/pipeline/multidag_cl/iemocap/formal/modality_w5_a.yaml
docs/baselines/multidag_cl_formal_run_plan.md,60,active_doc,configs/pipeline/multidag_cl/iemocap/formal/modality_w5_v.yaml,YES,NO,NO,YES,configs/pipeline/multidag_cl/iemocap/formal/modality_w5_v.yaml
docs/baselines/multidag_cl_formal_run_plan.md,61,active_doc,configs/pipeline/multidag_cl/iemocap/formal/modality_w5_ta.yaml,YES,NO,NO,YES,configs/pipeline/multidag_cl/iemocap/formal/modality_w5_ta.yaml
docs/baselines/multidag_cl_formal_run_plan.md,62,active_doc,configs/pipeline/multidag_cl/iemocap/formal/modality_w5_tv.yaml,YES,NO,NO,YES,configs/pipeline/multidag_cl/iemocap/formal/modality_w5_tv.yaml
docs/baselines/multidag_cl_formal_run_plan.md,63,active_doc,configs/pipeline/multidag_cl/iemocap/formal/modality_w5_av.yaml,YES,NO,NO,YES,configs/pipeline/multidag_cl/iemocap/formal/modality_w5_av.yaml
docs/baselines/multidag_cl_formal_run_plan.md,64,active_doc,configs/pipeline/multidag_cl/iemocap/formal/modality_w5_tav.yaml,YES,NO,NO,YES,configs/pipeline/multidag_cl/iemocap/formal/modality_w5_tav.yaml
docs/baselines/multidag_cl_formal_run_plan.md,78,active_doc,configs/pipeline/multidag_cl/iemocap/stabilize/context_w0_tav_stable_candidate.yaml,YES,NO,NO,YES,configs/pipeline/multidag_cl/iemocap/stabilize/context_w0_tav_stable_candidate.yaml
docs/baselines/multidag_cl_formal_run_plan.md,79,active_doc,configs/pipeline/multidag_cl/iemocap/stabilize/context_w3_tav_stable_candidate.yaml,YES,NO,NO,YES,configs/pipeline/multidag_cl/iemocap/stabilize/context_w3_tav_stable_candidate.yaml
docs/baselines/multidag_cl_formal_run_plan.md,80,active_doc,configs/pipeline/multidag_cl/iemocap/stabilize/context_w5_tav_stable_candidate.yaml,YES,NO,NO,YES,configs/pipeline/multidag_cl/iemocap/stabilize/context_w5_tav_stable_candidate.yaml
docs/baselines/multidag_cl_formal_run_plan.md,81,active_doc,configs/pipeline/multidag_cl/iemocap/stabilize/context_past_all_causal_tav_stable_candidate.yaml,YES,NO,NO,YES,configs/pipeline/multidag_cl/iemocap/stabilize/context_past_all_causal_tav_stable_candidate.yaml
docs/baselines/multidag_cl_formal_run_plan.md,91,active_doc,configs/analysis/multidag_cl/iemocap/stable_context_compare.yaml,YES,NO,NO,YES,configs/analysis/multidag_cl/iemocap/stable_context_compare.yaml
docs/baselines/multidag_cl_formal_run_plan.md,99,active_doc,configs/pipeline/multidag_cl/iemocap/debug/context_w5_tav_quick.yaml,YES,NO,NO,YES,configs/pipeline/multidag_cl/iemocap/debug/context_w5_tav_quick.yaml
docs/baselines/multidag_cl_formal_run_plan.md,100,active_doc,configs/pipeline/multidag_cl/iemocap/debug/context_w5_tav_smoke.yaml,YES,NO,NO,YES,configs/pipeline/multidag_cl/iemocap/debug/context_w5_tav_smoke.yaml
docs/baselines/multidag_cl_formal_run_plan.md,101,active_doc,configs/pipeline/multidag_cl/iemocap/debug/context_past_all_causal_tav_smoke.yaml,YES,NO,NO,YES,configs/pipeline/multidag_cl/iemocap/debug/context_past_all_causal_tav_smoke.yaml
docs/baselines/multidag_cl_formal_run_plan.md,118,active_doc,configs/pipeline/multidag_cl/iemocap/formal/context_w5_tav.yaml,YES,NO,NO,YES,--config configs/pipeline/multidag_cl/iemocap/formal/context_w5_tav.yaml
docs/baselines/multidag_cl_formal_run_plan.md,128,active_doc,configs/pipeline/multidag_cl/iemocap/debug/context_w5_tav_quick.yaml,YES,NO,NO,YES,1. `configs/pipeline/multidag_cl/iemocap/debug/context_w5_tav_quick.yaml`
docs/baselines/multidag_cl_formal_run_plan.md,129,active_doc,configs/pipeline/multidag_cl/iemocap/stabilize/context_w5_tav_stable_candidate.yaml,YES,NO,NO,YES,2. `configs/pipeline/multidag_cl/iemocap/stabilize/context_w5_tav_stable_candidate.yaml`
docs/baselines/multidag_cl_formal_run_plan.md,130,active_doc,configs/pipeline/multidag_cl/iemocap/stabilize/context_w0_tav_stable_candidate.yaml,YES,NO,NO,YES,3. `configs/pipeline/multidag_cl/iemocap/stabilize/context_w0_tav_stable_candidate.yaml`
docs/baselines/multidag_cl_formal_run_plan.md,131,active_doc,configs/pipeline/multidag_cl/iemocap/stabilize/context_w3_tav_stable_candidate.yaml,YES,NO,NO,YES,4. `configs/pipeline/multidag_cl/iemocap/stabilize/context_w3_tav_stable_candidate.yaml`
docs/baselines/multidag_cl_formal_run_plan.md,132,active_doc,configs/pipeline/multidag_cl/iemocap/stabilize/context_past_all_causal_tav_stable_candidate.yaml,YES,NO,NO,YES,5. `configs/pipeline/multidag_cl/iemocap/stabilize/context_past_all_causal_tav_stable_candidate.yaml`
docs/baselines/multidag_cl_formal_run_plan.md,133,active_doc,configs/pipeline/multidag_cl/iemocap/missing/missing_eval_from_stable_context_w5_tav.yaml,YES,NO,NO,YES,6. `configs/pipeline/multidag_cl/iemocap/missing/missing_eval_from_stable_context_w5_tav.yaml` after the stable `context_w5_tav` run id is available
docs/baselines/multidag_cl_formal_run_plan.md,134,active_doc,configs/analysis/multidag_cl/iemocap/stable_context_compare.yaml,YES,NO,NO,YES,7. Fill `configs/analysis/multidag_cl/iemocap/stable_context_compare.yaml` after stable context run ids exist
docs/baselines/multidag_cl_formal_run_plan.md,143,active_doc,configs/pipeline/multidag_cl/iemocap/debug/context_w5_tav_quick.yaml,YES,NO,NO,YES,--config configs/pipeline/multidag_cl/iemocap/debug/context_w5_tav_quick.yaml
docs/baselines/multidag_cl_formal_run_plan.md,148,active_doc,configs/pipeline/multidag_cl/iemocap/formal/context_w5_tav.yaml,YES,NO,NO,YES,--config configs/pipeline/multidag_cl/iemocap/formal/context_w5_tav.yaml
docs/baselines/multidag_cl_formal_run_plan.md,153,active_doc,configs/pipeline/multidag_cl/iemocap/formal/context_past_all_causal_tav.yaml,YES,NO,NO,YES,--config configs/pipeline/multidag_cl/iemocap/formal/context_past_all_causal_tav.yaml
docs/baselines/multidag_cl_formal_run_plan.md,158,active_doc,configs/pipeline/multidag_cl/iemocap/formal/context_w0_tav.yaml,YES,NO,NO,YES,--config configs/pipeline/multidag_cl/iemocap/formal/context_w0_tav.yaml
docs/baselines/multidag_cl_formal_run_plan.md,163,active_doc,configs/pipeline/multidag_cl/iemocap/formal/context_w3_tav.yaml,YES,NO,NO,YES,--config configs/pipeline/multidag_cl/iemocap/formal/context_w3_tav.yaml
docs/baselines/multidag_cl_formal_run_plan.md,168,active_doc,configs/pipeline/multidag_cl/iemocap/formal/context_w1_tav.yaml,YES,NO,NO,YES,--config configs/pipeline/multidag_cl/iemocap/formal/context_w1_tav.yaml
docs/baselines/multidag_cl_formal_run_plan.md,175,active_doc,configs/pipeline/multidag_cl/iemocap/stabilize/context_w5_tav_stable_candidate.yaml,YES,NO,NO,YES,--config configs/pipeline/multidag_cl/iemocap/stabilize/context_w5_tav_stable_candidate.yaml
docs/baselines/multidag_cl_formal_run_plan.md,180,active_doc,configs/pipeline/multidag_cl/iemocap/stabilize/context_w0_tav_stable_candidate.yaml,YES,NO,NO,YES,--config configs/pipeline/multidag_cl/iemocap/stabilize/context_w0_tav_stable_candidate.yaml
docs/baselines/multidag_cl_formal_run_plan.md,185,active_doc,configs/pipeline/multidag_cl/iemocap/stabilize/context_w3_tav_stable_candidate.yaml,YES,NO,NO,YES,--config configs/pipeline/multidag_cl/iemocap/stabilize/context_w3_tav_stable_candidate.yaml
docs/baselines/multidag_cl_formal_run_plan.md,190,active_doc,configs/pipeline/multidag_cl/iemocap/stabilize/context_past_all_causal_tav_stable_candidate.yaml,YES,NO,NO,YES,--config configs/pipeline/multidag_cl/iemocap/stabilize/context_past_all_causal_tav_stable_candidate.yaml
docs/baselines/multidag_cl_formal_run_plan.md,200,active_doc,configs/pipeline/multidag_cl/iemocap/formal/modality_w5_tav.yaml,YES,NO,NO,YES,--config configs/pipeline/multidag_cl/iemocap/formal/modality_w5_tav.yaml
docs/baselines/multidag_cl_formal_run_plan.md,205,active_doc,configs/pipeline/multidag_cl/iemocap/formal/modality_w5_t.yaml,YES,NO,NO,YES,--config configs/pipeline/multidag_cl/iemocap/formal/modality_w5_t.yaml
docs/baselines/multidag_cl_formal_run_plan.md,210,active_doc,configs/pipeline/multidag_cl/iemocap/formal/modality_w5_a.yaml,YES,NO,NO,YES,--config configs/pipeline/multidag_cl/iemocap/formal/modality_w5_a.yaml
docs/baselines/multidag_cl_formal_run_plan.md,215,active_doc,configs/pipeline/multidag_cl/iemocap/formal/modality_w5_v.yaml,YES,NO,NO,YES,--config configs/pipeline/multidag_cl/iemocap/formal/modality_w5_v.yaml
docs/baselines/multidag_cl_formal_run_plan.md,220,active_doc,configs/pipeline/multidag_cl/iemocap/formal/modality_w5_ta.yaml,YES,NO,NO,YES,--config configs/pipeline/multidag_cl/iemocap/formal/modality_w5_ta.yaml
docs/baselines/multidag_cl_formal_run_plan.md,225,active_doc,configs/pipeline/multidag_cl/iemocap/formal/modality_w5_tv.yaml,YES,NO,NO,YES,--config configs/pipeline/multidag_cl/iemocap/formal/modality_w5_tv.yaml
docs/baselines/multidag_cl_formal_run_plan.md,230,active_doc,configs/pipeline/multidag_cl/iemocap/formal/modality_w5_av.yaml,YES,NO,NO,YES,--config configs/pipeline/multidag_cl/iemocap/formal/modality_w5_av.yaml
docs/baselines/multidag_cl_formal_run_plan.md,247,active_doc,configs/pipeline/multidag_cl/iemocap/missing/missing_eval_from_context_w5_tav.yaml,YES,NO,NO,YES,--config configs/pipeline/multidag_cl/iemocap/missing/missing_eval_from_context_w5_tav.yaml
docs/baselines/multidag_cl_formal_run_plan.md,256,active_doc,configs/pipeline/multidag_cl/iemocap/missing/missing_eval_from_stable_context_w5_tav.yaml,YES,NO,NO,YES,configs/pipeline/multidag_cl/iemocap/missing/missing_eval_from_stable_context_w5_tav.yaml
docs/baselines/multidag_cl_formal_run_plan.md,263,active_doc,configs/pipeline/multidag_cl/iemocap/missing/missing_eval_from_stable_context_w5_tav.yaml,YES,NO,NO,YES,--config configs/pipeline/multidag_cl/iemocap/missing/missing_eval_from_stable_context_w5_tav.yaml
docs/baselines/multidag_cl_formal_run_plan.md,296,active_doc,configs/analysis/multidag_cl/iemocap/context_compare.yaml,YES,NO,NO,YES,configs/analysis/multidag_cl/iemocap/context_compare.yaml
docs/baselines/multidag_cl_formal_run_plan.md,297,active_doc,configs/analysis/multidag_cl/iemocap/modality_compare.yaml,YES,NO,NO,YES,configs/analysis/multidag_cl/iemocap/modality_compare.yaml
docs/baselines/multidag_cl_formal_run_plan.md,298,active_doc,configs/analysis/multidag_cl/iemocap/core_results_compare.yaml,YES,NO,NO,YES,configs/analysis/multidag_cl/iemocap/core_results_compare.yaml
docs/baselines/multidag_cl_formal_run_plan.md,299,active_doc,configs/analysis/multidag_cl/iemocap/stable_context_compare.yaml,YES,NO,NO,YES,configs/analysis/multidag_cl/iemocap/stable_context_compare.yaml
docs/baselines/multidag_cl_formal_yaml_standardization_notes.md,14,dynamic_pattern,configs/baselines/multidag_cl/iemocap/formal/,DYNAMIC,YES,YES,NO,"Dynamic config path logic; update the pattern, not invented concrete files."
docs/baselines/multidag_cl_formal_yaml_standardization_notes.md,20,dynamic_pattern,configs/baselines/multidag_cl/iemocap/debug/,DYNAMIC,YES,YES,NO,"Dynamic config path logic; update the pattern, not invented concrete files."
docs/baselines/multidag_cl_formal_yaml_standardization_notes.md,26,dynamic_pattern,configs/pipeline/multidag_cl/iemocap/,DYNAMIC,YES,YES,NO,"Dynamic config path logic; update the pattern, not invented concrete files."
docs/baselines/multidag_cl_formal_yaml_standardization_notes.md,32,dynamic_pattern,configs/baselines/multidag_cl/iemocap/stabilize/,DYNAMIC,YES,YES,NO,"Dynamic config path logic; update the pattern, not invented concrete files."
docs/baselines/multidag_cl_formal_yaml_standardization_notes.md,33,dynamic_pattern,configs/pipeline/multidag_cl/iemocap/stabilize/,DYNAMIC,YES,YES,NO,"Dynamic config path logic; update the pattern, not invented concrete files."
docs/baselines/multidag_cl_formal_yaml_standardization_notes.md,39,dynamic_pattern,configs/analysis/multidag_cl/iemocap/,DYNAMIC,YES,YES,NO,"Dynamic config path logic; update the pattern, not invented concrete files."
docs/baselines/multidag_cl_formal_yaml_standardization_notes.md,117,historical_doc,configs/baselines/multidag_cl/iemocap/formal/context_w0_tav.yaml,YES,NO,YES,NO,configs/baselines/multidag_cl/iemocap/formal/context_w0_tav.yaml
docs/baselines/multidag_cl_formal_yaml_standardization_notes.md,118,historical_doc,configs/baselines/multidag_cl/iemocap/formal/context_w1_tav.yaml,YES,NO,YES,NO,configs/baselines/multidag_cl/iemocap/formal/context_w1_tav.yaml
docs/baselines/multidag_cl_formal_yaml_standardization_notes.md,119,historical_doc,configs/baselines/multidag_cl/iemocap/formal/context_w3_tav.yaml,YES,NO,YES,NO,configs/baselines/multidag_cl/iemocap/formal/context_w3_tav.yaml
docs/baselines/multidag_cl_formal_yaml_standardization_notes.md,120,historical_doc,configs/baselines/multidag_cl/iemocap/formal/context_w5_tav.yaml,YES,NO,YES,NO,configs/baselines/multidag_cl/iemocap/formal/context_w5_tav.yaml
docs/baselines/multidag_cl_formal_yaml_standardization_notes.md,121,historical_doc,configs/baselines/multidag_cl/iemocap/formal/context_past_all_causal_tav.yaml,YES,NO,YES,NO,configs/baselines/multidag_cl/iemocap/formal/context_past_all_causal_tav.yaml
docs/baselines/multidag_cl_formal_yaml_standardization_notes.md,127,historical_doc,configs/baselines/multidag_cl/iemocap/formal/modality_w5_t.yaml,YES,NO,YES,NO,configs/baselines/multidag_cl/iemocap/formal/modality_w5_t.yaml
docs/baselines/multidag_cl_formal_yaml_standardization_notes.md,128,historical_doc,configs/baselines/multidag_cl/iemocap/formal/modality_w5_a.yaml,YES,NO,YES,NO,configs/baselines/multidag_cl/iemocap/formal/modality_w5_a.yaml
docs/baselines/multidag_cl_formal_yaml_standardization_notes.md,129,historical_doc,configs/baselines/multidag_cl/iemocap/formal/modality_w5_v.yaml,YES,NO,YES,NO,configs/baselines/multidag_cl/iemocap/formal/modality_w5_v.yaml
docs/baselines/multidag_cl_formal_yaml_standardization_notes.md,130,historical_doc,configs/baselines/multidag_cl/iemocap/formal/modality_w5_ta.yaml,YES,NO,YES,NO,configs/baselines/multidag_cl/iemocap/formal/modality_w5_ta.yaml
docs/baselines/multidag_cl_formal_yaml_standardization_notes.md,131,historical_doc,configs/baselines/multidag_cl/iemocap/formal/modality_w5_tv.yaml,YES,NO,YES,NO,configs/baselines/multidag_cl/iemocap/formal/modality_w5_tv.yaml
docs/baselines/multidag_cl_formal_yaml_standardization_notes.md,132,historical_doc,configs/baselines/multidag_cl/iemocap/formal/modality_w5_av.yaml,YES,NO,YES,NO,configs/baselines/multidag_cl/iemocap/formal/modality_w5_av.yaml
docs/baselines/multidag_cl_formal_yaml_standardization_notes.md,133,historical_doc,configs/baselines/multidag_cl/iemocap/formal/modality_w5_tav.yaml,YES,NO,YES,NO,configs/baselines/multidag_cl/iemocap/formal/modality_w5_tav.yaml
docs/baselines/multidag_cl_formal_yaml_standardization_notes.md,144,historical_doc,configs/baselines/multidag_cl/iemocap/stabilize/context_w0_tav_stable_candidate.yaml,YES,NO,YES,NO,configs/baselines/multidag_cl/iemocap/stabilize/context_w0_tav_stable_candidate.yaml
docs/baselines/multidag_cl_formal_yaml_standardization_notes.md,145,historical_doc,configs/baselines/multidag_cl/iemocap/stabilize/context_w3_tav_stable_candidate.yaml,YES,NO,YES,NO,configs/baselines/multidag_cl/iemocap/stabilize/context_w3_tav_stable_candidate.yaml
docs/baselines/multidag_cl_formal_yaml_standardization_notes.md,146,historical_doc,configs/baselines/multidag_cl/iemocap/stabilize/context_w5_tav_stable_candidate.yaml,YES,NO,YES,NO,configs/baselines/multidag_cl/iemocap/stabilize/context_w5_tav_stable_candidate.yaml
docs/baselines/multidag_cl_formal_yaml_standardization_notes.md,147,historical_doc,configs/baselines/multidag_cl/iemocap/stabilize/context_past_all_causal_tav_stable_candidate.yaml,YES,NO,YES,NO,configs/baselines/multidag_cl/iemocap/stabilize/context_past_all_causal_tav_stable_candidate.yaml
docs/baselines/multidag_cl_formal_yaml_standardization_notes.md,159,historical_doc,configs/pipeline/multidag_cl/iemocap/formal/context_w0_tav.yaml,YES,NO,YES,NO,configs/pipeline/multidag_cl/iemocap/formal/context_w0_tav.yaml
docs/baselines/multidag_cl_formal_yaml_standardization_notes.md,160,historical_doc,configs/pipeline/multidag_cl/iemocap/formal/context_w1_tav.yaml,YES,NO,YES,NO,configs/pipeline/multidag_cl/iemocap/formal/context_w1_tav.yaml
docs/baselines/multidag_cl_formal_yaml_standardization_notes.md,161,historical_doc,configs/pipeline/multidag_cl/iemocap/formal/context_w3_tav.yaml,YES,NO,YES,NO,configs/pipeline/multidag_cl/iemocap/formal/context_w3_tav.yaml
docs/baselines/multidag_cl_formal_yaml_standardization_notes.md,162,historical_doc,configs/pipeline/multidag_cl/iemocap/formal/context_w5_tav.yaml,YES,NO,YES,NO,configs/pipeline/multidag_cl/iemocap/formal/context_w5_tav.yaml
docs/baselines/multidag_cl_formal_yaml_standardization_notes.md,163,historical_doc,configs/pipeline/multidag_cl/iemocap/formal/context_past_all_causal_tav.yaml,YES,NO,YES,NO,configs/pipeline/multidag_cl/iemocap/formal/context_past_all_causal_tav.yaml
docs/baselines/multidag_cl_formal_yaml_standardization_notes.md,169,historical_doc,configs/pipeline/multidag_cl/iemocap/formal/modality_w5_t.yaml,YES,NO,YES,NO,configs/pipeline/multidag_cl/iemocap/formal/modality_w5_t.yaml
docs/baselines/multidag_cl_formal_yaml_standardization_notes.md,170,historical_doc,configs/pipeline/multidag_cl/iemocap/formal/modality_w5_a.yaml,YES,NO,YES,NO,configs/pipeline/multidag_cl/iemocap/formal/modality_w5_a.yaml
docs/baselines/multidag_cl_formal_yaml_standardization_notes.md,171,historical_doc,configs/pipeline/multidag_cl/iemocap/formal/modality_w5_v.yaml,YES,NO,YES,NO,configs/pipeline/multidag_cl/iemocap/formal/modality_w5_v.yaml
docs/baselines/multidag_cl_formal_yaml_standardization_notes.md,172,historical_doc,configs/pipeline/multidag_cl/iemocap/formal/modality_w5_ta.yaml,YES,NO,YES,NO,configs/pipeline/multidag_cl/iemocap/formal/modality_w5_ta.yaml
docs/baselines/multidag_cl_formal_yaml_standardization_notes.md,173,historical_doc,configs/pipeline/multidag_cl/iemocap/formal/modality_w5_tv.yaml,YES,NO,YES,NO,configs/pipeline/multidag_cl/iemocap/formal/modality_w5_tv.yaml
docs/baselines/multidag_cl_formal_yaml_standardization_notes.md,174,historical_doc,configs/pipeline/multidag_cl/iemocap/formal/modality_w5_av.yaml,YES,NO,YES,NO,configs/pipeline/multidag_cl/iemocap/formal/modality_w5_av.yaml
docs/baselines/multidag_cl_formal_yaml_standardization_notes.md,175,historical_doc,configs/pipeline/multidag_cl/iemocap/formal/modality_w5_tav.yaml,YES,NO,YES,NO,configs/pipeline/multidag_cl/iemocap/formal/modality_w5_tav.yaml
docs/baselines/multidag_cl_formal_yaml_standardization_notes.md,195,historical_doc,configs/pipeline/multidag_cl/iemocap/stabilize/context_w0_tav_stable_candidate.yaml,YES,NO,YES,NO,configs/pipeline/multidag_cl/iemocap/stabilize/context_w0_tav_stable_candidate.yaml
docs/baselines/multidag_cl_formal_yaml_standardization_notes.md,196,historical_doc,configs/pipeline/multidag_cl/iemocap/stabilize/context_w3_tav_stable_candidate.yaml,YES,NO,YES,NO,configs/pipeline/multidag_cl/iemocap/stabilize/context_w3_tav_stable_candidate.yaml
docs/baselines/multidag_cl_formal_yaml_standardization_notes.md,197,historical_doc,configs/pipeline/multidag_cl/iemocap/stabilize/context_w5_tav_stable_candidate.yaml,YES,NO,YES,NO,configs/pipeline/multidag_cl/iemocap/stabilize/context_w5_tav_stable_candidate.yaml
docs/baselines/multidag_cl_formal_yaml_standardization_notes.md,198,historical_doc,configs/pipeline/multidag_cl/iemocap/stabilize/context_past_all_causal_tav_stable_candidate.yaml,YES,NO,YES,NO,configs/pipeline/multidag_cl/iemocap/stabilize/context_past_all_causal_tav_stable_candidate.yaml
docs/baselines/multidag_cl_formal_yaml_standardization_notes.md,209,historical_doc,configs/baselines/multidag_cl/iemocap/debug/context_w5_tav_quick.yaml,YES,NO,YES,NO,configs/baselines/multidag_cl/iemocap/debug/context_w5_tav_quick.yaml
docs/baselines/multidag_cl_formal_yaml_standardization_notes.md,210,historical_doc,configs/baselines/multidag_cl/iemocap/debug/context_w5_tav_smoke.yaml,YES,NO,YES,NO,configs/baselines/multidag_cl/iemocap/debug/context_w5_tav_smoke.yaml
docs/baselines/multidag_cl_formal_yaml_standardization_notes.md,211,historical_doc,configs/baselines/multidag_cl/iemocap/debug/context_past_all_causal_tav_smoke.yaml,YES,NO,YES,NO,configs/baselines/multidag_cl/iemocap/debug/context_past_all_causal_tav_smoke.yaml
docs/baselines/multidag_cl_formal_yaml_standardization_notes.md,217,historical_doc,configs/pipeline/multidag_cl/iemocap/debug/context_w5_tav_quick.yaml,YES,NO,YES,NO,configs/pipeline/multidag_cl/iemocap/debug/context_w5_tav_quick.yaml
docs/baselines/multidag_cl_formal_yaml_standardization_notes.md,218,historical_doc,configs/pipeline/multidag_cl/iemocap/debug/context_w5_tav_smoke.yaml,YES,NO,YES,NO,configs/pipeline/multidag_cl/iemocap/debug/context_w5_tav_smoke.yaml
docs/baselines/multidag_cl_formal_yaml_standardization_notes.md,219,historical_doc,configs/pipeline/multidag_cl/iemocap/debug/context_past_all_causal_tav_smoke.yaml,YES,NO,YES,NO,configs/pipeline/multidag_cl/iemocap/debug/context_past_all_causal_tav_smoke.yaml
docs/baselines/multidag_cl_formal_yaml_standardization_notes.md,230,historical_doc,configs/pipeline/multidag_cl/iemocap/missing/missing_eval_from_context_w5_tav.yaml,YES,NO,YES,NO,configs/pipeline/multidag_cl/iemocap/missing/missing_eval_from_context_w5_tav.yaml
docs/baselines/multidag_cl_formal_yaml_standardization_notes.md,231,historical_doc,configs/pipeline/multidag_cl/iemocap/missing/missing_eval_from_stable_context_w5_tav.yaml,YES,NO,YES,NO,configs/pipeline/multidag_cl/iemocap/missing/missing_eval_from_stable_context_w5_tav.yaml
docs/baselines/multidag_cl_formal_yaml_standardization_notes.md,249,historical_doc,configs/analysis/multidag_cl/iemocap/context_compare.yaml,YES,NO,YES,NO,configs/analysis/multidag_cl/iemocap/context_compare.yaml
docs/baselines/multidag_cl_formal_yaml_standardization_notes.md,250,historical_doc,configs/analysis/multidag_cl/iemocap/modality_compare.yaml,YES,NO,YES,NO,configs/analysis/multidag_cl/iemocap/modality_compare.yaml
docs/baselines/multidag_cl_formal_yaml_standardization_notes.md,251,historical_doc,configs/analysis/multidag_cl/iemocap/core_results_compare.yaml,YES,NO,YES,NO,configs/analysis/multidag_cl/iemocap/core_results_compare.yaml
docs/baselines/multidag_cl_formal_yaml_standardization_notes.md,252,historical_doc,configs/analysis/multidag_cl/iemocap/stabilization_20260709_compare.yaml,YES,NO,YES,NO,configs/analysis/multidag_cl/iemocap/stabilization_20260709_compare.yaml
docs/baselines/multidag_cl_formal_yaml_standardization_notes.md,253,historical_doc,configs/analysis/multidag_cl/iemocap/stable_context_compare.yaml,YES,NO,YES,NO,configs/analysis/multidag_cl/iemocap/stable_context_compare.yaml
docs/baselines/multidag_cl_formal_yaml_standardization_notes.md,283,historical_doc,configs/pipeline/multidag_cl/iemocap/debug/context_w5_tav_quick.yaml,YES,NO,YES,NO,1. `configs/pipeline/multidag_cl/iemocap/debug/context_w5_tav_quick.yaml`
docs/baselines/multidag_cl_formal_yaml_standardization_notes.md,284,historical_doc,configs/pipeline/multidag_cl/iemocap/formal/context_w5_tav.yaml,YES,NO,YES,NO,2. `configs/pipeline/multidag_cl/iemocap/formal/context_w5_tav.yaml`
docs/baselines/multidag_cl_formal_yaml_standardization_notes.md,285,historical_doc,configs/pipeline/multidag_cl/iemocap/formal/context_past_all_causal_tav.yaml,YES,NO,YES,NO,3. `configs/pipeline/multidag_cl/iemocap/formal/context_past_all_causal_tav.yaml`
docs/baselines/multidag_cl_formal_yaml_standardization_notes.md,286,historical_doc,configs/pipeline/multidag_cl/iemocap/formal/context_w0_tav.yaml,YES,NO,YES,NO,4. `configs/pipeline/multidag_cl/iemocap/formal/context_w0_tav.yaml`
docs/baselines/multidag_cl_formal_yaml_standardization_notes.md,287,historical_doc,configs/pipeline/multidag_cl/iemocap/missing/missing_eval_from_context_w5_tav.yaml,YES,NO,YES,NO,5. `configs/pipeline/multidag_cl/iemocap/missing/missing_eval_from_context_w5_tav.yaml`
docs/baselines/multidag_cl_formal_yaml_standardization_notes.md,288,historical_doc,configs/pipeline/multidag_cl/iemocap/formal/context_w3_tav.yaml,YES,NO,YES,NO,6. `configs/pipeline/multidag_cl/iemocap/formal/context_w3_tav.yaml`
docs/baselines/multidag_cl_formal_yaml_standardization_notes.md,298,historical_doc,configs/pipeline/multidag_cl/iemocap/stabilize/context_w0_tav_stable_candidate.yaml,YES,NO,YES,NO,configs/pipeline/multidag_cl/iemocap/stabilize/context_w0_tav_stable_candidate.yaml
docs/baselines/multidag_cl_formal_yaml_standardization_notes.md,299,historical_doc,configs/pipeline/multidag_cl/iemocap/stabilize/context_w3_tav_stable_candidate.yaml,YES,NO,YES,NO,configs/pipeline/multidag_cl/iemocap/stabilize/context_w3_tav_stable_candidate.yaml
docs/baselines/multidag_cl_formal_yaml_standardization_notes.md,300,historical_doc,configs/pipeline/multidag_cl/iemocap/stabilize/context_w5_tav_stable_candidate.yaml,YES,NO,YES,NO,configs/pipeline/multidag_cl/iemocap/stabilize/context_w5_tav_stable_candidate.yaml
docs/baselines/multidag_cl_formal_yaml_standardization_notes.md,301,historical_doc,configs/pipeline/multidag_cl/iemocap/stabilize/context_past_all_causal_tav_stable_candidate.yaml,YES,NO,YES,NO,configs/pipeline/multidag_cl/iemocap/stabilize/context_past_all_causal_tav_stable_candidate.yaml
docs/baselines/multidag_cl_formal_yaml_standardization_notes.md,359,historical_doc,configs/pipeline/multidag_cl/iemocap/missing/missing_eval_from_context_w5_tav.yaml,YES,NO,YES,NO,4. The missing-modality pipeline is `configs/pipeline/multidag_cl/iemocap/missing/missing_eval_from_context_w5_tav.yaml`.
docs/baselines/multidag_cl_iemocap_experiment_matrix_notes.md,31,historical_doc,configs/baselines/multidag_cl/iemocap/formal/context_w0_tav.yaml,YES,NO,YES,NO,- `configs/baselines/multidag_cl/iemocap/formal/context_w0_tav.yaml`
docs/baselines/multidag_cl_iemocap_experiment_matrix_notes.md,32,historical_doc,configs/baselines/multidag_cl/iemocap/formal/context_w1_tav.yaml,YES,NO,YES,NO,- `configs/baselines/multidag_cl/iemocap/formal/context_w1_tav.yaml`
docs/baselines/multidag_cl_iemocap_experiment_matrix_notes.md,33,historical_doc,configs/baselines/multidag_cl/iemocap/formal/context_w3_tav.yaml,YES,NO,YES,NO,- `configs/baselines/multidag_cl/iemocap/formal/context_w3_tav.yaml`
docs/baselines/multidag_cl_iemocap_experiment_matrix_notes.md,34,historical_doc,configs/baselines/multidag_cl/iemocap/formal/context_w5_tav.yaml,YES,NO,YES,NO,- `configs/baselines/multidag_cl/iemocap/formal/context_w5_tav.yaml`
docs/baselines/multidag_cl_iemocap_experiment_matrix_notes.md,35,historical_doc,configs/baselines/multidag_cl/iemocap/formal/context_past_all_causal_tav.yaml,YES,NO,YES,NO,- `configs/baselines/multidag_cl/iemocap/formal/context_past_all_causal_tav.yaml`
docs/baselines/multidag_cl_iemocap_experiment_matrix_notes.md,36,historical_doc,configs/baselines/multidag_cl/iemocap/debug/context_w5_tav_quick.yaml,YES,NO,YES,NO,- `configs/baselines/multidag_cl/iemocap/debug/context_w5_tav_quick.yaml`
docs/baselines/multidag_cl_iemocap_experiment_matrix_notes.md,40,historical_doc,configs/pipeline/multidag_cl/iemocap/formal/context_w0_tav.yaml,YES,NO,YES,NO,- `configs/pipeline/multidag_cl/iemocap/formal/context_w0_tav.yaml`
docs/baselines/multidag_cl_iemocap_experiment_matrix_notes.md,41,historical_doc,configs/pipeline/multidag_cl/iemocap/formal/context_w1_tav.yaml,YES,NO,YES,NO,- `configs/pipeline/multidag_cl/iemocap/formal/context_w1_tav.yaml`
docs/baselines/multidag_cl_iemocap_experiment_matrix_notes.md,42,historical_doc,configs/pipeline/multidag_cl/iemocap/formal/context_w3_tav.yaml,YES,NO,YES,NO,- `configs/pipeline/multidag_cl/iemocap/formal/context_w3_tav.yaml`
docs/baselines/multidag_cl_iemocap_experiment_matrix_notes.md,43,historical_doc,configs/pipeline/multidag_cl/iemocap/formal/context_w5_tav.yaml,YES,NO,YES,NO,- `configs/pipeline/multidag_cl/iemocap/formal/context_w5_tav.yaml`
docs/baselines/multidag_cl_iemocap_experiment_matrix_notes.md,44,historical_doc,configs/pipeline/multidag_cl/iemocap/formal/context_past_all_causal_tav.yaml,YES,NO,YES,NO,- `configs/pipeline/multidag_cl/iemocap/formal/context_past_all_causal_tav.yaml`
docs/baselines/multidag_cl_iemocap_experiment_matrix_notes.md,45,historical_doc,configs/pipeline/multidag_cl/iemocap/debug/context_w5_tav_quick.yaml,YES,NO,YES,NO,- `configs/pipeline/multidag_cl/iemocap/debug/context_w5_tav_quick.yaml`
docs/baselines/multidag_cl_iemocap_experiment_matrix_notes.md,62,historical_doc,configs/baselines/multidag_cl/iemocap/formal/modality_w5_t.yaml,YES,NO,YES,NO,- `configs/baselines/multidag_cl/iemocap/formal/modality_w5_t.yaml`
docs/baselines/multidag_cl_iemocap_experiment_matrix_notes.md,63,historical_doc,configs/baselines/multidag_cl/iemocap/formal/modality_w5_a.yaml,YES,NO,YES,NO,- `configs/baselines/multidag_cl/iemocap/formal/modality_w5_a.yaml`
docs/baselines/multidag_cl_iemocap_experiment_matrix_notes.md,64,historical_doc,configs/baselines/multidag_cl/iemocap/formal/modality_w5_v.yaml,YES,NO,YES,NO,- `configs/baselines/multidag_cl/iemocap/formal/modality_w5_v.yaml`
docs/baselines/multidag_cl_iemocap_experiment_matrix_notes.md,65,historical_doc,configs/baselines/multidag_cl/iemocap/formal/modality_w5_ta.yaml,YES,NO,YES,NO,- `configs/baselines/multidag_cl/iemocap/formal/modality_w5_ta.yaml`
docs/baselines/multidag_cl_iemocap_experiment_matrix_notes.md,66,historical_doc,configs/baselines/multidag_cl/iemocap/formal/modality_w5_tv.yaml,YES,NO,YES,NO,- `configs/baselines/multidag_cl/iemocap/formal/modality_w5_tv.yaml`
docs/baselines/multidag_cl_iemocap_experiment_matrix_notes.md,67,historical_doc,configs/baselines/multidag_cl/iemocap/formal/modality_w5_av.yaml,YES,NO,YES,NO,- `configs/baselines/multidag_cl/iemocap/formal/modality_w5_av.yaml`
docs/baselines/multidag_cl_iemocap_experiment_matrix_notes.md,71,historical_doc,configs/pipeline/multidag_cl/iemocap/formal/modality_w5_t.yaml,YES,NO,YES,NO,- `configs/pipeline/multidag_cl/iemocap/formal/modality_w5_t.yaml`
docs/baselines/multidag_cl_iemocap_experiment_matrix_notes.md,72,historical_doc,configs/pipeline/multidag_cl/iemocap/formal/modality_w5_a.yaml,YES,NO,YES,NO,- `configs/pipeline/multidag_cl/iemocap/formal/modality_w5_a.yaml`
docs/baselines/multidag_cl_iemocap_experiment_matrix_notes.md,73,historical_doc,configs/pipeline/multidag_cl/iemocap/formal/modality_w5_v.yaml,YES,NO,YES,NO,- `configs/pipeline/multidag_cl/iemocap/formal/modality_w5_v.yaml`
docs/baselines/multidag_cl_iemocap_experiment_matrix_notes.md,74,historical_doc,configs/pipeline/multidag_cl/iemocap/formal/modality_w5_ta.yaml,YES,NO,YES,NO,- `configs/pipeline/multidag_cl/iemocap/formal/modality_w5_ta.yaml`
docs/baselines/multidag_cl_iemocap_experiment_matrix_notes.md,75,historical_doc,configs/pipeline/multidag_cl/iemocap/formal/modality_w5_tv.yaml,YES,NO,YES,NO,- `configs/pipeline/multidag_cl/iemocap/formal/modality_w5_tv.yaml`
docs/baselines/multidag_cl_iemocap_experiment_matrix_notes.md,76,historical_doc,configs/pipeline/multidag_cl/iemocap/formal/modality_w5_av.yaml,YES,NO,YES,NO,- `configs/pipeline/multidag_cl/iemocap/formal/modality_w5_av.yaml`
docs/baselines/multidag_cl_iemocap_experiment_matrix_notes.md,82,historical_doc,configs/pipeline/multidag_cl/iemocap/missing/missing_eval_from_context_w5_tav.yaml,YES,NO,YES,NO,- `configs/pipeline/multidag_cl/iemocap/missing/missing_eval_from_context_w5_tav.yaml`
docs/baselines/multidag_cl_iemocap_experiment_matrix_notes.md,127,historical_doc,configs/pipeline/multidag_cl/iemocap/formal/context_w5_tav.yaml,YES,NO,YES,NO,python scripts/run_experiment_pipeline.py --config configs/pipeline/multidag_cl/iemocap/formal/context_w5_tav.yaml
docs/baselines/multidag_cl_iemocap_experiment_matrix_notes.md,133,historical_doc,configs/pipeline/multidag_cl/iemocap/formal/context_w0_tav.yaml,YES,NO,YES,NO,configs/pipeline/multidag_cl/iemocap/formal/context_w0_tav.yaml
docs/baselines/multidag_cl_iemocap_experiment_matrix_notes.md,134,historical_doc,configs/pipeline/multidag_cl/iemocap/formal/context_w1_tav.yaml,YES,NO,YES,NO,configs/pipeline/multidag_cl/iemocap/formal/context_w1_tav.yaml
docs/baselines/multidag_cl_iemocap_experiment_matrix_notes.md,135,historical_doc,configs/pipeline/multidag_cl/iemocap/formal/context_w3_tav.yaml,YES,NO,YES,NO,configs/pipeline/multidag_cl/iemocap/formal/context_w3_tav.yaml
docs/baselines/multidag_cl_iemocap_experiment_matrix_notes.md,136,historical_doc,configs/pipeline/multidag_cl/iemocap/formal/context_past_all_causal_tav.yaml,YES,NO,YES,NO,configs/pipeline/multidag_cl/iemocap/formal/context_past_all_causal_tav.yaml
docs/baselines/multidag_cl_iemocap_experiment_matrix_notes.md,137,historical_doc,configs/pipeline/multidag_cl/iemocap/debug/context_w5_tav_quick.yaml,YES,NO,YES,NO,configs/pipeline/multidag_cl/iemocap/debug/context_w5_tav_quick.yaml
docs/baselines/multidag_cl_iemocap_experiment_matrix_notes.md,148,historical_doc,configs/pipeline/multidag_cl/iemocap/formal/modality_w5_t.yaml,YES,NO,YES,NO,python scripts/run_experiment_pipeline.py --config configs/pipeline/multidag_cl/iemocap/formal/modality_w5_t.yaml
docs/baselines/multidag_cl_iemocap_experiment_matrix_notes.md,154,historical_doc,configs/pipeline/multidag_cl/iemocap/formal/modality_w5_a.yaml,YES,NO,YES,NO,configs/pipeline/multidag_cl/iemocap/formal/modality_w5_a.yaml
docs/baselines/multidag_cl_iemocap_experiment_matrix_notes.md,155,historical_doc,configs/pipeline/multidag_cl/iemocap/formal/modality_w5_v.yaml,YES,NO,YES,NO,configs/pipeline/multidag_cl/iemocap/formal/modality_w5_v.yaml
docs/baselines/multidag_cl_iemocap_experiment_matrix_notes.md,156,historical_doc,configs/pipeline/multidag_cl/iemocap/formal/modality_w5_ta.yaml,YES,NO,YES,NO,configs/pipeline/multidag_cl/iemocap/formal/modality_w5_ta.yaml
docs/baselines/multidag_cl_iemocap_experiment_matrix_notes.md,157,historical_doc,configs/pipeline/multidag_cl/iemocap/formal/modality_w5_tv.yaml,YES,NO,YES,NO,configs/pipeline/multidag_cl/iemocap/formal/modality_w5_tv.yaml
docs/baselines/multidag_cl_iemocap_experiment_matrix_notes.md,158,historical_doc,configs/pipeline/multidag_cl/iemocap/formal/modality_w5_av.yaml,YES,NO,YES,NO,configs/pipeline/multidag_cl/iemocap/formal/modality_w5_av.yaml
docs/baselines/multidag_cl_iemocap_experiment_matrix_notes.md,169,historical_doc,configs/pipeline/multidag_cl/iemocap/formal/context_w5_tav.yaml,YES,NO,YES,NO,python scripts/run_experiment_pipeline.py --config configs/pipeline/multidag_cl/iemocap/formal/context_w5_tav.yaml
docs/baselines/multidag_cl_iemocap_experiment_matrix_notes.md,175,historical_doc,configs/pipeline/multidag_cl/iemocap/missing/missing_eval_from_context_w5_tav.yaml,YES,NO,YES,NO,configs/pipeline/multidag_cl/iemocap/missing/missing_eval_from_context_w5_tav.yaml
docs/baselines/multidag_cl_iemocap_experiment_matrix_notes.md,181,historical_doc,configs/pipeline/multidag_cl/iemocap/missing/missing_eval_from_context_w5_tav.yaml,YES,NO,YES,NO,python scripts/run_experiment_pipeline.py --config configs/pipeline/multidag_cl/iemocap/missing/missing_eval_from_context_w5_tav.yaml
docs/baselines/multidag_cl_iemocap_experiment_matrix_notes.md,211,historical_doc,configs/analysis/multidag_cl/iemocap/context_compare.yaml,YES,NO,YES,NO,- `configs/analysis/multidag_cl/iemocap/context_compare.yaml`
docs/baselines/multidag_cl_iemocap_experiment_matrix_notes.md,212,historical_doc,configs/analysis/multidag_cl/iemocap/modality_compare.yaml,YES,NO,YES,NO,- `configs/analysis/multidag_cl/iemocap/modality_compare.yaml`
docs/baselines/multidag_cl_loss_stability_notes.md,47,dynamic_pattern,configs/baselines/multidag_cl/iemocap/loss_stability/,DYNAMIC,YES,YES,NO,"Dynamic config path logic; update the pattern, not invented concrete files."
docs/baselines/multidag_cl_loss_stability_notes.md,53,dynamic_pattern,configs/pipeline/multidag_cl/iemocap/loss_stability/,DYNAMIC,YES,YES,NO,"Dynamic config path logic; update the pattern, not invented concrete files."
docs/baselines/multidag_cl_loss_stability_notes.md,63,historical_doc,configs/pipeline/multidag_cl/iemocap/loss_stability/context_w5_tav_stable_lr3e4_plateau_valloss.yaml,YES,NO,YES,NO,1. `configs/pipeline/multidag_cl/iemocap/loss_stability/context_w5_tav_stable_lr3e4_plateau_valloss.yaml`
docs/baselines/multidag_cl_loss_stability_notes.md,64,historical_doc,configs/pipeline/multidag_cl/iemocap/loss_stability/context_w5_tav_stable_lr3e4_cosine.yaml,YES,NO,YES,NO,2. `configs/pipeline/multidag_cl/iemocap/loss_stability/context_w5_tav_stable_lr3e4_cosine.yaml`
docs/baselines/multidag_cl_loss_stability_notes.md,65,historical_doc,configs/pipeline/multidag_cl/iemocap/loss_stability/context_w5_tav_stable_lr3e4_label_smoothing005.yaml,YES,NO,YES,NO,3. `configs/pipeline/multidag_cl/iemocap/loss_stability/context_w5_tav_stable_lr3e4_label_smoothing005.yaml`
docs/baselines/multidag_cl_loss_stability_notes.md,66,historical_doc,configs/pipeline/multidag_cl/iemocap/loss_stability/context_w5_tav_stable_lr5e4_plateau_valloss.yaml,YES,NO,YES,NO,4. `configs/pipeline/multidag_cl/iemocap/loss_stability/context_w5_tav_stable_lr5e4_plateau_valloss.yaml`
docs/baselines/multidag_cl_loss_stability_notes.md,67,historical_doc,configs/pipeline/multidag_cl/iemocap/loss_stability/context_w5_tav_stable_lr3e4_earlystop_valloss.yaml,YES,NO,YES,NO,5. `configs/pipeline/multidag_cl/iemocap/loss_stability/context_w5_tav_stable_lr3e4_earlystop_valloss.yaml`
docs/baselines/multidag_cl_multirun_stabilization_analysis_notes.md,56,historical_doc,configs/analysis/multidag_cl/iemocap/stabilization_20260709_compare.yaml,YES,NO,YES,NO,configs/analysis/multidag_cl/iemocap/stabilization_20260709_compare.yaml
docs/baselines/multidag_cl_multirun_stabilization_analysis_notes.md,77,historical_doc,configs/analysis/multidag_cl/iemocap/stabilization_20260709_compare.yaml,YES,NO,YES,NO,--config configs/analysis/multidag_cl/iemocap/stabilization_20260709_compare.yaml
docs/baselines/multidag_cl_multirun_stabilization_analysis_notes.md,178,historical_doc,configs/analysis/multidag_cl/iemocap/stable_context_compare.yaml,YES,NO,YES,NO,configs/analysis/multidag_cl/iemocap/stable_context_compare.yaml
docs/baselines/multidag_cl_observability_and_figures_notes.md,121,historical_doc,configs/pipeline/multidag_cl/iemocap/formal/context_w0_tav.yaml,YES,NO,YES,NO,| `configs/pipeline/multidag_cl/iemocap/formal/context_w0_tav.yaml` | yes | yes | yes |
docs/baselines/multidag_cl_observability_and_figures_notes.md,122,historical_doc,configs/pipeline/multidag_cl/iemocap/formal/context_w1_tav.yaml,YES,NO,YES,NO,| `configs/pipeline/multidag_cl/iemocap/formal/context_w1_tav.yaml` | yes | yes | yes |
docs/baselines/multidag_cl_observability_and_figures_notes.md,123,historical_doc,configs/pipeline/multidag_cl/iemocap/formal/context_w3_tav.yaml,YES,NO,YES,NO,| `configs/pipeline/multidag_cl/iemocap/formal/context_w3_tav.yaml` | yes | yes | yes |
docs/baselines/multidag_cl_observability_and_figures_notes.md,124,historical_doc,configs/pipeline/multidag_cl/iemocap/formal/context_w5_tav.yaml,YES,NO,YES,NO,| `configs/pipeline/multidag_cl/iemocap/formal/context_w5_tav.yaml` | yes | yes | yes |
docs/baselines/multidag_cl_observability_and_figures_notes.md,125,historical_doc,configs/pipeline/multidag_cl/iemocap/formal/context_past_all_causal_tav.yaml,YES,NO,YES,NO,| `configs/pipeline/multidag_cl/iemocap/formal/context_past_all_causal_tav.yaml` | yes | yes | yes |
docs/baselines/multidag_cl_observability_and_figures_notes.md,126,historical_doc,configs/pipeline/multidag_cl/iemocap/debug/context_w5_tav_quick.yaml,YES,NO,YES,NO,| `configs/pipeline/multidag_cl/iemocap/debug/context_w5_tav_quick.yaml` | yes | yes | yes |
docs/baselines/multidag_cl_observability_and_figures_notes.md,132,historical_doc,configs/pipeline/multidag_cl/iemocap/missing/missing_eval_from_context_w5_tav.yaml,YES,NO,YES,NO,| `configs/pipeline/multidag_cl/iemocap/missing/missing_eval_from_context_w5_tav.yaml` | yes | yes |
docs/baselines/multidag_cl_observability_and_figures_notes.md,142,historical_doc,configs/pipeline/multidag_cl/iemocap/formal/context_w5_tav.yaml,YES,NO,YES,NO,python scripts/run_experiment_pipeline.py --config configs/pipeline/multidag_cl/iemocap/formal/context_w5_tav.yaml
docs/baselines/multidag_cl_observability_and_figures_notes.md,148,historical_doc,configs/pipeline/multidag_cl/iemocap/formal/context_w0_tav.yaml,YES,NO,YES,NO,configs/pipeline/multidag_cl/iemocap/formal/context_w0_tav.yaml
docs/baselines/multidag_cl_observability_and_figures_notes.md,149,historical_doc,configs/pipeline/multidag_cl/iemocap/formal/context_w1_tav.yaml,YES,NO,YES,NO,configs/pipeline/multidag_cl/iemocap/formal/context_w1_tav.yaml
docs/baselines/multidag_cl_observability_and_figures_notes.md,150,historical_doc,configs/pipeline/multidag_cl/iemocap/formal/context_w3_tav.yaml,YES,NO,YES,NO,configs/pipeline/multidag_cl/iemocap/formal/context_w3_tav.yaml
docs/baselines/multidag_cl_observability_and_figures_notes.md,151,historical_doc,configs/pipeline/multidag_cl/iemocap/formal/context_past_all_causal_tav.yaml,YES,NO,YES,NO,configs/pipeline/multidag_cl/iemocap/formal/context_past_all_causal_tav.yaml
docs/baselines/multidag_cl_observability_and_figures_notes.md,152,historical_doc,configs/pipeline/multidag_cl/iemocap/debug/context_w5_tav_quick.yaml,YES,NO,YES,NO,configs/pipeline/multidag_cl/iemocap/debug/context_w5_tav_quick.yaml
docs/baselines/multidag_cl_observability_and_figures_notes.md,176,historical_doc,configs/pipeline/multidag_cl/iemocap/missing/missing_eval_from_context_w5_tav.yaml,YES,NO,YES,NO,python scripts/run_experiment_pipeline.py --config configs/pipeline/multidag_cl/iemocap/missing/missing_eval_from_context_w5_tav.yaml
docs/baselines/multidag_cl_observability_and_figures_notes.md,193,historical_doc,configs/baselines/multidag_cl/iemocap/formal/context_w5_tav.yaml,YES,NO,YES,NO,python scripts/baselines/train_multidag_cl.py --config configs/baselines/multidag_cl/iemocap/formal/context_w5_tav.yaml
docs/baselines/multidag_cl_observability_and_figures_notes.md,283,historical_doc,configs/pipeline/multidag_cl/iemocap/debug/context_w5_tav_quick.yaml,YES,NO,YES,NO,python scripts/run_experiment_pipeline.py --config configs/pipeline/multidag_cl/iemocap/debug/context_w5_tav_quick.yaml
docs/baselines/multidag_cl_observability_and_figures_notes.md,289,historical_doc,configs/pipeline/multidag_cl/iemocap/formal/context_w5_tav.yaml,YES,NO,YES,NO,python scripts/run_experiment_pipeline.py --config configs/pipeline/multidag_cl/iemocap/formal/context_w5_tav.yaml
docs/baselines/multidag_cl_observability_and_figures_notes.md,293,historical_doc,configs/pipeline/multidag_cl/iemocap/missing/missing_eval_from_context_w5_tav.yaml,YES,NO,YES,NO,"`configs/pipeline/multidag_cl/iemocap/missing/missing_eval_from_context_w5_tav.yaml`, then run:"
docs/baselines/multidag_cl_observability_and_figures_notes.md,296,historical_doc,configs/pipeline/multidag_cl/iemocap/missing/missing_eval_from_context_w5_tav.yaml,YES,NO,YES,NO,python scripts/run_experiment_pipeline.py --config configs/pipeline/multidag_cl/iemocap/missing/missing_eval_from_context_w5_tav.yaml
docs/baselines/multidag_cl_paper_artifacts_notes.md,82,historical_doc,configs/baselines/multidag_cl/iemocap/formal/context_w5_tav.yaml,YES,NO,YES,NO,--config configs/baselines/multidag_cl/iemocap/formal/context_w5_tav.yaml \
docs/baselines/multidag_cl_pipeline_integration_notes.md,17,historical_doc,configs/baselines/multidag_cl/iemocap/debug/context_w5_tav_smoke.yaml,YES,NO,YES,NO,- `configs/baselines/multidag_cl/iemocap/debug/context_w5_tav_smoke.yaml`
docs/baselines/multidag_cl_pipeline_integration_notes.md,18,historical_doc,configs/baselines/multidag_cl/iemocap/debug/context_past_all_causal_tav_smoke.yaml,YES,NO,YES,NO,- `configs/baselines/multidag_cl/iemocap/debug/context_past_all_causal_tav_smoke.yaml`
docs/baselines/multidag_cl_pipeline_integration_notes.md,19,historical_doc,configs/pipeline/multidag_cl/iemocap/debug/context_w5_tav_smoke.yaml,YES,NO,YES,NO,- `configs/pipeline/multidag_cl/iemocap/debug/context_w5_tav_smoke.yaml`
docs/baselines/multidag_cl_pipeline_integration_notes.md,20,historical_doc,configs/pipeline/multidag_cl/iemocap/debug/context_past_all_causal_tav_smoke.yaml,YES,NO,YES,NO,- `configs/pipeline/multidag_cl/iemocap/debug/context_past_all_causal_tav_smoke.yaml`
docs/baselines/multidag_cl_pipeline_integration_notes.md,44,historical_doc,configs/baselines/multidag_cl/iemocap/debug/context_w5_tav_smoke.yaml,YES,NO,YES,NO,python scripts/baselines/train_multidag_cl.py --config configs/baselines/multidag_cl/iemocap/debug/context_w5_tav_smoke.yaml
docs/baselines/multidag_cl_pipeline_integration_notes.md,137,historical_doc,configs/pipeline/multidag_cl/iemocap/debug/context_w5_tav_smoke.yaml,YES,NO,YES,NO,- `configs/pipeline/multidag_cl/iemocap/debug/context_w5_tav_smoke.yaml`
docs/baselines/multidag_cl_pipeline_integration_notes.md,138,historical_doc,configs/pipeline/multidag_cl/iemocap/debug/context_past_all_causal_tav_smoke.yaml,YES,NO,YES,NO,- `configs/pipeline/multidag_cl/iemocap/debug/context_past_all_causal_tav_smoke.yaml`
docs/baselines/multidag_cl_real_batch_notes.md,25,historical_doc,configs/train_mmgcn_m3ed.yaml,YES,NO,YES,NO,conda run -n m3ed_mmgcn python -B scripts\baselines\debug_multidag_cl_real_batch.py --config configs\train_mmgcn_m3ed.yaml --dataset M3ED --split train --batch-size-override 2
docs/baselines/multidag_cl_real_batch_notes.md,31,historical_doc,configs/train_mmgcn_iemocap_official.yaml,YES,NO,YES,NO,conda run -n m3ed_mmgcn python -B scripts\baselines\debug_multidag_cl_real_batch.py --config configs\train_mmgcn_iemocap_official.yaml --dataset IEMOCAP --split train --batch-size-override 2
docs/baselines/multidag_cl_real_data_path_protocol.md,32,active_doc,configs/train_mmgcn_m3ed.yaml,YES,NO,NO,YES,| M3ED | `configs/train_mmgcn_m3ed.yaml` | `dataset.feature_pkl_path` | `data/processed/M3ED/features/Asent_wav2vec_zh2chmed2e5last-Vsent_avg_affectdenseface-Lsent_cls_robert_wwm_base_chinese4chmed.pkl` | No | Required before M3ED dataloader construction. |
docs/baselines/multidag_cl_real_data_path_protocol.md,33,active_doc,configs/train_mmgcn_m3ed.yaml,YES,NO,NO,YES,| M3ED | `configs/train_mmgcn_m3ed.yaml` | `dataset.metadata_path` | `data/metadata/m3ed_metadata.csv` | No | Required for dialogue metadata and split/sample alignment. |
docs/baselines/multidag_cl_real_data_path_protocol.md,34,active_doc,configs/train_mmgcn_m3ed.yaml,YES,NO,NO,YES,| M3ED | `configs/train_mmgcn_m3ed.yaml` | `dataset.label_mapping_path` | `data/metadata/m3ed_label_mapping.csv` | No | Required for label mapping. |
docs/baselines/multidag_cl_real_data_path_protocol.md,35,active_doc,configs/train_mmgcn_iemocap_official.yaml,YES,NO,NO,YES,| IEMOCAP | `configs/train_mmgcn_iemocap_official.yaml` | `dataset.feature_pkl_path` | `third_party/MMGCN_official/IEMOCAP_features/IEMOCAP_features.pkl` | No | Required before IEMOCAP dataloader construction. |
docs/baselines/multidag_cl_real_data_path_protocol.md,40,active_doc,configs/train_mmgcn_m3ed.yaml,YES,NO,NO,YES,paths declared by `configs/train_mmgcn_m3ed.yaml`:
docs/baselines/multidag_cl_real_data_path_protocol.md,49,active_doc,configs/train_mmgcn_iemocap_official.yaml,YES,NO,NO,YES,path declared by `configs/train_mmgcn_iemocap_official.yaml`:
docs/baselines/multidag_cl_real_data_path_protocol.md,65,active_doc,configs/train_mmgcn_m3ed.yaml,YES,NO,NO,YES,conda run -n m3ed_mmgcn python -B scripts\baselines\debug_multidag_cl_real_batch.py --config configs\train_mmgcn_m3ed.yaml --dataset M3ED --split train --batch-size-override 2 --device cpu
docs/baselines/multidag_cl_real_data_path_protocol.md,71,active_doc,configs/train_mmgcn_iemocap_official.yaml,YES,NO,NO,YES,conda run -n m3ed_mmgcn python -B scripts\baselines\debug_multidag_cl_real_batch.py --config configs\train_mmgcn_iemocap_official.yaml --dataset IEMOCAP --split train --batch-size-override 2 --device cpu
docs/baselines/multidag_cl_real_data_path_protocol.md,82,active_doc,configs/train_mmgcn_m3ed.yaml,YES,NO,NO,YES,conda run -n m3ed_mmgcn python -B scripts/baselines/debug_multidag_cl_real_batch.py --config configs/train_mmgcn_m3ed.yaml --dataset M3ED --split train --batch-size-override 2 --device config
docs/baselines/multidag_cl_real_data_path_protocol.md,88,active_doc,configs/train_mmgcn_iemocap_official.yaml,YES,NO,NO,YES,conda run -n m3ed_mmgcn python -B scripts/baselines/debug_multidag_cl_real_batch.py --config configs/train_mmgcn_iemocap_official.yaml --dataset IEMOCAP --split train --batch-size-override 2 --device config
docs/baselines/multidag_cl_smoke_training_notes.md,13,historical_doc,configs/smoke/train_multidag_cl_smoke.yaml,YES,NO,YES,NO,- `configs/smoke/train_multidag_cl_smoke.yaml`
docs/baselines/multidag_cl_smoke_training_notes.md,55,historical_doc,configs/smoke/train_multidag_cl_smoke.yaml,YES,NO,YES,NO,command: conda run -n m3ed_mmgcn python scripts/baselines/train_multidag_cl_smoke.py --config configs/smoke/train_multidag_cl_smoke.yaml
docs/baselines/multidag_cl_yaml_parameter_guide.md,126,active_doc,configs/analysis/multidag_cl/iemocap/context_compare.yaml,YES,NO,NO,YES,| `multi_run_training_curves.config_path` | Config for cross-run training plots. | Used only when the stage is enabled. | `configs/analysis/multidag_cl/iemocap/context_compare.yaml`. | Template is ready but `runs` is empty. |
docs/baselines/new_causal_baselines_remote_protocol.md,53,active_doc,configs/baselines/gsmcc/iemocap/causal_benchmark/official_prefix.yaml,YES,NO,NO,YES,--config configs/baselines/gsmcc/iemocap/causal_benchmark/official_prefix.yaml
docs/baselines/new_causal_baselines_remote_protocol.md,58,active_doc,configs/baselines/dialoguegcn/iemocap/causal_benchmark/official_prefix.yaml,YES,NO,NO,YES,--config configs/baselines/dialoguegcn/iemocap/causal_benchmark/official_prefix.yaml
docs/baselines/new_causal_baselines_remote_protocol.md,69,active_doc,configs/analysis/four_model_causal_audit.yaml,YES,NO,NO,YES,--config configs/analysis/four_model_causal_audit.yaml \
docs/baselines/new_causal_baselines_remote_protocol.md,80,active_doc,configs/smoke/train_causal_gsmcc_iemocap_real_2epoch.yaml,YES,NO,NO,YES,--config configs/smoke/train_causal_gsmcc_iemocap_real_2epoch.yaml
docs/baselines/new_causal_baselines_remote_protocol.md,95,active_doc,configs/smoke/train_causal_dialoguegcn_iemocap_real_2epoch.yaml,YES,NO,NO,YES,--config configs/smoke/train_causal_dialoguegcn_iemocap_real_2epoch.yaml
docs/baselines/original_repro/README.md,54,active_doc,configs/smoke/original_repro/mmgcn_legacy.yaml,YES,NO,NO,YES,--config configs/smoke/original_repro/mmgcn_legacy.yaml
docs/baselines/sdt_isolated_smoke_review.md,21,historical_doc,configs/train_mmgcn_m3ed.yaml,YES,NO,YES,NO,- `configs/train_mmgcn_m3ed.yaml`
docs/baselines/sdt_isolated_smoke_review.md,45,historical_doc,configs/train_mmgcn_m3ed.yaml,YES,NO,YES,NO,- `configs/train_mmgcn_m3ed.yaml`
docs/baselines/sdt_isolated_smoke_review.md,46,historical_doc,configs/smoke/train_mmgcn_smoke.yaml,YES,NO,YES,NO,- `configs/smoke/train_mmgcn_smoke.yaml`
docs/baselines/sdt_isolated_smoke_review.md,316,historical_doc,configs/baselines/sdt_m3ed_smoke.yaml,NO,NO,YES,NO,2. Add a dedicated config such as `configs/baselines/sdt_m3ed_smoke.yaml`.
docs/codex_workflow.md,54,active_doc,configs/smoke/train_mmgcn_smoke.yaml,YES,NO,NO,YES,2. `configs/smoke/train_mmgcn_smoke.yaml`
docs/experiment_protocol.md,206,active_doc,configs/train_mmgcn_m3ed.yaml,YES,NO,NO,YES,python scripts/train_mmgcn.py --config configs/train_mmgcn_m3ed.yaml --experiment-date 20260716
docs/experiment_protocol.md,207,active_doc,configs/pipeline/mmgcn_pipeline_m3ed.yaml,YES,NO,NO,YES,MERC_EXPERIMENT_DATE=20260716 python scripts/run_experiment_pipeline.py --config configs/pipeline/mmgcn_pipeline_m3ed.yaml
docs/experiments/date_organized_outputs_handoff.md,134,historical_doc,configs/analysis/**/*.yaml,DYNAMIC,YES,YES,NO,输出段、`configs/analysis/**/*.yaml`、`configs/smoke/*.yaml`、
docs/experiments/date_organized_outputs_handoff.md,134,historical_doc,configs/smoke/*.yaml,DYNAMIC,YES,YES,NO,输出段、`configs/analysis/**/*.yaml`、`configs/smoke/*.yaml`、
docs/experiments/date_organized_outputs_handoff.md,135,historical_doc,configs/experiments/original_merc/**/*.yaml,DYNAMIC,YES,YES,NO,`configs/experiments/original_merc/**/*.yaml`
docs/experiments/date_organized_outputs_handoff.md,207,historical_doc,configs/pipeline/mmgcn_pipeline.yaml,YES,NO,YES,NO,--config configs/pipeline/mmgcn_pipeline.yaml
docs/experiments/date_organized_outputs_handoff.md,214,historical_doc,configs/experiments/original_merc/clean_screening/mmgcn_clean.yaml,YES,NO,YES,NO,--config configs/experiments/original_merc/clean_screening/mmgcn_clean.yaml \
docs/module_implementation_spec.md,103,active_doc,configs/train_mmgcn_m3ed.yaml,YES,NO,NO,YES,5. `configs/train_mmgcn_m3ed.yaml`
docs/project_map.md,80,active_doc,configs/train_mmgcn_m3ed.yaml,YES,NO,NO,YES,1. `configs/train_mmgcn_m3ed.yaml`：默认 `M3ED + MMGCN` 配置。
docs/project_map.md,81,active_doc,configs/train_mmgcn_m3ed_causal.yaml,YES,NO,NO,YES,2. `configs/train_mmgcn_m3ed_causal.yaml`：causal context 版本配置。
docs/project_map.md,82,active_doc,configs/train_mmgcn_iemocap_official.yaml,YES,NO,NO,YES,3. `configs/train_mmgcn_iemocap_official.yaml`：IEMOCAP official feature 配置。
docs/project_map.md,83,active_doc,configs/train_simple_mlp_m3ed.yaml,YES,NO,NO,YES,4. `configs/train_simple_mlp_m3ed.yaml`：`SimpleMLP` baseline 配置。
docs/project_map.md,86,active_doc,configs/smoke/train_mmgcn_smoke.yaml,YES,NO,NO,YES,7. `configs/smoke/train_mmgcn_smoke.yaml`：本地 fake dialogue smoke 配置。
docs/project_map.md,140,active_doc,configs/train_mmgcn_m3ed.yaml,YES,NO,NO,YES,conda run -n m3ed_mmgcn python scripts\models\mmgcn\unified\train.py --config configs\train_mmgcn_m3ed.yaml
docs/project_map.md,152,active_doc,configs/pipeline/mmgcn_pipeline_m3ed.yaml,YES,NO,NO,YES,conda run -n m3ed_mmgcn python scripts\workflows\run_pipeline.py --config configs\pipeline\mmgcn_pipeline_m3ed.yaml
docs/project_map.md,158,active_doc,configs/smoke/train_mmgcn_smoke.yaml,YES,NO,NO,YES,conda run -n m3ed_mmgcn python scripts\models\mmgcn\unified\train.py --config configs\smoke\train_mmgcn_smoke.yaml
docs/smoke_test_protocol.md,39,active_doc,configs/smoke/train_mmgcn_smoke.yaml,YES,NO,NO,YES,conda run -n m3ed_mmgcn python scripts\train_mmgcn.py --config configs\smoke\train_mmgcn_smoke.yaml
docs/smoke_test_protocol.md,87,active_doc,configs/smoke/train_mmgcn_smoke.yaml,YES,NO,NO,YES,conda run -n m3ed_mmgcn python scripts\train_mmgcn.py --config configs\smoke\train_mmgcn_smoke.yaml
docs/smoke_test_protocol.md,135,active_doc,configs/smoke/train_mmgcn_smoke.yaml,YES,NO,NO,YES,configs/smoke/train_mmgcn_smoke.yaml
scripts/analysis/common/plot_multi_run_final_analysis.py,9,script_example,configs/analysis/multi_run_final_analysis.yaml,YES,NO,NO,YES,configs/analysis/multi_run_final_analysis.yaml
scripts/analysis/common/plot_multi_run_final_analysis.py,33,script_example,configs/analysis/multi_run_final_analysis.yaml,YES,NO,NO,YES,--config configs/analysis/multi_run_final_analysis.yaml
scripts/analysis/common/plot_multi_run_training_curves.py,10,script_example,configs/analysis/multi_run_training_curves.yaml,YES,NO,NO,YES,configs/analysis/multi_run_training_curves.yaml
scripts/analysis/common/plot_multi_run_training_curves.py,23,script_example,configs/analysis/multi_run_training_curves.yaml,YES,NO,NO,YES,--config configs/analysis/multi_run_training_curves.yaml
scripts/analysis/paper_aligned/analyze_original_merc_results.py,44,dynamic_pattern,"FORMAL_CONFIG_PREFIX = ""configs/experiments/original_merc/""",DYNAMIC,YES,NO,YES,"Dynamic config path logic; update the pattern, not invented concrete files."
scripts/analysis/paper_aligned/analyze_original_merc_results.py,45,dynamic_pattern,"SMOKE_CONFIG_PREFIX = ""configs/smoke/original_repro/""",DYNAMIC,YES,NO,YES,"Dynamic config path logic; update the pattern, not invented concrete files."
scripts/analysis/paper_aligned/analyze_original_merc_results.py,580,python_string,configs/experiments/original_merc/clean_fold_bases/mmgcn_clean.yaml,YES,NO,NO,YES,"""original_repro_mmgcn"": ""configs/experiments/original_merc/clean_fold_bases/mmgcn_clean.yaml"","
scripts/analysis/paper_aligned/analyze_original_merc_results.py,581,python_string,configs/experiments/original_merc/clean_fold_bases/multidag_cl_clean.yaml,YES,NO,NO,YES,"""original_repro_multidag_cl"": ""configs/experiments/original_merc/clean_fold_bases/multidag_cl_clean.yaml"","
scripts/analysis/paper_aligned/analyze_original_merc_results.py,582,python_string,configs/experiments/original_merc/clean_fold_bases/gsmcc_clean.yaml,YES,NO,NO,YES,"""project_paper_oriented_gsmcc"": ""configs/experiments/original_merc/clean_fold_bases/gsmcc_clean.yaml"","
scripts/analysis/paper_aligned/analyze_original_merc_results.py,583,python_string,configs/experiments/original_merc/clean_fold_bases/dialoguegcn_clean.yaml,YES,NO,NO,YES,"""original_repro_dialoguegcn"": ""configs/experiments/original_merc/clean_fold_bases/dialoguegcn_clean.yaml"","
scripts/dev/check_env.py,145,python_string,configs/train_mmgcn_m3ed.yaml,YES,NO,NO,YES,"print(""[MISS] configs/train_mmgcn_m3ed.yaml"")"
scripts/dev/check_env.py,148,python_string,configs/train_mmgcn_m3ed.yaml,YES,NO,NO,YES,"print(""[OK] configs/train_mmgcn_m3ed.yaml exists"")"
scripts/diagnostics/data/debug_m3ed_dataloader.py,158,python_string,configs/train_mmgcn_m3ed.yaml,YES,NO,NO,YES,"config = load_yaml(""configs/train_mmgcn_m3ed.yaml"")"
scripts/diagnostics/data/debug_m3ed_feature_dataset.py,94,python_string,configs/train_mmgcn_m3ed.yaml,YES,NO,NO,YES,"config = load_yaml(""configs/train_mmgcn_m3ed.yaml"")"
scripts/diagnostics/data/diagnose_iemocap_splits.py,10,script_example,configs/baselines/multidag_cl/iemocap/formal/context_w5_tav.yaml,YES,NO,NO,YES,--config configs/baselines/multidag_cl/iemocap/formal/context_w5_tav.yaml \
scripts/diagnostics/data/diagnose_m3ed_label_alignment.py,172,python_string,configs/train_mmgcn_m3ed.yaml,YES,NO,NO,YES,"config = load_yaml(""configs/train_mmgcn_m3ed.yaml"")"
scripts/diagnostics/experiments/debug_io.py,46,python_string,configs/train_mmgcn_m3ed.yaml,YES,NO,NO,YES,"config_path = ""configs/train_mmgcn_m3ed.yaml"""
scripts/diagnostics/models/mmgcn/debug_mmgcn_forward.py,108,python_string,configs/train_mmgcn_m3ed.yaml,YES,NO,NO,YES,"config = load_yaml(""configs/train_mmgcn_m3ed.yaml"")"
scripts/diagnostics/models/multidag_cl/debug_multidag_cl_real_batch.py,57,argparse_default,configs/train_mmgcn_m3ed.yaml,YES,NO,NO,YES,"default=""configs/train_mmgcn_m3ed.yaml"","
scripts/diagnostics/models/simple_mlp/debug_simple_mlp_step.py,88,python_string,configs/train_mmgcn_m3ed.yaml,YES,NO,NO,YES,"config = load_yaml(""configs/train_mmgcn_m3ed.yaml"")"
scripts/models/mmgcn/unified/train.py,87,argparse_default,configs/train_mmgcn_m3ed.yaml,YES,NO,NO,YES,"default=""configs/train_mmgcn_m3ed.yaml"","
scripts/models/multidag_cl/unified/smoke.py,49,argparse_default,configs/smoke/train_multidag_cl_smoke.yaml,YES,NO,NO,YES,"default=""configs/smoke/train_multidag_cl_smoke.yaml"","
scripts/models/simple_mlp/train.py,64,argparse_default,configs/train_simple_mlp_m3ed.yaml,YES,NO,NO,YES,"default=""configs/train_simple_mlp_m3ed.yaml"","
scripts/workflows/benchmarks/run_causal8_original8.py,259,dynamic_pattern,"f""configs/pipeline/{model_dir}/iemocap/""",DYNAMIC,YES,NO,YES,"Dynamic config path logic; update the pattern, not invented concrete files."
scripts/workflows/benchmarks/run_causal8_original8.py,279,dynamic_pattern,"""configs/experiments/original_merc/""",DYNAMIC,YES,NO,YES,"Dynamic config path logic; update the pattern, not invented concrete files."
scripts/workflows/paper_aligned/run_pipeline.py,42,argparse_default,configs/experiments/original_merc/pipeline_manifest.yaml,YES,NO,NO,YES,"default=""configs/experiments/original_merc/pipeline_manifest.yaml"","
scripts/workflows/run_pipeline.py,19,script_example,configs/pipeline/m3ed_mmgcn_pipeline.yaml,NO,NO,NO,NO,--config configs/pipeline/m3ed_mmgcn_pipeline.yaml
scripts/workflows/train_from_config.py,53,argparse_default,configs/train_mmgcn_m3ed.yaml,YES,NO,NO,YES,"default=""configs/train_mmgcn_m3ed.yaml"","
tests/experiments/test_causal8_original8_launcher.py,106,test_fixture,configs/pipeline/mmgcn/iemocap/causal_benchmark/val_ses01.yaml,YES,NO,NO,YES,"""configs/pipeline/mmgcn/iemocap/causal_benchmark/val_ses01.yaml"","
tests/experiments/test_causal8_original8_launcher.py,107,test_fixture,configs/pipeline/mmgcn/iemocap/causal_benchmark/val_ses02.yaml,YES,NO,NO,YES,"""configs/pipeline/mmgcn/iemocap/causal_benchmark/val_ses02.yaml"","
tests/experiments/test_causal8_original8_launcher.py,108,test_fixture,configs/pipeline/mmgcn/iemocap/causal_benchmark/val_ses03.yaml,YES,NO,NO,YES,"""configs/pipeline/mmgcn/iemocap/causal_benchmark/val_ses03.yaml"","
tests/experiments/test_causal8_original8_launcher.py,109,test_fixture,configs/pipeline/mmgcn/iemocap/causal_benchmark/val_ses04.yaml,YES,NO,NO,YES,"""configs/pipeline/mmgcn/iemocap/causal_benchmark/val_ses04.yaml"","
tests/experiments/test_causal8_original8_launcher.py,110,test_fixture,configs/pipeline/multidag_cl/iemocap/causal_benchmark/val_ses01.yaml,YES,NO,NO,YES,"""configs/pipeline/multidag_cl/iemocap/causal_benchmark/val_ses01.yaml"","
tests/experiments/test_causal8_original8_launcher.py,111,test_fixture,configs/pipeline/multidag_cl/iemocap/causal_benchmark/val_ses02.yaml,YES,NO,NO,YES,"""configs/pipeline/multidag_cl/iemocap/causal_benchmark/val_ses02.yaml"","
tests/experiments/test_causal8_original8_launcher.py,112,test_fixture,configs/pipeline/multidag_cl/iemocap/causal_benchmark/val_ses03.yaml,YES,NO,NO,YES,"""configs/pipeline/multidag_cl/iemocap/causal_benchmark/val_ses03.yaml"","
tests/experiments/test_causal8_original8_launcher.py,113,test_fixture,configs/pipeline/multidag_cl/iemocap/causal_benchmark/val_ses04.yaml,YES,NO,NO,YES,"""configs/pipeline/multidag_cl/iemocap/causal_benchmark/val_ses04.yaml"","
tests/experiments/test_causal8_original8_launcher.py,114,test_fixture,configs/experiments/original_merc/screening/mmgcn_legacy.yaml,YES,NO,NO,YES,"""configs/experiments/original_merc/screening/mmgcn_legacy.yaml"","
tests/experiments/test_causal8_original8_launcher.py,115,test_fixture,configs/experiments/original_merc/screening/multidag_cl_legacy.yaml,YES,NO,NO,YES,"""configs/experiments/original_merc/screening/multidag_cl_legacy.yaml"","
tests/experiments/test_causal8_original8_launcher.py,116,test_fixture,configs/experiments/original_merc/screening/dialoguegcn_legacy.yaml,YES,NO,NO,YES,"""configs/experiments/original_merc/screening/dialoguegcn_legacy.yaml"","
tests/experiments/test_causal8_original8_launcher.py,117,test_fixture,configs/experiments/original_merc/screening/gsmcc_legacy.yaml,YES,NO,NO,YES,"""configs/experiments/original_merc/screening/gsmcc_legacy.yaml"","
tests/experiments/test_causal8_original8_launcher.py,118,test_fixture,configs/experiments/original_merc/clean_screening/mmgcn_clean.yaml,YES,NO,NO,YES,"""configs/experiments/original_merc/clean_screening/mmgcn_clean.yaml"","
tests/experiments/test_causal8_original8_launcher.py,119,test_fixture,configs/experiments/original_merc/clean_screening/multidag_cl_clean.yaml,YES,NO,NO,YES,"""configs/experiments/original_merc/clean_screening/multidag_cl_clean.yaml"","
tests/experiments/test_causal8_original8_launcher.py,120,test_fixture,configs/experiments/original_merc/clean_screening/dialoguegcn_clean.yaml,YES,NO,NO,YES,"""configs/experiments/original_merc/clean_screening/dialoguegcn_clean.yaml"","
tests/experiments/test_causal8_original8_launcher.py,121,test_fixture,configs/experiments/original_merc/clean_screening/gsmcc_clean.yaml,YES,NO,NO,YES,"""configs/experiments/original_merc/clean_screening/gsmcc_clean.yaml"","
tests/original_repro/test_analysis_protocol.py,115,test_fixture,configs/experiments/original_merc/clean_screening/gsmcc_clean.yaml,YES,NO,NO,YES,"""configs/experiments/original_merc/clean_screening/gsmcc_clean.yaml"""
tests/original_repro/test_analysis_protocol.py,544,dynamic_pattern,"""configs/experiments/original_merc/clean_screening/""",DYNAMIC,YES,NO,YES,"Dynamic config path logic; update the pattern, not invented concrete files."
tests/original_repro/test_analysis_protocol.py,561,dynamic_pattern,"""configs/experiments/original_merc/screening/""",DYNAMIC,YES,NO,YES,"Dynamic config path logic; update the pattern, not invented concrete files."
tests/original_repro/test_analysis_protocol.py,578,test_fixture,configs/experiments/original_merc/screening/gsmcc_legacy.yaml,YES,NO,NO,YES,"config_source=""configs/experiments/original_merc/screening/gsmcc_legacy.yaml"","
tests/original_repro/test_analysis_protocol.py,587,test_fixture,configs/experiments/original_merc/clean_screening/gsmcc_clean.yaml,YES,NO,NO,YES,"config_source=""configs/experiments/original_merc/clean_screening/gsmcc_clean.yaml"","
tests/original_repro/test_analysis_protocol.py,603,dynamic_pattern,"""configs/smoke/original_repro/""",DYNAMIC,YES,NO,YES,"Dynamic config path logic; update the pattern, not invented concrete files."
tests/original_repro/test_analysis_protocol.py,628,test_fixture,configs/train_mmgcn_m3ed_causal.yaml,YES,NO,NO,YES,"config_source=""configs/train_mmgcn_m3ed_causal.yaml"","
tests/original_repro/test_analysis_protocol.py,634,test_fixture,configs/pipeline/legacy_original_pipeline.yaml,NO,NO,NO,NO,"config_source=""configs/pipeline/legacy_original_pipeline.yaml"","
tests/original_repro/test_model_contracts.py,154,dynamic_pattern,"Path(""configs/smoke/original_repro""),",DYNAMIC,YES,NO,YES,"Dynamic config path logic; update the pattern, not invented concrete files."
tests/original_repro/test_model_contracts.py,155,dynamic_pattern,"Path(""configs/experiments/original_merc/screening""),",DYNAMIC,YES,NO,YES,"Dynamic config path logic; update the pattern, not invented concrete files."
tests/original_repro/test_model_contracts.py,156,dynamic_pattern,"Path(""configs/experiments/original_merc/clean_screening""),",DYNAMIC,YES,NO,YES,"Dynamic config path logic; update the pattern, not invented concrete files."
tests/original_repro/test_model_contracts.py,157,dynamic_pattern,"Path(""configs/experiments/original_merc/legacy_fold_bases""),",DYNAMIC,YES,NO,YES,"Dynamic config path logic; update the pattern, not invented concrete files."
tests/original_repro/test_model_contracts.py,158,dynamic_pattern,"Path(""configs/experiments/original_merc/clean_fold_bases""),",DYNAMIC,YES,NO,YES,"Dynamic config path logic; update the pattern, not invented concrete files."
tests/original_repro/test_numerical_validity.py,442,test_fixture,configs/experiments/original_merc/screening/gsmcc_legacy.yaml,YES,NO,NO,YES,"""configs/experiments/original_merc/screening/gsmcc_legacy.yaml"","
tests/original_repro/test_numerical_validity.py,443,test_fixture,configs/experiments/original_merc/clean_screening/gsmcc_clean.yaml,YES,NO,NO,YES,"""configs/experiments/original_merc/clean_screening/gsmcc_clean.yaml"","
tests/test_four_model_causal_audit.py,28,test_fixture,configs/baselines/mmgcn/iemocap/causal_benchmark/official_prefix.yaml,YES,NO,YES,NO,"""mmgcn"": _load(""configs/baselines/mmgcn/iemocap/causal_benchmark/official_prefix.yaml""),"
tests/test_four_model_causal_audit.py,29,test_fixture,configs/baselines/multidag_cl/iemocap/causal_benchmark/official_prefix.yaml,YES,NO,YES,NO,"""multidag"": _load(""configs/baselines/multidag_cl/iemocap/causal_benchmark/official_prefix.yaml""),"
tests/test_four_model_causal_audit.py,30,test_fixture,configs/baselines/gsmcc/iemocap/causal_benchmark/official_prefix.yaml,YES,NO,YES,NO,"""gsmcc"": _load(""configs/baselines/gsmcc/iemocap/causal_benchmark/official_prefix.yaml""),"
tests/test_four_model_causal_audit.py,31,test_fixture,configs/baselines/dialoguegcn/iemocap/causal_benchmark/official_prefix.yaml,YES,NO,YES,NO,"""dialoguegcn"": _load(""configs/baselines/dialoguegcn/iemocap/causal_benchmark/official_prefix.yaml""),"
tests/test_iemocap_clean_roberta_v1.py,64,test_fixture,configs/baselines/mmgcn/iemocap/clean_roberta_v1/smoke_real_2epoch.yaml,YES,NO,NO,YES,"ROOT / ""configs/baselines/mmgcn/iemocap/clean_roberta_v1/smoke_real_2epoch.yaml"","
tests/test_iemocap_clean_roberta_v1.py,65,test_fixture,configs/baselines/multidag_cl/iemocap/clean_roberta_v1/smoke_real_2epoch.yaml,YES,NO,NO,YES,"ROOT / ""configs/baselines/multidag_cl/iemocap/clean_roberta_v1/smoke_real_2epoch.yaml"","
tests/test_iemocap_clean_roberta_v1.py,66,test_fixture,configs/baselines/gsmcc/iemocap/clean_roberta_v1/smoke_real_2epoch.yaml,YES,NO,NO,YES,"ROOT / ""configs/baselines/gsmcc/iemocap/clean_roberta_v1/smoke_real_2epoch.yaml"","
tests/test_iemocap_clean_roberta_v1.py,67,test_fixture,configs/baselines/dialoguegcn/iemocap/clean_roberta_v1/smoke_real_2epoch.yaml,YES,NO,NO,YES,"ROOT / ""configs/baselines/dialoguegcn/iemocap/clean_roberta_v1/smoke_real_2epoch.yaml"","
tests/test_iemocap_clean_roberta_v1.py,70,test_fixture,configs/pipeline/{family}/iemocap/clean_roberta_v1/val_ses0{session}.yaml,DYNAMIC,YES,NO,NO,"ROOT / f""configs/pipeline/{family}/iemocap/clean_roberta_v1/val_ses0{session}.yaml"""
tests/test_iemocap_clean_roberta_v1.py,75,test_fixture,configs/baselines/{family}/iemocap/clean_roberta_v1/val_ses0{session}.yaml,DYNAMIC,YES,NO,NO,"ROOT / f""configs/baselines/{family}/iemocap/clean_roberta_v1/val_ses0{session}.yaml"""
tests/test_iemocap_clean_roberta_v1.py,79,test_fixture,configs/experiments/iemocap_clean_roberta_v1_8run.yaml,YES,NO,NO,YES,"CLEAN_FORMAL_MANIFEST = ROOT / ""configs/experiments/iemocap_clean_roberta_v1_8run.yaml"""
tests/test_iemocap_clean_roberta_v1.py,496,test_fixture,configs/data/iemocap_feature_sets.yaml,YES,NO,NO,YES,"registry = load_yaml(ROOT / ""configs/data/iemocap_feature_sets.yaml"")"
tests/test_iemocap_clean_roberta_v1.py,587,test_fixture,configs/data/iemocap_feature_sets.yaml,YES,NO,NO,YES,"registry_path = tmp_path / ""configs/data/iemocap_feature_sets.yaml"""
tests/test_new_causal_baseline_checkpoint_reload.py,25,test_fixture,configs/smoke/train_causal_dialoguegcn_end_to_end.yaml,YES,NO,NO,YES,"load_yaml_config(Path(""configs/smoke/train_causal_dialoguegcn_end_to_end.yaml""))"
tests/test_new_causal_baseline_training_smoke.py,17,test_fixture,configs/smoke/train_causal_gsmcc_end_to_end.yaml,YES,NO,NO,YES,"Path(""configs/smoke/train_causal_gsmcc_end_to_end.yaml""),"
tests/test_new_causal_baseline_training_smoke.py,18,test_fixture,configs/smoke/train_causal_dialoguegcn_end_to_end.yaml,YES,NO,NO,YES,"Path(""configs/smoke/train_causal_dialoguegcn_end_to_end.yaml""),"
