group_id,config_a,config_b,duplicate_type,differing_keys,candidate_collision,recommended_action,risk_level,notes
NEAR-0001,configs/baselines/dialoguegcn/iemocap/causal_benchmark/official_prefix.yaml,configs/baselines/dialoguegcn/iemocap/causal_benchmark/val_ses01.yaml,validation_session_variant,dataset.val_session_id|dataset.val_split_strategy|run_name,NO,preserve_distinct_parameter_variant,medium,No deletion or merge in Phase 4A; compare the listed semantic keys before migration.
NEAR-0002,configs/baselines/dialoguegcn/iemocap/causal_benchmark/official_prefix.yaml,configs/baselines/dialoguegcn/iemocap/causal_benchmark/val_ses02.yaml,validation_session_variant,dataset.val_session_id|dataset.val_split_strategy|run_name,NO,preserve_distinct_parameter_variant,medium,No deletion or merge in Phase 4A; compare the listed semantic keys before migration.
NEAR-0003,configs/baselines/dialoguegcn/iemocap/causal_benchmark/official_prefix.yaml,configs/baselines/dialoguegcn/iemocap/causal_benchmark/val_ses03.yaml,validation_session_variant,dataset.val_session_id|dataset.val_split_strategy|run_name,NO,preserve_distinct_parameter_variant,medium,No deletion or merge in Phase 4A; compare the listed semantic keys before migration.
NEAR-0004,configs/baselines/dialoguegcn/iemocap/causal_benchmark/official_prefix.yaml,configs/baselines/dialoguegcn/iemocap/causal_benchmark/val_ses04.yaml,validation_session_variant,dataset.val_session_id|dataset.val_split_strategy|run_name,NO,preserve_distinct_parameter_variant,medium,No deletion or merge in Phase 4A; compare the listed semantic keys before migration.
NEAR-0005,configs/baselines/dialoguegcn/iemocap/causal_benchmark/official_prefix.yaml,configs/smoke/train_causal_dialoguegcn_iemocap_real_2epoch.yaml,smoke_formal_budget_variant,run_name|training.epochs,NO,preserve_distinct_parameter_variant,medium,No deletion or merge in Phase 4A; compare the listed semantic keys before migration.
NEAR-0006,configs/baselines/dialoguegcn/iemocap/causal_benchmark/val_ses01.yaml,configs/baselines/dialoguegcn/iemocap/causal_benchmark/val_ses02.yaml,validation_session_variant,dataset.val_session_id|run_name,NO,preserve_distinct_parameter_variant,medium,No deletion or merge in Phase 4A; compare the listed semantic keys before migration.
NEAR-0007,configs/baselines/dialoguegcn/iemocap/causal_benchmark/val_ses01.yaml,configs/baselines/dialoguegcn/iemocap/causal_benchmark/val_ses03.yaml,validation_session_variant,dataset.val_session_id|run_name,NO,preserve_distinct_parameter_variant,medium,No deletion or merge in Phase 4A; compare the listed semantic keys before migration.
NEAR-0008,configs/baselines/dialoguegcn/iemocap/causal_benchmark/val_ses01.yaml,configs/baselines/dialoguegcn/iemocap/causal_benchmark/val_ses04.yaml,validation_session_variant,dataset.val_session_id|run_name,NO,preserve_distinct_parameter_variant,medium,No deletion or merge in Phase 4A; compare the listed semantic keys before migration.
NEAR-0009,configs/baselines/dialoguegcn/iemocap/causal_benchmark/val_ses02.yaml,configs/baselines/dialoguegcn/iemocap/causal_benchmark/val_ses03.yaml,validation_session_variant,dataset.val_session_id|run_name,NO,preserve_distinct_parameter_variant,medium,No deletion or merge in Phase 4A; compare the listed semantic keys before migration.
NEAR-0010,configs/baselines/dialoguegcn/iemocap/causal_benchmark/val_ses02.yaml,configs/baselines/dialoguegcn/iemocap/causal_benchmark/val_ses04.yaml,validation_session_variant,dataset.val_session_id|run_name,NO,preserve_distinct_parameter_variant,medium,No deletion or merge in Phase 4A; compare the listed semantic keys before migration.
NEAR-0011,configs/baselines/dialoguegcn/iemocap/causal_benchmark/val_ses03.yaml,configs/baselines/dialoguegcn/iemocap/causal_benchmark/val_ses04.yaml,validation_session_variant,dataset.val_session_id|run_name,NO,preserve_distinct_parameter_variant,medium,No deletion or merge in Phase 4A; compare the listed semantic keys before migration.
NEAR-0012,configs/baselines/gsmcc/iemocap/causal_benchmark/official_prefix.yaml,configs/baselines/gsmcc/iemocap/causal_benchmark/val_ses01.yaml,validation_session_variant,dataset.val_session_id|dataset.val_split_strategy|run_name,NO,preserve_distinct_parameter_variant,medium,No deletion or merge in Phase 4A; compare the listed semantic keys before migration.
NEAR-0013,configs/baselines/gsmcc/iemocap/causal_benchmark/official_prefix.yaml,configs/baselines/gsmcc/iemocap/causal_benchmark/val_ses02.yaml,validation_session_variant,dataset.val_session_id|dataset.val_split_strategy|run_name,NO,preserve_distinct_parameter_variant,medium,No deletion or merge in Phase 4A; compare the listed semantic keys before migration.
NEAR-0014,configs/baselines/gsmcc/iemocap/causal_benchmark/official_prefix.yaml,configs/baselines/gsmcc/iemocap/causal_benchmark/val_ses03.yaml,validation_session_variant,dataset.val_session_id|dataset.val_split_strategy|run_name,NO,preserve_distinct_parameter_variant,medium,No deletion or merge in Phase 4A; compare the listed semantic keys before migration.
NEAR-0015,configs/baselines/gsmcc/iemocap/causal_benchmark/official_prefix.yaml,configs/baselines/gsmcc/iemocap/causal_benchmark/val_ses04.yaml,validation_session_variant,dataset.val_session_id|dataset.val_split_strategy|run_name,NO,preserve_distinct_parameter_variant,medium,No deletion or merge in Phase 4A; compare the listed semantic keys before migration.
NEAR-0016,configs/baselines/gsmcc/iemocap/causal_benchmark/official_prefix.yaml,configs/smoke/train_causal_gsmcc_iemocap_real_2epoch.yaml,smoke_formal_budget_variant,run_name|training.epochs,NO,preserve_distinct_parameter_variant,medium,No deletion or merge in Phase 4A; compare the listed semantic keys before migration.
NEAR-0017,configs/baselines/gsmcc/iemocap/causal_benchmark/val_ses01.yaml,configs/baselines/gsmcc/iemocap/causal_benchmark/val_ses02.yaml,validation_session_variant,dataset.val_session_id|run_name,NO,preserve_distinct_parameter_variant,medium,No deletion or merge in Phase 4A; compare the listed semantic keys before migration.
NEAR-0018,configs/baselines/gsmcc/iemocap/causal_benchmark/val_ses01.yaml,configs/baselines/gsmcc/iemocap/causal_benchmark/val_ses03.yaml,validation_session_variant,dataset.val_session_id|run_name,NO,preserve_distinct_parameter_variant,medium,No deletion or merge in Phase 4A; compare the listed semantic keys before migration.
NEAR-0019,configs/baselines/gsmcc/iemocap/causal_benchmark/val_ses01.yaml,configs/baselines/gsmcc/iemocap/causal_benchmark/val_ses04.yaml,validation_session_variant,dataset.val_session_id|run_name,NO,preserve_distinct_parameter_variant,medium,No deletion or merge in Phase 4A; compare the listed semantic keys before migration.
NEAR-0020,configs/baselines/gsmcc/iemocap/causal_benchmark/val_ses02.yaml,configs/baselines/gsmcc/iemocap/causal_benchmark/val_ses03.yaml,validation_session_variant,dataset.val_session_id|run_name,NO,preserve_distinct_parameter_variant,medium,No deletion or merge in Phase 4A; compare the listed semantic keys before migration.
NEAR-0021,configs/baselines/gsmcc/iemocap/causal_benchmark/val_ses02.yaml,configs/baselines/gsmcc/iemocap/causal_benchmark/val_ses04.yaml,validation_session_variant,dataset.val_session_id|run_name,NO,preserve_distinct_parameter_variant,medium,No deletion or merge in Phase 4A; compare the listed semantic keys before migration.
NEAR-0022,configs/baselines/gsmcc/iemocap/causal_benchmark/val_ses03.yaml,configs/baselines/gsmcc/iemocap/causal_benchmark/val_ses04.yaml,validation_session_variant,dataset.val_session_id|run_name,NO,preserve_distinct_parameter_variant,medium,No deletion or merge in Phase 4A; compare the listed semantic keys before migration.
NEAR-0023,configs/baselines/mmgcn/iemocap/causal_benchmark/official_prefix.yaml,configs/baselines/mmgcn/iemocap/causal_benchmark/val_ses01.yaml,validation_session_variant,dataset.val_session_id|dataset.val_split_strategy|project.experiment_name,NO,preserve_distinct_parameter_variant,medium,No deletion or merge in Phase 4A; compare the listed semantic keys before migration.
NEAR-0024,configs/baselines/mmgcn/iemocap/causal_benchmark/official_prefix.yaml,configs/baselines/mmgcn/iemocap/causal_benchmark/val_ses02.yaml,validation_session_variant,dataset.val_session_id|dataset.val_split_strategy|project.experiment_name,NO,preserve_distinct_parameter_variant,medium,No deletion or merge in Phase 4A; compare the listed semantic keys before migration.
NEAR-0025,configs/baselines/mmgcn/iemocap/causal_benchmark/official_prefix.yaml,configs/baselines/mmgcn/iemocap/causal_benchmark/val_ses03.yaml,validation_session_variant,dataset.val_session_id|dataset.val_split_strategy|project.experiment_name,NO,preserve_distinct_parameter_variant,medium,No deletion or merge in Phase 4A; compare the listed semantic keys before migration.
NEAR-0026,configs/baselines/mmgcn/iemocap/causal_benchmark/official_prefix.yaml,configs/baselines/mmgcn/iemocap/causal_benchmark/val_ses04.yaml,validation_session_variant,dataset.val_session_id|dataset.val_split_strategy|project.experiment_name,NO,preserve_distinct_parameter_variant,medium,No deletion or merge in Phase 4A; compare the listed semantic keys before migration.
NEAR-0027,configs/baselines/mmgcn/iemocap/causal_benchmark/val_ses01.yaml,configs/baselines/mmgcn/iemocap/causal_benchmark/val_ses02.yaml,validation_session_variant,dataset.val_session_id|project.experiment_name,NO,preserve_distinct_parameter_variant,medium,No deletion or merge in Phase 4A; compare the listed semantic keys before migration.
NEAR-0028,configs/baselines/mmgcn/iemocap/causal_benchmark/val_ses01.yaml,configs/baselines/mmgcn/iemocap/causal_benchmark/val_ses03.yaml,validation_session_variant,dataset.val_session_id|project.experiment_name,NO,preserve_distinct_parameter_variant,medium,No deletion or merge in Phase 4A; compare the listed semantic keys before migration.
NEAR-0029,configs/baselines/mmgcn/iemocap/causal_benchmark/val_ses01.yaml,configs/baselines/mmgcn/iemocap/causal_benchmark/val_ses04.yaml,validation_session_variant,dataset.val_session_id|project.experiment_name,NO,preserve_distinct_parameter_variant,medium,No deletion or merge in Phase 4A; compare the listed semantic keys before migration.
NEAR-0030,configs/baselines/mmgcn/iemocap/causal_benchmark/val_ses02.yaml,configs/baselines/mmgcn/iemocap/causal_benchmark/val_ses03.yaml,validation_session_variant,dataset.val_session_id|project.experiment_name,NO,preserve_distinct_parameter_variant,medium,No deletion or merge in Phase 4A; compare the listed semantic keys before migration.
NEAR-0031,configs/baselines/mmgcn/iemocap/causal_benchmark/val_ses02.yaml,configs/baselines/mmgcn/iemocap/causal_benchmark/val_ses04.yaml,validation_session_variant,dataset.val_session_id|project.experiment_name,NO,preserve_distinct_parameter_variant,medium,No deletion or merge in Phase 4A; compare the listed semantic keys before migration.
NEAR-0032,configs/baselines/mmgcn/iemocap/causal_benchmark/val_ses03.yaml,configs/baselines/mmgcn/iemocap/causal_benchmark/val_ses04.yaml,validation_session_variant,dataset.val_session_id|project.experiment_name,NO,preserve_distinct_parameter_variant,medium,No deletion or merge in Phase 4A; compare the listed semantic keys before migration.
NEAR-0033,configs/baselines/mmgcn/iemocap/clean_roberta_v1/val_ses01.yaml,configs/baselines/mmgcn/iemocap/clean_roberta_v1/val_ses02.yaml,validation_session_variant,dataset.val_session_id|project.experiment_name|provenance.source_config,NO,preserve_distinct_parameter_variant,medium,No deletion or merge in Phase 4A; compare the listed semantic keys before migration.
NEAR-0034,configs/baselines/mmgcn/iemocap/clean_roberta_v1/val_ses01.yaml,configs/baselines/mmgcn/iemocap/clean_roberta_v1/val_ses03.yaml,validation_session_variant,dataset.val_session_id|project.experiment_name|provenance.source_config,NO,preserve_distinct_parameter_variant,medium,No deletion or merge in Phase 4A; compare the listed semantic keys before migration.
NEAR-0035,configs/baselines/mmgcn/iemocap/clean_roberta_v1/val_ses01.yaml,configs/baselines/mmgcn/iemocap/clean_roberta_v1/val_ses04.yaml,validation_session_variant,dataset.val_session_id|project.experiment_name|provenance.source_config,NO,preserve_distinct_parameter_variant,medium,No deletion or merge in Phase 4A; compare the listed semantic keys before migration.
NEAR-0036,configs/baselines/mmgcn/iemocap/clean_roberta_v1/val_ses02.yaml,configs/baselines/mmgcn/iemocap/clean_roberta_v1/val_ses03.yaml,validation_session_variant,dataset.val_session_id|project.experiment_name|provenance.source_config,NO,preserve_distinct_parameter_variant,medium,No deletion or merge in Phase 4A; compare the listed semantic keys before migration.
NEAR-0037,configs/baselines/mmgcn/iemocap/clean_roberta_v1/val_ses02.yaml,configs/baselines/mmgcn/iemocap/clean_roberta_v1/val_ses04.yaml,validation_session_variant,dataset.val_session_id|project.experiment_name|provenance.source_config,NO,preserve_distinct_parameter_variant,medium,No deletion or merge in Phase 4A; compare the listed semantic keys before migration.
NEAR-0038,configs/baselines/mmgcn/iemocap/clean_roberta_v1/val_ses03.yaml,configs/baselines/mmgcn/iemocap/clean_roberta_v1/val_ses04.yaml,validation_session_variant,dataset.val_session_id|project.experiment_name|provenance.source_config,NO,preserve_distinct_parameter_variant,medium,No deletion or merge in Phase 4A; compare the listed semantic keys before migration.
NEAR-0039,configs/baselines/multidag_cl/iemocap/causal_benchmark/val_ses01.yaml,configs/baselines/multidag_cl/iemocap/causal_benchmark/val_ses02.yaml,validation_session_variant,dataset.val_session_id|output.experiment_name|project.experiment_name,NO,preserve_distinct_parameter_variant,medium,No deletion or merge in Phase 4A; compare the listed semantic keys before migration.
NEAR-0040,configs/baselines/multidag_cl/iemocap/causal_benchmark/val_ses01.yaml,configs/baselines/multidag_cl/iemocap/causal_benchmark/val_ses03.yaml,validation_session_variant,dataset.val_session_id|output.experiment_name|project.experiment_name,NO,preserve_distinct_parameter_variant,medium,No deletion or merge in Phase 4A; compare the listed semantic keys before migration.
NEAR-0041,configs/baselines/multidag_cl/iemocap/causal_benchmark/val_ses01.yaml,configs/baselines/multidag_cl/iemocap/causal_benchmark/val_ses04.yaml,validation_session_variant,dataset.val_session_id|output.experiment_name|project.experiment_name,NO,preserve_distinct_parameter_variant,medium,No deletion or merge in Phase 4A; compare the listed semantic keys before migration.
NEAR-0042,configs/baselines/multidag_cl/iemocap/causal_benchmark/val_ses02.yaml,configs/baselines/multidag_cl/iemocap/causal_benchmark/val_ses03.yaml,validation_session_variant,dataset.val_session_id|output.experiment_name|project.experiment_name,NO,preserve_distinct_parameter_variant,medium,No deletion or merge in Phase 4A; compare the listed semantic keys before migration.
NEAR-0043,configs/baselines/multidag_cl/iemocap/causal_benchmark/val_ses02.yaml,configs/baselines/multidag_cl/iemocap/causal_benchmark/val_ses04.yaml,validation_session_variant,dataset.val_session_id|output.experiment_name|project.experiment_name,NO,preserve_distinct_parameter_variant,medium,No deletion or merge in Phase 4A; compare the listed semantic keys before migration.
NEAR-0044,configs/baselines/multidag_cl/iemocap/causal_benchmark/val_ses03.yaml,configs/baselines/multidag_cl/iemocap/causal_benchmark/val_ses04.yaml,validation_session_variant,dataset.val_session_id|output.experiment_name|project.experiment_name,NO,preserve_distinct_parameter_variant,medium,No deletion or merge in Phase 4A; compare the listed semantic keys before migration.
NEAR-0045,configs/baselines/multidag_cl/iemocap/debug/context_w5_tav_quick.yaml,configs/baselines/multidag_cl/iemocap/formal/context_w5_tav.yaml,smoke_formal_budget_variant,output.experiment_name|project.experiment_name|training.epochs,NO,preserve_distinct_parameter_variant,medium,No deletion or merge in Phase 4A; compare the listed semantic keys before migration.
NEAR-0046,configs/baselines/multidag_cl/iemocap/debug/context_w5_tav_quick.yaml,configs/baselines/multidag_cl/iemocap/formal/modality_w5_tav.yaml,smoke_formal_budget_variant,output.experiment_name|project.experiment_name|training.epochs,NO,preserve_distinct_parameter_variant,medium,No deletion or merge in Phase 4A; compare the listed semantic keys before migration.
NEAR-0047,configs/baselines/multidag_cl/iemocap/formal/context_w0_tav.yaml,configs/baselines/multidag_cl/iemocap/formal/context_w1_tav.yaml,near_semantic_parameter_variant,graph.window_past|output.experiment_name|project.experiment_name,NO,preserve_distinct_parameter_variant,medium,No deletion or merge in Phase 4A; compare the listed semantic keys before migration.
NEAR-0048,configs/baselines/multidag_cl/iemocap/formal/context_w0_tav.yaml,configs/baselines/multidag_cl/iemocap/formal/context_w3_tav.yaml,near_semantic_parameter_variant,graph.window_past|output.experiment_name|project.experiment_name,NO,preserve_distinct_parameter_variant,medium,No deletion or merge in Phase 4A; compare the listed semantic keys before migration.
NEAR-0049,configs/baselines/multidag_cl/iemocap/formal/context_w0_tav.yaml,configs/baselines/multidag_cl/iemocap/formal/context_w5_tav.yaml,near_semantic_parameter_variant,graph.window_past|output.experiment_name|project.experiment_name,NO,preserve_distinct_parameter_variant,medium,No deletion or merge in Phase 4A; compare the listed semantic keys before migration.
NEAR-0050,configs/baselines/multidag_cl/iemocap/formal/context_w0_tav.yaml,configs/baselines/multidag_cl/iemocap/formal/modality_w5_tav.yaml,near_semantic_parameter_variant,graph.window_past|output.experiment_name|project.experiment_name,NO,preserve_distinct_parameter_variant,medium,No deletion or merge in Phase 4A; compare the listed semantic keys before migration.
NEAR-0051,configs/baselines/multidag_cl/iemocap/formal/context_w1_tav.yaml,configs/baselines/multidag_cl/iemocap/formal/context_w3_tav.yaml,near_semantic_parameter_variant,graph.window_past|output.experiment_name|project.experiment_name,NO,preserve_distinct_parameter_variant,medium,No deletion or merge in Phase 4A; compare the listed semantic keys before migration.
NEAR-0052,configs/baselines/multidag_cl/iemocap/formal/context_w1_tav.yaml,configs/baselines/multidag_cl/iemocap/formal/context_w5_tav.yaml,near_semantic_parameter_variant,graph.window_past|output.experiment_name|project.experiment_name,NO,preserve_distinct_parameter_variant,medium,No deletion or merge in Phase 4A; compare the listed semantic keys before migration.
NEAR-0053,configs/baselines/multidag_cl/iemocap/formal/context_w1_tav.yaml,configs/baselines/multidag_cl/iemocap/formal/modality_w5_tav.yaml,near_semantic_parameter_variant,graph.window_past|output.experiment_name|project.experiment_name,NO,preserve_distinct_parameter_variant,medium,No deletion or merge in Phase 4A; compare the listed semantic keys before migration.
NEAR-0054,configs/baselines/multidag_cl/iemocap/formal/context_w3_tav.yaml,configs/baselines/multidag_cl/iemocap/formal/context_w5_tav.yaml,near_semantic_parameter_variant,graph.window_past|output.experiment_name|project.experiment_name,NO,preserve_distinct_parameter_variant,medium,No deletion or merge in Phase 4A; compare the listed semantic keys before migration.
NEAR-0055,configs/baselines/multidag_cl/iemocap/formal/context_w3_tav.yaml,configs/baselines/multidag_cl/iemocap/formal/modality_w5_tav.yaml,near_semantic_parameter_variant,graph.window_past|output.experiment_name|project.experiment_name,NO,preserve_distinct_parameter_variant,medium,No deletion or merge in Phase 4A; compare the listed semantic keys before migration.
NEAR-0056,configs/baselines/multidag_cl/iemocap/formal/context_w5_tav.yaml,configs/baselines/multidag_cl/iemocap/formal/modality_w5_ta.yaml,near_semantic_parameter_variant,model.active_modalities[2]|output.experiment_name|project.experiment_name,NO,preserve_distinct_parameter_variant,medium,No deletion or merge in Phase 4A; compare the listed semantic keys before migration.
NEAR-0057,configs/baselines/multidag_cl/iemocap/formal/context_w5_tav.yaml,configs/baselines/multidag_cl/iemocap/formal/modality_w5_tav.yaml,identity_or_output_only_variant,output.experiment_name|project.experiment_name,NO,keep_distinct_candidate_paths,high,Path-generation correction retains distinct context and modality research identities; no YAML deletion or merge in Phase 4A.
NEAR-0058,configs/baselines/multidag_cl/iemocap/formal/context_w5_tav.yaml,configs/baselines/multidag_cl/iemocap/stabilize/context_w5_tav_dropout01.yaml,near_semantic_parameter_variant,model.dropout|output.experiment_name|project.experiment_name,NO,preserve_distinct_parameter_variant,medium,No deletion or merge in Phase 4A; compare the listed semantic keys before migration.
NEAR-0059,configs/baselines/multidag_cl/iemocap/formal/context_w5_tav.yaml,configs/baselines/multidag_cl/iemocap/stabilize/context_w5_tav_dropout02.yaml,near_semantic_parameter_variant,model.dropout|output.experiment_name|project.experiment_name,NO,preserve_distinct_parameter_variant,medium,No deletion or merge in Phase 4A; compare the listed semantic keys before migration.
NEAR-0060,configs/baselines/multidag_cl/iemocap/formal/context_w5_tav.yaml,configs/baselines/multidag_cl/iemocap/stabilize/context_w5_tav_graph1.yaml,near_semantic_parameter_variant,model.num_graph_layers|output.experiment_name|project.experiment_name,NO,preserve_distinct_parameter_variant,medium,No deletion or merge in Phase 4A; compare the listed semantic keys before migration.
NEAR-0061,configs/baselines/multidag_cl/iemocap/formal/context_w5_tav.yaml,configs/baselines/multidag_cl/iemocap/stabilize/context_w5_tav_linear_encoder.yaml,near_semantic_parameter_variant,model.modality_encoder_type|output.experiment_name|project.experiment_name,NO,preserve_distinct_parameter_variant,medium,No deletion or merge in Phase 4A; compare the listed semantic keys before migration.
NEAR-0062,configs/baselines/multidag_cl/iemocap/formal/context_w5_tav.yaml,configs/baselines/multidag_cl/iemocap/stabilize/context_w5_tav_lr3e4.yaml,near_semantic_parameter_variant,output.experiment_name|project.experiment_name|training.lr,NO,preserve_distinct_parameter_variant,medium,No deletion or merge in Phase 4A; compare the listed semantic keys before migration.
NEAR-0063,configs/baselines/multidag_cl/iemocap/formal/context_w5_tav.yaml,configs/baselines/multidag_cl/iemocap/stabilize/context_w5_tav_lr5e4.yaml,near_semantic_parameter_variant,output.experiment_name|project.experiment_name|training.lr,NO,preserve_distinct_parameter_variant,medium,No deletion or merge in Phase 4A; compare the listed semantic keys before migration.
NEAR-0064,configs/baselines/multidag_cl/iemocap/formal/modality_w5_a.yaml,configs/baselines/multidag_cl/iemocap/formal/modality_w5_av.yaml,near_semantic_parameter_variant,model.active_modalities[1]|output.experiment_name|project.experiment_name,NO,preserve_distinct_parameter_variant,medium,No deletion or merge in Phase 4A; compare the listed semantic keys before migration.
NEAR-0065,configs/baselines/multidag_cl/iemocap/formal/modality_w5_a.yaml,configs/baselines/multidag_cl/iemocap/formal/modality_w5_t.yaml,near_semantic_parameter_variant,model.active_modalities[0]|output.experiment_name|project.experiment_name,NO,preserve_distinct_parameter_variant,medium,No deletion or merge in Phase 4A; compare the listed semantic keys before migration.
NEAR-0066,configs/baselines/multidag_cl/iemocap/formal/modality_w5_a.yaml,configs/baselines/multidag_cl/iemocap/formal/modality_w5_v.yaml,near_semantic_parameter_variant,model.active_modalities[0]|output.experiment_name|project.experiment_name,NO,preserve_distinct_parameter_variant,medium,No deletion or merge in Phase 4A; compare the listed semantic keys before migration.
NEAR-0067,configs/baselines/multidag_cl/iemocap/formal/modality_w5_av.yaml,configs/baselines/multidag_cl/iemocap/formal/modality_w5_tv.yaml,near_semantic_parameter_variant,model.active_modalities[0]|output.experiment_name|project.experiment_name,NO,preserve_distinct_parameter_variant,medium,No deletion or merge in Phase 4A; compare the listed semantic keys before migration.
NEAR-0068,configs/baselines/multidag_cl/iemocap/formal/modality_w5_t.yaml,configs/baselines/multidag_cl/iemocap/formal/modality_w5_ta.yaml,near_semantic_parameter_variant,model.active_modalities[1]|output.experiment_name|project.experiment_name,NO,preserve_distinct_parameter_variant,medium,No deletion or merge in Phase 4A; compare the listed semantic keys before migration.
NEAR-0069,configs/baselines/multidag_cl/iemocap/formal/modality_w5_t.yaml,configs/baselines/multidag_cl/iemocap/formal/modality_w5_tv.yaml,near_semantic_parameter_variant,model.active_modalities[1]|output.experiment_name|project.experiment_name,NO,preserve_distinct_parameter_variant,medium,No deletion or merge in Phase 4A; compare the listed semantic keys before migration.
NEAR-0070,configs/baselines/multidag_cl/iemocap/formal/modality_w5_t.yaml,configs/baselines/multidag_cl/iemocap/formal/modality_w5_v.yaml,near_semantic_parameter_variant,model.active_modalities[0]|output.experiment_name|project.experiment_name,NO,preserve_distinct_parameter_variant,medium,No deletion or merge in Phase 4A; compare the listed semantic keys before migration.
NEAR-0071,configs/baselines/multidag_cl/iemocap/formal/modality_w5_ta.yaml,configs/baselines/multidag_cl/iemocap/formal/modality_w5_tav.yaml,near_semantic_parameter_variant,model.active_modalities[2]|output.experiment_name|project.experiment_name,NO,preserve_distinct_parameter_variant,medium,No deletion or merge in Phase 4A; compare the listed semantic keys before migration.
NEAR-0072,configs/baselines/multidag_cl/iemocap/formal/modality_w5_ta.yaml,configs/baselines/multidag_cl/iemocap/formal/modality_w5_tv.yaml,near_semantic_parameter_variant,model.active_modalities[1]|output.experiment_name|project.experiment_name,NO,preserve_distinct_parameter_variant,medium,No deletion or merge in Phase 4A; compare the listed semantic keys before migration.
NEAR-0073,configs/baselines/multidag_cl/iemocap/formal/modality_w5_tav.yaml,configs/baselines/multidag_cl/iemocap/stabilize/context_w5_tav_dropout01.yaml,near_semantic_parameter_variant,model.dropout|output.experiment_name|project.experiment_name,NO,preserve_distinct_parameter_variant,medium,No deletion or merge in Phase 4A; compare the listed semantic keys before migration.
NEAR-0074,configs/baselines/multidag_cl/iemocap/formal/modality_w5_tav.yaml,configs/baselines/multidag_cl/iemocap/stabilize/context_w5_tav_dropout02.yaml,near_semantic_parameter_variant,model.dropout|output.experiment_name|project.experiment_name,NO,preserve_distinct_parameter_variant,medium,No deletion or merge in Phase 4A; compare the listed semantic keys before migration.
NEAR-0075,configs/baselines/multidag_cl/iemocap/formal/modality_w5_tav.yaml,configs/baselines/multidag_cl/iemocap/stabilize/context_w5_tav_graph1.yaml,near_semantic_parameter_variant,model.num_graph_layers|output.experiment_name|project.experiment_name,NO,preserve_distinct_parameter_variant,medium,No deletion or merge in Phase 4A; compare the listed semantic keys before migration.
NEAR-0076,configs/baselines/multidag_cl/iemocap/formal/modality_w5_tav.yaml,configs/baselines/multidag_cl/iemocap/stabilize/context_w5_tav_linear_encoder.yaml,near_semantic_parameter_variant,model.modality_encoder_type|output.experiment_name|project.experiment_name,NO,preserve_distinct_parameter_variant,medium,No deletion or merge in Phase 4A; compare the listed semantic keys before migration.
NEAR-0077,configs/baselines/multidag_cl/iemocap/formal/modality_w5_tav.yaml,configs/baselines/multidag_cl/iemocap/stabilize/context_w5_tav_lr3e4.yaml,near_semantic_parameter_variant,output.experiment_name|project.experiment_name|training.lr,NO,preserve_distinct_parameter_variant,medium,No deletion or merge in Phase 4A; compare the listed semantic keys before migration.
NEAR-0078,configs/baselines/multidag_cl/iemocap/formal/modality_w5_tav.yaml,configs/baselines/multidag_cl/iemocap/stabilize/context_w5_tav_lr5e4.yaml,near_semantic_parameter_variant,output.experiment_name|project.experiment_name|training.lr,NO,preserve_distinct_parameter_variant,medium,No deletion or merge in Phase 4A; compare the listed semantic keys before migration.
NEAR-0079,configs/baselines/multidag_cl/iemocap/loss_stability/context_w5_tav_stable_lr3e4_plateau_valloss.yaml,configs/baselines/multidag_cl/iemocap/loss_stability/context_w5_tav_stable_lr5e4_plateau_valloss.yaml,near_semantic_parameter_variant,output.experiment_name|project.experiment_name|training.lr,NO,preserve_distinct_parameter_variant,medium,No deletion or merge in Phase 4A; compare the listed semantic keys before migration.
NEAR-0080,configs/baselines/multidag_cl/iemocap/stabilize/context_w0_tav_stable_candidate.yaml,configs/baselines/multidag_cl/iemocap/stabilize/context_w3_tav_stable_candidate.yaml,near_semantic_parameter_variant,graph.window_past|output.experiment_name|project.experiment_name,NO,preserve_distinct_parameter_variant,medium,No deletion or merge in Phase 4A; compare the listed semantic keys before migration.
NEAR-0081,configs/baselines/multidag_cl/iemocap/stabilize/context_w0_tav_stable_candidate.yaml,configs/baselines/multidag_cl/iemocap/stabilize/context_w5_tav_stable_candidate.yaml,near_semantic_parameter_variant,graph.window_past|output.experiment_name|project.experiment_name,NO,preserve_distinct_parameter_variant,medium,No deletion or merge in Phase 4A; compare the listed semantic keys before migration.
NEAR-0082,configs/baselines/multidag_cl/iemocap/stabilize/context_w3_tav_stable_candidate.yaml,configs/baselines/multidag_cl/iemocap/stabilize/context_w5_tav_stable_candidate.yaml,near_semantic_parameter_variant,graph.window_past|output.experiment_name|project.experiment_name,NO,preserve_distinct_parameter_variant,medium,No deletion or merge in Phase 4A; compare the listed semantic keys before migration.
NEAR-0083,configs/baselines/multidag_cl/iemocap/stabilize/context_w5_tav_dropout01.yaml,configs/baselines/multidag_cl/iemocap/stabilize/context_w5_tav_dropout02.yaml,near_semantic_parameter_variant,model.dropout|output.experiment_name|project.experiment_name,NO,preserve_distinct_parameter_variant,medium,No deletion or merge in Phase 4A; compare the listed semantic keys before migration.
NEAR-0084,configs/baselines/multidag_cl/iemocap/stabilize/context_w5_tav_lr3e4.yaml,configs/baselines/multidag_cl/iemocap/stabilize/context_w5_tav_lr5e4.yaml,near_semantic_parameter_variant,output.experiment_name|project.experiment_name|training.lr,NO,preserve_distinct_parameter_variant,medium,No deletion or merge in Phase 4A; compare the listed semantic keys before migration.
NEAR-0085,configs/experiments/original_merc/clean_fold_bases/dialoguegcn_clean.yaml,configs/experiments/original_merc/clean_screening/dialoguegcn_clean.yaml,near_semantic_parameter_variant,profile|run_name,NO,preserve_distinct_parameter_variant,medium,No deletion or merge in Phase 4A; compare the listed semantic keys before migration.
NEAR-0086,configs/experiments/original_merc/clean_fold_bases/gsmcc_clean.yaml,configs/experiments/original_merc/clean_screening/gsmcc_clean.yaml,near_semantic_parameter_variant,profile|run_name,NO,preserve_distinct_parameter_variant,medium,No deletion or merge in Phase 4A; compare the listed semantic keys before migration.
NEAR-0087,configs/experiments/original_merc/clean_fold_bases/mmgcn_clean.yaml,configs/experiments/original_merc/clean_screening/mmgcn_clean.yaml,near_semantic_parameter_variant,profile|run_name,NO,preserve_distinct_parameter_variant,medium,No deletion or merge in Phase 4A; compare the listed semantic keys before migration.
NEAR-0088,configs/experiments/original_merc/clean_fold_bases/multidag_cl_clean.yaml,configs/experiments/original_merc/clean_screening/multidag_cl_clean.yaml,near_semantic_parameter_variant,profile|run_name,NO,preserve_distinct_parameter_variant,medium,No deletion or merge in Phase 4A; compare the listed semantic keys before migration.
NEAR-0089,configs/pipeline/dialoguegcn/iemocap/causal_benchmark/official_prefix.yaml,configs/pipeline/dialoguegcn/iemocap/causal_benchmark/val_ses01.yaml,near_semantic_parameter_variant,project.pipeline_name|train.train_config_path,NO,preserve_distinct_parameter_variant,medium,No deletion or merge in Phase 4A; compare the listed semantic keys before migration.
NEAR-0090,configs/pipeline/dialoguegcn/iemocap/causal_benchmark/official_prefix.yaml,configs/pipeline/dialoguegcn/iemocap/causal_benchmark/val_ses02.yaml,near_semantic_parameter_variant,project.pipeline_name|train.train_config_path,NO,preserve_distinct_parameter_variant,medium,No deletion or merge in Phase 4A; compare the listed semantic keys before migration.
NEAR-0091,configs/pipeline/dialoguegcn/iemocap/causal_benchmark/official_prefix.yaml,configs/pipeline/dialoguegcn/iemocap/causal_benchmark/val_ses03.yaml,near_semantic_parameter_variant,project.pipeline_name|train.train_config_path,NO,preserve_distinct_parameter_variant,medium,No deletion or merge in Phase 4A; compare the listed semantic keys before migration.
NEAR-0092,configs/pipeline/dialoguegcn/iemocap/causal_benchmark/official_prefix.yaml,configs/pipeline/dialoguegcn/iemocap/causal_benchmark/val_ses04.yaml,near_semantic_parameter_variant,project.pipeline_name|train.train_config_path,NO,preserve_distinct_parameter_variant,medium,No deletion or merge in Phase 4A; compare the listed semantic keys before migration.
NEAR-0093,configs/pipeline/dialoguegcn/iemocap/causal_benchmark/official_prefix.yaml,configs/pipeline/gsmcc/iemocap/causal_benchmark/official_prefix.yaml,near_semantic_parameter_variant,model.name|project.pipeline_name|train.train_config_path,NO,preserve_distinct_parameter_variant,medium,No deletion or merge in Phase 4A; compare the listed semantic keys before migration.
NEAR-0094,configs/pipeline/dialoguegcn/iemocap/causal_benchmark/official_prefix.yaml,configs/pipeline/gsmcc/iemocap/causal_benchmark/val_ses01.yaml,near_semantic_parameter_variant,model.name|project.pipeline_name|train.train_config_path,NO,preserve_distinct_parameter_variant,medium,No deletion or merge in Phase 4A; compare the listed semantic keys before migration.
NEAR-0095,configs/pipeline/dialoguegcn/iemocap/causal_benchmark/official_prefix.yaml,configs/pipeline/gsmcc/iemocap/causal_benchmark/val_ses02.yaml,near_semantic_parameter_variant,model.name|project.pipeline_name|train.train_config_path,NO,preserve_distinct_parameter_variant,medium,No deletion or merge in Phase 4A; compare the listed semantic keys before migration.
NEAR-0096,configs/pipeline/dialoguegcn/iemocap/causal_benchmark/official_prefix.yaml,configs/pipeline/gsmcc/iemocap/causal_benchmark/val_ses03.yaml,near_semantic_parameter_variant,model.name|project.pipeline_name|train.train_config_path,NO,preserve_distinct_parameter_variant,medium,No deletion or merge in Phase 4A; compare the listed semantic keys before migration.
NEAR-0097,configs/pipeline/dialoguegcn/iemocap/causal_benchmark/official_prefix.yaml,configs/pipeline/gsmcc/iemocap/causal_benchmark/val_ses04.yaml,near_semantic_parameter_variant,model.name|project.pipeline_name|train.train_config_path,NO,preserve_distinct_parameter_variant,medium,No deletion or merge in Phase 4A; compare the listed semantic keys before migration.
NEAR-0098,configs/pipeline/dialoguegcn/iemocap/causal_benchmark/official_prefix.yaml,configs/pipeline/mmgcn/iemocap/causal_benchmark/official_prefix.yaml,near_semantic_parameter_variant,model.name|project.pipeline_name|train.train_config_path,NO,preserve_distinct_parameter_variant,medium,No deletion or merge in Phase 4A; compare the listed semantic keys before migration.
NEAR-0099,configs/pipeline/dialoguegcn/iemocap/causal_benchmark/official_prefix.yaml,configs/pipeline/mmgcn/iemocap/causal_benchmark/val_ses01.yaml,near_semantic_parameter_variant,model.name|project.pipeline_name|train.train_config_path,NO,preserve_distinct_parameter_variant,medium,No deletion or merge in Phase 4A; compare the listed semantic keys before migration.
NEAR-0100,configs/pipeline/dialoguegcn/iemocap/causal_benchmark/official_prefix.yaml,configs/pipeline/mmgcn/iemocap/causal_benchmark/val_ses02.yaml,near_semantic_parameter_variant,model.name|project.pipeline_name|train.train_config_path,NO,preserve_distinct_parameter_variant,medium,No deletion or merge in Phase 4A; compare the listed semantic keys before migration.
NEAR-0101,configs/pipeline/dialoguegcn/iemocap/causal_benchmark/official_prefix.yaml,configs/pipeline/mmgcn/iemocap/causal_benchmark/val_ses03.yaml,near_semantic_parameter_variant,model.name|project.pipeline_name|train.train_config_path,NO,preserve_distinct_parameter_variant,medium,No deletion or merge in Phase 4A; compare the listed semantic keys before migration.
NEAR-0102,configs/pipeline/dialoguegcn/iemocap/causal_benchmark/official_prefix.yaml,configs/pipeline/mmgcn/iemocap/causal_benchmark/val_ses04.yaml,near_semantic_parameter_variant,model.name|project.pipeline_name|train.train_config_path,NO,preserve_distinct_parameter_variant,medium,No deletion or merge in Phase 4A; compare the listed semantic keys before migration.
NEAR-0103,configs/pipeline/dialoguegcn/iemocap/causal_benchmark/official_prefix.yaml,configs/pipeline/multidag_cl/iemocap/causal_benchmark/official_prefix.yaml,near_semantic_parameter_variant,model.name|project.pipeline_name|train.train_config_path,NO,preserve_distinct_parameter_variant,medium,No deletion or merge in Phase 4A; compare the listed semantic keys before migration.
NEAR-0104,configs/pipeline/dialoguegcn/iemocap/causal_benchmark/official_prefix.yaml,configs/pipeline/multidag_cl/iemocap/causal_benchmark/val_ses01.yaml,near_semantic_parameter_variant,model.name|project.pipeline_name|train.train_config_path,NO,preserve_distinct_parameter_variant,medium,No deletion or merge in Phase 4A; compare the listed semantic keys before migration.
NEAR-0105,configs/pipeline/dialoguegcn/iemocap/causal_benchmark/official_prefix.yaml,configs/pipeline/multidag_cl/iemocap/causal_benchmark/val_ses02.yaml,near_semantic_parameter_variant,model.name|project.pipeline_name|train.train_config_path,NO,preserve_distinct_parameter_variant,medium,No deletion or merge in Phase 4A; compare the listed semantic keys before migration.
NEAR-0106,configs/pipeline/dialoguegcn/iemocap/causal_benchmark/official_prefix.yaml,configs/pipeline/multidag_cl/iemocap/causal_benchmark/val_ses03.yaml,near_semantic_parameter_variant,model.name|project.pipeline_name|train.train_config_path,NO,preserve_distinct_parameter_variant,medium,No deletion or merge in Phase 4A; compare the listed semantic keys before migration.
NEAR-0107,configs/pipeline/dialoguegcn/iemocap/causal_benchmark/official_prefix.yaml,configs/pipeline/multidag_cl/iemocap/causal_benchmark/val_ses04.yaml,near_semantic_parameter_variant,model.name|project.pipeline_name|train.train_config_path,NO,preserve_distinct_parameter_variant,medium,No deletion or merge in Phase 4A; compare the listed semantic keys before migration.
NEAR-0108,configs/pipeline/dialoguegcn/iemocap/causal_benchmark/val_ses01.yaml,configs/pipeline/dialoguegcn/iemocap/causal_benchmark/val_ses02.yaml,near_semantic_parameter_variant,project.pipeline_name|train.train_config_path,NO,preserve_distinct_parameter_variant,medium,No deletion or merge in Phase 4A; compare the listed semantic keys before migration.
NEAR-0109,configs/pipeline/dialoguegcn/iemocap/causal_benchmark/val_ses01.yaml,configs/pipeline/dialoguegcn/iemocap/causal_benchmark/val_ses03.yaml,near_semantic_parameter_variant,project.pipeline_name|train.train_config_path,NO,preserve_distinct_parameter_variant,medium,No deletion or merge in Phase 4A; compare the listed semantic keys before migration.
NEAR-0110,configs/pipeline/dialoguegcn/iemocap/causal_benchmark/val_ses01.yaml,configs/pipeline/dialoguegcn/iemocap/causal_benchmark/val_ses04.yaml,near_semantic_parameter_variant,project.pipeline_name|train.train_config_path,NO,preserve_distinct_parameter_variant,medium,No deletion or merge in Phase 4A; compare the listed semantic keys before migration.
NEAR-0111,configs/pipeline/dialoguegcn/iemocap/causal_benchmark/val_ses01.yaml,configs/pipeline/gsmcc/iemocap/causal_benchmark/official_prefix.yaml,near_semantic_parameter_variant,model.name|project.pipeline_name|train.train_config_path,NO,preserve_distinct_parameter_variant,medium,No deletion or merge in Phase 4A; compare the listed semantic keys before migration.
NEAR-0112,configs/pipeline/dialoguegcn/iemocap/causal_benchmark/val_ses01.yaml,configs/pipeline/gsmcc/iemocap/causal_benchmark/val_ses01.yaml,near_semantic_parameter_variant,model.name|project.pipeline_name|train.train_config_path,NO,preserve_distinct_parameter_variant,medium,No deletion or merge in Phase 4A; compare the listed semantic keys before migration.
NEAR-0113,configs/pipeline/dialoguegcn/iemocap/causal_benchmark/val_ses01.yaml,configs/pipeline/gsmcc/iemocap/causal_benchmark/val_ses02.yaml,near_semantic_parameter_variant,model.name|project.pipeline_name|train.train_config_path,NO,preserve_distinct_parameter_variant,medium,No deletion or merge in Phase 4A; compare the listed semantic keys before migration.
NEAR-0114,configs/pipeline/dialoguegcn/iemocap/causal_benchmark/val_ses01.yaml,configs/pipeline/gsmcc/iemocap/causal_benchmark/val_ses03.yaml,near_semantic_parameter_variant,model.name|project.pipeline_name|train.train_config_path,NO,preserve_distinct_parameter_variant,medium,No deletion or merge in Phase 4A; compare the listed semantic keys before migration.
NEAR-0115,configs/pipeline/dialoguegcn/iemocap/causal_benchmark/val_ses01.yaml,configs/pipeline/gsmcc/iemocap/causal_benchmark/val_ses04.yaml,near_semantic_parameter_variant,model.name|project.pipeline_name|train.train_config_path,NO,preserve_distinct_parameter_variant,medium,No deletion or merge in Phase 4A; compare the listed semantic keys before migration.
NEAR-0116,configs/pipeline/dialoguegcn/iemocap/causal_benchmark/val_ses01.yaml,configs/pipeline/mmgcn/iemocap/causal_benchmark/official_prefix.yaml,near_semantic_parameter_variant,model.name|project.pipeline_name|train.train_config_path,NO,preserve_distinct_parameter_variant,medium,No deletion or merge in Phase 4A; compare the listed semantic keys before migration.
NEAR-0117,configs/pipeline/dialoguegcn/iemocap/causal_benchmark/val_ses01.yaml,configs/pipeline/mmgcn/iemocap/causal_benchmark/val_ses01.yaml,near_semantic_parameter_variant,model.name|project.pipeline_name|train.train_config_path,NO,preserve_distinct_parameter_variant,medium,No deletion or merge in Phase 4A; compare the listed semantic keys before migration.
NEAR-0118,configs/pipeline/dialoguegcn/iemocap/causal_benchmark/val_ses01.yaml,configs/pipeline/mmgcn/iemocap/causal_benchmark/val_ses02.yaml,near_semantic_parameter_variant,model.name|project.pipeline_name|train.train_config_path,NO,preserve_distinct_parameter_variant,medium,No deletion or merge in Phase 4A; compare the listed semantic keys before migration.
NEAR-0119,configs/pipeline/dialoguegcn/iemocap/causal_benchmark/val_ses01.yaml,configs/pipeline/mmgcn/iemocap/causal_benchmark/val_ses03.yaml,near_semantic_parameter_variant,model.name|project.pipeline_name|train.train_config_path,NO,preserve_distinct_parameter_variant,medium,No deletion or merge in Phase 4A; compare the listed semantic keys before migration.
NEAR-0120,configs/pipeline/dialoguegcn/iemocap/causal_benchmark/val_ses01.yaml,configs/pipeline/mmgcn/iemocap/causal_benchmark/val_ses04.yaml,near_semantic_parameter_variant,model.name|project.pipeline_name|train.train_config_path,NO,preserve_distinct_parameter_variant,medium,No deletion or merge in Phase 4A; compare the listed semantic keys before migration.
NEAR-0121,configs/pipeline/dialoguegcn/iemocap/causal_benchmark/val_ses01.yaml,configs/pipeline/multidag_cl/iemocap/causal_benchmark/official_prefix.yaml,near_semantic_parameter_variant,model.name|project.pipeline_name|train.train_config_path,NO,preserve_distinct_parameter_variant,medium,No deletion or merge in Phase 4A; compare the listed semantic keys before migration.
NEAR-0122,configs/pipeline/dialoguegcn/iemocap/causal_benchmark/val_ses01.yaml,configs/pipeline/multidag_cl/iemocap/causal_benchmark/val_ses01.yaml,near_semantic_parameter_variant,model.name|project.pipeline_name|train.train_config_path,NO,preserve_distinct_parameter_variant,medium,No deletion or merge in Phase 4A; compare the listed semantic keys before migration.
NEAR-0123,configs/pipeline/dialoguegcn/iemocap/causal_benchmark/val_ses01.yaml,configs/pipeline/multidag_cl/iemocap/causal_benchmark/val_ses02.yaml,near_semantic_parameter_variant,model.name|project.pipeline_name|train.train_config_path,NO,preserve_distinct_parameter_variant,medium,No deletion or merge in Phase 4A; compare the listed semantic keys before migration.
NEAR-0124,configs/pipeline/dialoguegcn/iemocap/causal_benchmark/val_ses01.yaml,configs/pipeline/multidag_cl/iemocap/causal_benchmark/val_ses03.yaml,near_semantic_parameter_variant,model.name|project.pipeline_name|train.train_config_path,NO,preserve_distinct_parameter_variant,medium,No deletion or merge in Phase 4A; compare the listed semantic keys before migration.
NEAR-0125,configs/pipeline/dialoguegcn/iemocap/causal_benchmark/val_ses01.yaml,configs/pipeline/multidag_cl/iemocap/causal_benchmark/val_ses04.yaml,near_semantic_parameter_variant,model.name|project.pipeline_name|train.train_config_path,NO,preserve_distinct_parameter_variant,medium,No deletion or merge in Phase 4A; compare the listed semantic keys before migration.
NEAR-0126,configs/pipeline/dialoguegcn/iemocap/causal_benchmark/val_ses02.yaml,configs/pipeline/dialoguegcn/iemocap/causal_benchmark/val_ses03.yaml,near_semantic_parameter_variant,project.pipeline_name|train.train_config_path,NO,preserve_distinct_parameter_variant,medium,No deletion or merge in Phase 4A; compare the listed semantic keys before migration.
NEAR-0127,configs/pipeline/dialoguegcn/iemocap/causal_benchmark/val_ses02.yaml,configs/pipeline/dialoguegcn/iemocap/causal_benchmark/val_ses04.yaml,near_semantic_parameter_variant,project.pipeline_name|train.train_config_path,NO,preserve_distinct_parameter_variant,medium,No deletion or merge in Phase 4A; compare the listed semantic keys before migration.
NEAR-0128,configs/pipeline/dialoguegcn/iemocap/causal_benchmark/val_ses02.yaml,configs/pipeline/gsmcc/iemocap/causal_benchmark/official_prefix.yaml,near_semantic_parameter_variant,model.name|project.pipeline_name|train.train_config_path,NO,preserve_distinct_parameter_variant,medium,No deletion or merge in Phase 4A; compare the listed semantic keys before migration.
NEAR-0129,configs/pipeline/dialoguegcn/iemocap/causal_benchmark/val_ses02.yaml,configs/pipeline/gsmcc/iemocap/causal_benchmark/val_ses01.yaml,near_semantic_parameter_variant,model.name|project.pipeline_name|train.train_config_path,NO,preserve_distinct_parameter_variant,medium,No deletion or merge in Phase 4A; compare the listed semantic keys before migration.
NEAR-0130,configs/pipeline/dialoguegcn/iemocap/causal_benchmark/val_ses02.yaml,configs/pipeline/gsmcc/iemocap/causal_benchmark/val_ses02.yaml,near_semantic_parameter_variant,model.name|project.pipeline_name|train.train_config_path,NO,preserve_distinct_parameter_variant,medium,No deletion or merge in Phase 4A; compare the listed semantic keys before migration.
NEAR-0131,configs/pipeline/dialoguegcn/iemocap/causal_benchmark/val_ses02.yaml,configs/pipeline/gsmcc/iemocap/causal_benchmark/val_ses03.yaml,near_semantic_parameter_variant,model.name|project.pipeline_name|train.train_config_path,NO,preserve_distinct_parameter_variant,medium,No deletion or merge in Phase 4A; compare the listed semantic keys before migration.
NEAR-0132,configs/pipeline/dialoguegcn/iemocap/causal_benchmark/val_ses02.yaml,configs/pipeline/gsmcc/iemocap/causal_benchmark/val_ses04.yaml,near_semantic_parameter_variant,model.name|project.pipeline_name|train.train_config_path,NO,preserve_distinct_parameter_variant,medium,No deletion or merge in Phase 4A; compare the listed semantic keys before migration.
NEAR-0133,configs/pipeline/dialoguegcn/iemocap/causal_benchmark/val_ses02.yaml,configs/pipeline/mmgcn/iemocap/causal_benchmark/official_prefix.yaml,near_semantic_parameter_variant,model.name|project.pipeline_name|train.train_config_path,NO,preserve_distinct_parameter_variant,medium,No deletion or merge in Phase 4A; compare the listed semantic keys before migration.
NEAR-0134,configs/pipeline/dialoguegcn/iemocap/causal_benchmark/val_ses02.yaml,configs/pipeline/mmgcn/iemocap/causal_benchmark/val_ses01.yaml,near_semantic_parameter_variant,model.name|project.pipeline_name|train.train_config_path,NO,preserve_distinct_parameter_variant,medium,No deletion or merge in Phase 4A; compare the listed semantic keys before migration.
NEAR-0135,configs/pipeline/dialoguegcn/iemocap/causal_benchmark/val_ses02.yaml,configs/pipeline/mmgcn/iemocap/causal_benchmark/val_ses02.yaml,near_semantic_parameter_variant,model.name|project.pipeline_name|train.train_config_path,NO,preserve_distinct_parameter_variant,medium,No deletion or merge in Phase 4A; compare the listed semantic keys before migration.
NEAR-0136,configs/pipeline/dialoguegcn/iemocap/causal_benchmark/val_ses02.yaml,configs/pipeline/mmgcn/iemocap/causal_benchmark/val_ses03.yaml,near_semantic_parameter_variant,model.name|project.pipeline_name|train.train_config_path,NO,preserve_distinct_parameter_variant,medium,No deletion or merge in Phase 4A; compare the listed semantic keys before migration.
NEAR-0137,configs/pipeline/dialoguegcn/iemocap/causal_benchmark/val_ses02.yaml,configs/pipeline/mmgcn/iemocap/causal_benchmark/val_ses04.yaml,near_semantic_parameter_variant,model.name|project.pipeline_name|train.train_config_path,NO,preserve_distinct_parameter_variant,medium,No deletion or merge in Phase 4A; compare the listed semantic keys before migration.
NEAR-0138,configs/pipeline/dialoguegcn/iemocap/causal_benchmark/val_ses02.yaml,configs/pipeline/multidag_cl/iemocap/causal_benchmark/official_prefix.yaml,near_semantic_parameter_variant,model.name|project.pipeline_name|train.train_config_path,NO,preserve_distinct_parameter_variant,medium,No deletion or merge in Phase 4A; compare the listed semantic keys before migration.
NEAR-0139,configs/pipeline/dialoguegcn/iemocap/causal_benchmark/val_ses02.yaml,configs/pipeline/multidag_cl/iemocap/causal_benchmark/val_ses01.yaml,near_semantic_parameter_variant,model.name|project.pipeline_name|train.train_config_path,NO,preserve_distinct_parameter_variant,medium,No deletion or merge in Phase 4A; compare the listed semantic keys before migration.
NEAR-0140,configs/pipeline/dialoguegcn/iemocap/causal_benchmark/val_ses02.yaml,configs/pipeline/multidag_cl/iemocap/causal_benchmark/val_ses02.yaml,near_semantic_parameter_variant,model.name|project.pipeline_name|train.train_config_path,NO,preserve_distinct_parameter_variant,medium,No deletion or merge in Phase 4A; compare the listed semantic keys before migration.
NEAR-0141,configs/pipeline/dialoguegcn/iemocap/causal_benchmark/val_ses02.yaml,configs/pipeline/multidag_cl/iemocap/causal_benchmark/val_ses03.yaml,near_semantic_parameter_variant,model.name|project.pipeline_name|train.train_config_path,NO,preserve_distinct_parameter_variant,medium,No deletion or merge in Phase 4A; compare the listed semantic keys before migration.
NEAR-0142,configs/pipeline/dialoguegcn/iemocap/causal_benchmark/val_ses02.yaml,configs/pipeline/multidag_cl/iemocap/causal_benchmark/val_ses04.yaml,near_semantic_parameter_variant,model.name|project.pipeline_name|train.train_config_path,NO,preserve_distinct_parameter_variant,medium,No deletion or merge in Phase 4A; compare the listed semantic keys before migration.
NEAR-0143,configs/pipeline/dialoguegcn/iemocap/causal_benchmark/val_ses03.yaml,configs/pipeline/dialoguegcn/iemocap/causal_benchmark/val_ses04.yaml,near_semantic_parameter_variant,project.pipeline_name|train.train_config_path,NO,preserve_distinct_parameter_variant,medium,No deletion or merge in Phase 4A; compare the listed semantic keys before migration.
NEAR-0144,configs/pipeline/dialoguegcn/iemocap/causal_benchmark/val_ses03.yaml,configs/pipeline/gsmcc/iemocap/causal_benchmark/official_prefix.yaml,near_semantic_parameter_variant,model.name|project.pipeline_name|train.train_config_path,NO,preserve_distinct_parameter_variant,medium,No deletion or merge in Phase 4A; compare the listed semantic keys before migration.
NEAR-0145,configs/pipeline/dialoguegcn/iemocap/causal_benchmark/val_ses03.yaml,configs/pipeline/gsmcc/iemocap/causal_benchmark/val_ses01.yaml,near_semantic_parameter_variant,model.name|project.pipeline_name|train.train_config_path,NO,preserve_distinct_parameter_variant,medium,No deletion or merge in Phase 4A; compare the listed semantic keys before migration.
NEAR-0146,configs/pipeline/dialoguegcn/iemocap/causal_benchmark/val_ses03.yaml,configs/pipeline/gsmcc/iemocap/causal_benchmark/val_ses02.yaml,near_semantic_parameter_variant,model.name|project.pipeline_name|train.train_config_path,NO,preserve_distinct_parameter_variant,medium,No deletion or merge in Phase 4A; compare the listed semantic keys before migration.
NEAR-0147,configs/pipeline/dialoguegcn/iemocap/causal_benchmark/val_ses03.yaml,configs/pipeline/gsmcc/iemocap/causal_benchmark/val_ses03.yaml,near_semantic_parameter_variant,model.name|project.pipeline_name|train.train_config_path,NO,preserve_distinct_parameter_variant,medium,No deletion or merge in Phase 4A; compare the listed semantic keys before migration.
NEAR-0148,configs/pipeline/dialoguegcn/iemocap/causal_benchmark/val_ses03.yaml,configs/pipeline/gsmcc/iemocap/causal_benchmark/val_ses04.yaml,near_semantic_parameter_variant,model.name|project.pipeline_name|train.train_config_path,NO,preserve_distinct_parameter_variant,medium,No deletion or merge in Phase 4A; compare the listed semantic keys before migration.
NEAR-0149,configs/pipeline/dialoguegcn/iemocap/causal_benchmark/val_ses03.yaml,configs/pipeline/mmgcn/iemocap/causal_benchmark/official_prefix.yaml,near_semantic_parameter_variant,model.name|project.pipeline_name|train.train_config_path,NO,preserve_distinct_parameter_variant,medium,No deletion or merge in Phase 4A; compare the listed semantic keys before migration.
NEAR-0150,configs/pipeline/dialoguegcn/iemocap/causal_benchmark/val_ses03.yaml,configs/pipeline/mmgcn/iemocap/causal_benchmark/val_ses01.yaml,near_semantic_parameter_variant,model.name|project.pipeline_name|train.train_config_path,NO,preserve_distinct_parameter_variant,medium,No deletion or merge in Phase 4A; compare the listed semantic keys before migration.
NEAR-0151,configs/pipeline/dialoguegcn/iemocap/causal_benchmark/val_ses03.yaml,configs/pipeline/mmgcn/iemocap/causal_benchmark/val_ses02.yaml,near_semantic_parameter_variant,model.name|project.pipeline_name|train.train_config_path,NO,preserve_distinct_parameter_variant,medium,No deletion or merge in Phase 4A; compare the listed semantic keys before migration.
NEAR-0152,configs/pipeline/dialoguegcn/iemocap/causal_benchmark/val_ses03.yaml,configs/pipeline/mmgcn/iemocap/causal_benchmark/val_ses03.yaml,near_semantic_parameter_variant,model.name|project.pipeline_name|train.train_config_path,NO,preserve_distinct_parameter_variant,medium,No deletion or merge in Phase 4A; compare the listed semantic keys before migration.
NEAR-0153,configs/pipeline/dialoguegcn/iemocap/causal_benchmark/val_ses03.yaml,configs/pipeline/mmgcn/iemocap/causal_benchmark/val_ses04.yaml,near_semantic_parameter_variant,model.name|project.pipeline_name|train.train_config_path,NO,preserve_distinct_parameter_variant,medium,No deletion or merge in Phase 4A; compare the listed semantic keys before migration.
NEAR-0154,configs/pipeline/dialoguegcn/iemocap/causal_benchmark/val_ses03.yaml,configs/pipeline/multidag_cl/iemocap/causal_benchmark/official_prefix.yaml,near_semantic_parameter_variant,model.name|project.pipeline_name|train.train_config_path,NO,preserve_distinct_parameter_variant,medium,No deletion or merge in Phase 4A; compare the listed semantic keys before migration.
NEAR-0155,configs/pipeline/dialoguegcn/iemocap/causal_benchmark/val_ses03.yaml,configs/pipeline/multidag_cl/iemocap/causal_benchmark/val_ses01.yaml,near_semantic_parameter_variant,model.name|project.pipeline_name|train.train_config_path,NO,preserve_distinct_parameter_variant,medium,No deletion or merge in Phase 4A; compare the listed semantic keys before migration.
NEAR-0156,configs/pipeline/dialoguegcn/iemocap/causal_benchmark/val_ses03.yaml,configs/pipeline/multidag_cl/iemocap/causal_benchmark/val_ses02.yaml,near_semantic_parameter_variant,model.name|project.pipeline_name|train.train_config_path,NO,preserve_distinct_parameter_variant,medium,No deletion or merge in Phase 4A; compare the listed semantic keys before migration.
NEAR-0157,configs/pipeline/dialoguegcn/iemocap/causal_benchmark/val_ses03.yaml,configs/pipeline/multidag_cl/iemocap/causal_benchmark/val_ses03.yaml,near_semantic_parameter_variant,model.name|project.pipeline_name|train.train_config_path,NO,preserve_distinct_parameter_variant,medium,No deletion or merge in Phase 4A; compare the listed semantic keys before migration.
NEAR-0158,configs/pipeline/dialoguegcn/iemocap/causal_benchmark/val_ses03.yaml,configs/pipeline/multidag_cl/iemocap/causal_benchmark/val_ses04.yaml,near_semantic_parameter_variant,model.name|project.pipeline_name|train.train_config_path,NO,preserve_distinct_parameter_variant,medium,No deletion or merge in Phase 4A; compare the listed semantic keys before migration.
NEAR-0159,configs/pipeline/dialoguegcn/iemocap/causal_benchmark/val_ses04.yaml,configs/pipeline/gsmcc/iemocap/causal_benchmark/official_prefix.yaml,near_semantic_parameter_variant,model.name|project.pipeline_name|train.train_config_path,NO,preserve_distinct_parameter_variant,medium,No deletion or merge in Phase 4A; compare the listed semantic keys before migration.
NEAR-0160,configs/pipeline/dialoguegcn/iemocap/causal_benchmark/val_ses04.yaml,configs/pipeline/gsmcc/iemocap/causal_benchmark/val_ses01.yaml,near_semantic_parameter_variant,model.name|project.pipeline_name|train.train_config_path,NO,preserve_distinct_parameter_variant,medium,No deletion or merge in Phase 4A; compare the listed semantic keys before migration.
NEAR-0161,configs/pipeline/dialoguegcn/iemocap/causal_benchmark/val_ses04.yaml,configs/pipeline/gsmcc/iemocap/causal_benchmark/val_ses02.yaml,near_semantic_parameter_variant,model.name|project.pipeline_name|train.train_config_path,NO,preserve_distinct_parameter_variant,medium,No deletion or merge in Phase 4A; compare the listed semantic keys before migration.
NEAR-0162,configs/pipeline/dialoguegcn/iemocap/causal_benchmark/val_ses04.yaml,configs/pipeline/gsmcc/iemocap/causal_benchmark/val_ses03.yaml,near_semantic_parameter_variant,model.name|project.pipeline_name|train.train_config_path,NO,preserve_distinct_parameter_variant,medium,No deletion or merge in Phase 4A; compare the listed semantic keys before migration.
NEAR-0163,configs/pipeline/dialoguegcn/iemocap/causal_benchmark/val_ses04.yaml,configs/pipeline/gsmcc/iemocap/causal_benchmark/val_ses04.yaml,near_semantic_parameter_variant,model.name|project.pipeline_name|train.train_config_path,NO,preserve_distinct_parameter_variant,medium,No deletion or merge in Phase 4A; compare the listed semantic keys before migration.
NEAR-0164,configs/pipeline/dialoguegcn/iemocap/causal_benchmark/val_ses04.yaml,configs/pipeline/mmgcn/iemocap/causal_benchmark/official_prefix.yaml,near_semantic_parameter_variant,model.name|project.pipeline_name|train.train_config_path,NO,preserve_distinct_parameter_variant,medium,No deletion or merge in Phase 4A; compare the listed semantic keys before migration.
NEAR-0165,configs/pipeline/dialoguegcn/iemocap/causal_benchmark/val_ses04.yaml,configs/pipeline/mmgcn/iemocap/causal_benchmark/val_ses01.yaml,near_semantic_parameter_variant,model.name|project.pipeline_name|train.train_config_path,NO,preserve_distinct_parameter_variant,medium,No deletion or merge in Phase 4A; compare the listed semantic keys before migration.
NEAR-0166,configs/pipeline/dialoguegcn/iemocap/causal_benchmark/val_ses04.yaml,configs/pipeline/mmgcn/iemocap/causal_benchmark/val_ses02.yaml,near_semantic_parameter_variant,model.name|project.pipeline_name|train.train_config_path,NO,preserve_distinct_parameter_variant,medium,No deletion or merge in Phase 4A; compare the listed semantic keys before migration.
NEAR-0167,configs/pipeline/dialoguegcn/iemocap/causal_benchmark/val_ses04.yaml,configs/pipeline/mmgcn/iemocap/causal_benchmark/val_ses03.yaml,near_semantic_parameter_variant,model.name|project.pipeline_name|train.train_config_path,NO,preserve_distinct_parameter_variant,medium,No deletion or merge in Phase 4A; compare the listed semantic keys before migration.
NEAR-0168,configs/pipeline/dialoguegcn/iemocap/causal_benchmark/val_ses04.yaml,configs/pipeline/mmgcn/iemocap/causal_benchmark/val_ses04.yaml,near_semantic_parameter_variant,model.name|project.pipeline_name|train.train_config_path,NO,preserve_distinct_parameter_variant,medium,No deletion or merge in Phase 4A; compare the listed semantic keys before migration.
NEAR-0169,configs/pipeline/dialoguegcn/iemocap/causal_benchmark/val_ses04.yaml,configs/pipeline/multidag_cl/iemocap/causal_benchmark/official_prefix.yaml,near_semantic_parameter_variant,model.name|project.pipeline_name|train.train_config_path,NO,preserve_distinct_parameter_variant,medium,No deletion or merge in Phase 4A; compare the listed semantic keys before migration.
NEAR-0170,configs/pipeline/dialoguegcn/iemocap/causal_benchmark/val_ses04.yaml,configs/pipeline/multidag_cl/iemocap/causal_benchmark/val_ses01.yaml,near_semantic_parameter_variant,model.name|project.pipeline_name|train.train_config_path,NO,preserve_distinct_parameter_variant,medium,No deletion or merge in Phase 4A; compare the listed semantic keys before migration.
NEAR-0171,configs/pipeline/dialoguegcn/iemocap/causal_benchmark/val_ses04.yaml,configs/pipeline/multidag_cl/iemocap/causal_benchmark/val_ses02.yaml,near_semantic_parameter_variant,model.name|project.pipeline_name|train.train_config_path,NO,preserve_distinct_parameter_variant,medium,No deletion or merge in Phase 4A; compare the listed semantic keys before migration.
NEAR-0172,configs/pipeline/dialoguegcn/iemocap/causal_benchmark/val_ses04.yaml,configs/pipeline/multidag_cl/iemocap/causal_benchmark/val_ses03.yaml,near_semantic_parameter_variant,model.name|project.pipeline_name|train.train_config_path,NO,preserve_distinct_parameter_variant,medium,No deletion or merge in Phase 4A; compare the listed semantic keys before migration.
NEAR-0173,configs/pipeline/dialoguegcn/iemocap/causal_benchmark/val_ses04.yaml,configs/pipeline/multidag_cl/iemocap/causal_benchmark/val_ses04.yaml,near_semantic_parameter_variant,model.name|project.pipeline_name|train.train_config_path,NO,preserve_distinct_parameter_variant,medium,No deletion or merge in Phase 4A; compare the listed semantic keys before migration.
NEAR-0174,configs/pipeline/gsmcc/iemocap/causal_benchmark/official_prefix.yaml,configs/pipeline/gsmcc/iemocap/causal_benchmark/val_ses01.yaml,near_semantic_parameter_variant,project.pipeline_name|train.train_config_path,NO,preserve_distinct_parameter_variant,medium,No deletion or merge in Phase 4A; compare the listed semantic keys before migration.
NEAR-0175,configs/pipeline/gsmcc/iemocap/causal_benchmark/official_prefix.yaml,configs/pipeline/gsmcc/iemocap/causal_benchmark/val_ses02.yaml,near_semantic_parameter_variant,project.pipeline_name|train.train_config_path,NO,preserve_distinct_parameter_variant,medium,No deletion or merge in Phase 4A; compare the listed semantic keys before migration.
NEAR-0176,configs/pipeline/gsmcc/iemocap/causal_benchmark/official_prefix.yaml,configs/pipeline/gsmcc/iemocap/causal_benchmark/val_ses03.yaml,near_semantic_parameter_variant,project.pipeline_name|train.train_config_path,NO,preserve_distinct_parameter_variant,medium,No deletion or merge in Phase 4A; compare the listed semantic keys before migration.
NEAR-0177,configs/pipeline/gsmcc/iemocap/causal_benchmark/official_prefix.yaml,configs/pipeline/gsmcc/iemocap/causal_benchmark/val_ses04.yaml,near_semantic_parameter_variant,project.pipeline_name|train.train_config_path,NO,preserve_distinct_parameter_variant,medium,No deletion or merge in Phase 4A; compare the listed semantic keys before migration.
NEAR-0178,configs/pipeline/gsmcc/iemocap/causal_benchmark/official_prefix.yaml,configs/pipeline/mmgcn/iemocap/causal_benchmark/official_prefix.yaml,near_semantic_parameter_variant,model.name|project.pipeline_name|train.train_config_path,NO,preserve_distinct_parameter_variant,medium,No deletion or merge in Phase 4A; compare the listed semantic keys before migration.
NEAR-0179,configs/pipeline/gsmcc/iemocap/causal_benchmark/official_prefix.yaml,configs/pipeline/mmgcn/iemocap/causal_benchmark/val_ses01.yaml,near_semantic_parameter_variant,model.name|project.pipeline_name|train.train_config_path,NO,preserve_distinct_parameter_variant,medium,No deletion or merge in Phase 4A; compare the listed semantic keys before migration.
NEAR-0180,configs/pipeline/gsmcc/iemocap/causal_benchmark/official_prefix.yaml,configs/pipeline/mmgcn/iemocap/causal_benchmark/val_ses02.yaml,near_semantic_parameter_variant,model.name|project.pipeline_name|train.train_config_path,NO,preserve_distinct_parameter_variant,medium,No deletion or merge in Phase 4A; compare the listed semantic keys before migration.
NEAR-0181,configs/pipeline/gsmcc/iemocap/causal_benchmark/official_prefix.yaml,configs/pipeline/mmgcn/iemocap/causal_benchmark/val_ses03.yaml,near_semantic_parameter_variant,model.name|project.pipeline_name|train.train_config_path,NO,preserve_distinct_parameter_variant,medium,No deletion or merge in Phase 4A; compare the listed semantic keys before migration.
NEAR-0182,configs/pipeline/gsmcc/iemocap/causal_benchmark/official_prefix.yaml,configs/pipeline/mmgcn/iemocap/causal_benchmark/val_ses04.yaml,near_semantic_parameter_variant,model.name|project.pipeline_name|train.train_config_path,NO,preserve_distinct_parameter_variant,medium,No deletion or merge in Phase 4A; compare the listed semantic keys before migration.
NEAR-0183,configs/pipeline/gsmcc/iemocap/causal_benchmark/official_prefix.yaml,configs/pipeline/multidag_cl/iemocap/causal_benchmark/official_prefix.yaml,near_semantic_parameter_variant,model.name|project.pipeline_name|train.train_config_path,NO,preserve_distinct_parameter_variant,medium,No deletion or merge in Phase 4A; compare the listed semantic keys before migration.
NEAR-0184,configs/pipeline/gsmcc/iemocap/causal_benchmark/official_prefix.yaml,configs/pipeline/multidag_cl/iemocap/causal_benchmark/val_ses01.yaml,near_semantic_parameter_variant,model.name|project.pipeline_name|train.train_config_path,NO,preserve_distinct_parameter_variant,medium,No deletion or merge in Phase 4A; compare the listed semantic keys before migration.
NEAR-0185,configs/pipeline/gsmcc/iemocap/causal_benchmark/official_prefix.yaml,configs/pipeline/multidag_cl/iemocap/causal_benchmark/val_ses02.yaml,near_semantic_parameter_variant,model.name|project.pipeline_name|train.train_config_path,NO,preserve_distinct_parameter_variant,medium,No deletion or merge in Phase 4A; compare the listed semantic keys before migration.
NEAR-0186,configs/pipeline/gsmcc/iemocap/causal_benchmark/official_prefix.yaml,configs/pipeline/multidag_cl/iemocap/causal_benchmark/val_ses03.yaml,near_semantic_parameter_variant,model.name|project.pipeline_name|train.train_config_path,NO,preserve_distinct_parameter_variant,medium,No deletion or merge in Phase 4A; compare the listed semantic keys before migration.
NEAR-0187,configs/pipeline/gsmcc/iemocap/causal_benchmark/official_prefix.yaml,configs/pipeline/multidag_cl/iemocap/causal_benchmark/val_ses04.yaml,near_semantic_parameter_variant,model.name|project.pipeline_name|train.train_config_path,NO,preserve_distinct_parameter_variant,medium,No deletion or merge in Phase 4A; compare the listed semantic keys before migration.
NEAR-0188,configs/pipeline/gsmcc/iemocap/causal_benchmark/val_ses01.yaml,configs/pipeline/gsmcc/iemocap/causal_benchmark/val_ses02.yaml,near_semantic_parameter_variant,project.pipeline_name|train.train_config_path,NO,preserve_distinct_parameter_variant,medium,No deletion or merge in Phase 4A; compare the listed semantic keys before migration.
NEAR-0189,configs/pipeline/gsmcc/iemocap/causal_benchmark/val_ses01.yaml,configs/pipeline/gsmcc/iemocap/causal_benchmark/val_ses03.yaml,near_semantic_parameter_variant,project.pipeline_name|train.train_config_path,NO,preserve_distinct_parameter_variant,medium,No deletion or merge in Phase 4A; compare the listed semantic keys before migration.
NEAR-0190,configs/pipeline/gsmcc/iemocap/causal_benchmark/val_ses01.yaml,configs/pipeline/gsmcc/iemocap/causal_benchmark/val_ses04.yaml,near_semantic_parameter_variant,project.pipeline_name|train.train_config_path,NO,preserve_distinct_parameter_variant,medium,No deletion or merge in Phase 4A; compare the listed semantic keys before migration.
NEAR-0191,configs/pipeline/gsmcc/iemocap/causal_benchmark/val_ses01.yaml,configs/pipeline/mmgcn/iemocap/causal_benchmark/official_prefix.yaml,near_semantic_parameter_variant,model.name|project.pipeline_name|train.train_config_path,NO,preserve_distinct_parameter_variant,medium,No deletion or merge in Phase 4A; compare the listed semantic keys before migration.
NEAR-0192,configs/pipeline/gsmcc/iemocap/causal_benchmark/val_ses01.yaml,configs/pipeline/mmgcn/iemocap/causal_benchmark/val_ses01.yaml,near_semantic_parameter_variant,model.name|project.pipeline_name|train.train_config_path,NO,preserve_distinct_parameter_variant,medium,No deletion or merge in Phase 4A; compare the listed semantic keys before migration.
NEAR-0193,configs/pipeline/gsmcc/iemocap/causal_benchmark/val_ses01.yaml,configs/pipeline/mmgcn/iemocap/causal_benchmark/val_ses02.yaml,near_semantic_parameter_variant,model.name|project.pipeline_name|train.train_config_path,NO,preserve_distinct_parameter_variant,medium,No deletion or merge in Phase 4A; compare the listed semantic keys before migration.
NEAR-0194,configs/pipeline/gsmcc/iemocap/causal_benchmark/val_ses01.yaml,configs/pipeline/mmgcn/iemocap/causal_benchmark/val_ses03.yaml,near_semantic_parameter_variant,model.name|project.pipeline_name|train.train_config_path,NO,preserve_distinct_parameter_variant,medium,No deletion or merge in Phase 4A; compare the listed semantic keys before migration.
NEAR-0195,configs/pipeline/gsmcc/iemocap/causal_benchmark/val_ses01.yaml,configs/pipeline/mmgcn/iemocap/causal_benchmark/val_ses04.yaml,near_semantic_parameter_variant,model.name|project.pipeline_name|train.train_config_path,NO,preserve_distinct_parameter_variant,medium,No deletion or merge in Phase 4A; compare the listed semantic keys before migration.
NEAR-0196,configs/pipeline/gsmcc/iemocap/causal_benchmark/val_ses01.yaml,configs/pipeline/multidag_cl/iemocap/causal_benchmark/official_prefix.yaml,near_semantic_parameter_variant,model.name|project.pipeline_name|train.train_config_path,NO,preserve_distinct_parameter_variant,medium,No deletion or merge in Phase 4A; compare the listed semantic keys before migration.
NEAR-0197,configs/pipeline/gsmcc/iemocap/causal_benchmark/val_ses01.yaml,configs/pipeline/multidag_cl/iemocap/causal_benchmark/val_ses01.yaml,near_semantic_parameter_variant,model.name|project.pipeline_name|train.train_config_path,NO,preserve_distinct_parameter_variant,medium,No deletion or merge in Phase 4A; compare the listed semantic keys before migration.
NEAR-0198,configs/pipeline/gsmcc/iemocap/causal_benchmark/val_ses01.yaml,configs/pipeline/multidag_cl/iemocap/causal_benchmark/val_ses02.yaml,near_semantic_parameter_variant,model.name|project.pipeline_name|train.train_config_path,NO,preserve_distinct_parameter_variant,medium,No deletion or merge in Phase 4A; compare the listed semantic keys before migration.
NEAR-0199,configs/pipeline/gsmcc/iemocap/causal_benchmark/val_ses01.yaml,configs/pipeline/multidag_cl/iemocap/causal_benchmark/val_ses03.yaml,near_semantic_parameter_variant,model.name|project.pipeline_name|train.train_config_path,NO,preserve_distinct_parameter_variant,medium,No deletion or merge in Phase 4A; compare the listed semantic keys before migration.
NEAR-0200,configs/pipeline/gsmcc/iemocap/causal_benchmark/val_ses01.yaml,configs/pipeline/multidag_cl/iemocap/causal_benchmark/val_ses04.yaml,near_semantic_parameter_variant,model.name|project.pipeline_name|train.train_config_path,NO,preserve_distinct_parameter_variant,medium,No deletion or merge in Phase 4A; compare the listed semantic keys before migration.
NEAR-0201,configs/pipeline/gsmcc/iemocap/causal_benchmark/val_ses02.yaml,configs/pipeline/gsmcc/iemocap/causal_benchmark/val_ses03.yaml,near_semantic_parameter_variant,project.pipeline_name|train.train_config_path,NO,preserve_distinct_parameter_variant,medium,No deletion or merge in Phase 4A; compare the listed semantic keys before migration.
NEAR-0202,configs/pipeline/gsmcc/iemocap/causal_benchmark/val_ses02.yaml,configs/pipeline/gsmcc/iemocap/causal_benchmark/val_ses04.yaml,near_semantic_parameter_variant,project.pipeline_name|train.train_config_path,NO,preserve_distinct_parameter_variant,medium,No deletion or merge in Phase 4A; compare the listed semantic keys before migration.
NEAR-0203,configs/pipeline/gsmcc/iemocap/causal_benchmark/val_ses02.yaml,configs/pipeline/mmgcn/iemocap/causal_benchmark/official_prefix.yaml,near_semantic_parameter_variant,model.name|project.pipeline_name|train.train_config_path,NO,preserve_distinct_parameter_variant,medium,No deletion or merge in Phase 4A; compare the listed semantic keys before migration.
NEAR-0204,configs/pipeline/gsmcc/iemocap/causal_benchmark/val_ses02.yaml,configs/pipeline/mmgcn/iemocap/causal_benchmark/val_ses01.yaml,near_semantic_parameter_variant,model.name|project.pipeline_name|train.train_config_path,NO,preserve_distinct_parameter_variant,medium,No deletion or merge in Phase 4A; compare the listed semantic keys before migration.
NEAR-0205,configs/pipeline/gsmcc/iemocap/causal_benchmark/val_ses02.yaml,configs/pipeline/mmgcn/iemocap/causal_benchmark/val_ses02.yaml,near_semantic_parameter_variant,model.name|project.pipeline_name|train.train_config_path,NO,preserve_distinct_parameter_variant,medium,No deletion or merge in Phase 4A; compare the listed semantic keys before migration.
NEAR-0206,configs/pipeline/gsmcc/iemocap/causal_benchmark/val_ses02.yaml,configs/pipeline/mmgcn/iemocap/causal_benchmark/val_ses03.yaml,near_semantic_parameter_variant,model.name|project.pipeline_name|train.train_config_path,NO,preserve_distinct_parameter_variant,medium,No deletion or merge in Phase 4A; compare the listed semantic keys before migration.
NEAR-0207,configs/pipeline/gsmcc/iemocap/causal_benchmark/val_ses02.yaml,configs/pipeline/mmgcn/iemocap/causal_benchmark/val_ses04.yaml,near_semantic_parameter_variant,model.name|project.pipeline_name|train.train_config_path,NO,preserve_distinct_parameter_variant,medium,No deletion or merge in Phase 4A; compare the listed semantic keys before migration.
NEAR-0208,configs/pipeline/gsmcc/iemocap/causal_benchmark/val_ses02.yaml,configs/pipeline/multidag_cl/iemocap/causal_benchmark/official_prefix.yaml,near_semantic_parameter_variant,model.name|project.pipeline_name|train.train_config_path,NO,preserve_distinct_parameter_variant,medium,No deletion or merge in Phase 4A; compare the listed semantic keys before migration.
NEAR-0209,configs/pipeline/gsmcc/iemocap/causal_benchmark/val_ses02.yaml,configs/pipeline/multidag_cl/iemocap/causal_benchmark/val_ses01.yaml,near_semantic_parameter_variant,model.name|project.pipeline_name|train.train_config_path,NO,preserve_distinct_parameter_variant,medium,No deletion or merge in Phase 4A; compare the listed semantic keys before migration.
NEAR-0210,configs/pipeline/gsmcc/iemocap/causal_benchmark/val_ses02.yaml,configs/pipeline/multidag_cl/iemocap/causal_benchmark/val_ses02.yaml,near_semantic_parameter_variant,model.name|project.pipeline_name|train.train_config_path,NO,preserve_distinct_parameter_variant,medium,No deletion or merge in Phase 4A; compare the listed semantic keys before migration.
NEAR-0211,configs/pipeline/gsmcc/iemocap/causal_benchmark/val_ses02.yaml,configs/pipeline/multidag_cl/iemocap/causal_benchmark/val_ses03.yaml,near_semantic_parameter_variant,model.name|project.pipeline_name|train.train_config_path,NO,preserve_distinct_parameter_variant,medium,No deletion or merge in Phase 4A; compare the listed semantic keys before migration.
NEAR-0212,configs/pipeline/gsmcc/iemocap/causal_benchmark/val_ses02.yaml,configs/pipeline/multidag_cl/iemocap/causal_benchmark/val_ses04.yaml,near_semantic_parameter_variant,model.name|project.pipeline_name|train.train_config_path,NO,preserve_distinct_parameter_variant,medium,No deletion or merge in Phase 4A; compare the listed semantic keys before migration.
NEAR-0213,configs/pipeline/gsmcc/iemocap/causal_benchmark/val_ses03.yaml,configs/pipeline/gsmcc/iemocap/causal_benchmark/val_ses04.yaml,near_semantic_parameter_variant,project.pipeline_name|train.train_config_path,NO,preserve_distinct_parameter_variant,medium,No deletion or merge in Phase 4A; compare the listed semantic keys before migration.
NEAR-0214,configs/pipeline/gsmcc/iemocap/causal_benchmark/val_ses03.yaml,configs/pipeline/mmgcn/iemocap/causal_benchmark/official_prefix.yaml,near_semantic_parameter_variant,model.name|project.pipeline_name|train.train_config_path,NO,preserve_distinct_parameter_variant,medium,No deletion or merge in Phase 4A; compare the listed semantic keys before migration.
NEAR-0215,configs/pipeline/gsmcc/iemocap/causal_benchmark/val_ses03.yaml,configs/pipeline/mmgcn/iemocap/causal_benchmark/val_ses01.yaml,near_semantic_parameter_variant,model.name|project.pipeline_name|train.train_config_path,NO,preserve_distinct_parameter_variant,medium,No deletion or merge in Phase 4A; compare the listed semantic keys before migration.
NEAR-0216,configs/pipeline/gsmcc/iemocap/causal_benchmark/val_ses03.yaml,configs/pipeline/mmgcn/iemocap/causal_benchmark/val_ses02.yaml,near_semantic_parameter_variant,model.name|project.pipeline_name|train.train_config_path,NO,preserve_distinct_parameter_variant,medium,No deletion or merge in Phase 4A; compare the listed semantic keys before migration.
NEAR-0217,configs/pipeline/gsmcc/iemocap/causal_benchmark/val_ses03.yaml,configs/pipeline/mmgcn/iemocap/causal_benchmark/val_ses03.yaml,near_semantic_parameter_variant,model.name|project.pipeline_name|train.train_config_path,NO,preserve_distinct_parameter_variant,medium,No deletion or merge in Phase 4A; compare the listed semantic keys before migration.
NEAR-0218,configs/pipeline/gsmcc/iemocap/causal_benchmark/val_ses03.yaml,configs/pipeline/mmgcn/iemocap/causal_benchmark/val_ses04.yaml,near_semantic_parameter_variant,model.name|project.pipeline_name|train.train_config_path,NO,preserve_distinct_parameter_variant,medium,No deletion or merge in Phase 4A; compare the listed semantic keys before migration.
NEAR-0219,configs/pipeline/gsmcc/iemocap/causal_benchmark/val_ses03.yaml,configs/pipeline/multidag_cl/iemocap/causal_benchmark/official_prefix.yaml,near_semantic_parameter_variant,model.name|project.pipeline_name|train.train_config_path,NO,preserve_distinct_parameter_variant,medium,No deletion or merge in Phase 4A; compare the listed semantic keys before migration.
NEAR-0220,configs/pipeline/gsmcc/iemocap/causal_benchmark/val_ses03.yaml,configs/pipeline/multidag_cl/iemocap/causal_benchmark/val_ses01.yaml,near_semantic_parameter_variant,model.name|project.pipeline_name|train.train_config_path,NO,preserve_distinct_parameter_variant,medium,No deletion or merge in Phase 4A; compare the listed semantic keys before migration.
NEAR-0221,configs/pipeline/gsmcc/iemocap/causal_benchmark/val_ses03.yaml,configs/pipeline/multidag_cl/iemocap/causal_benchmark/val_ses02.yaml,near_semantic_parameter_variant,model.name|project.pipeline_name|train.train_config_path,NO,preserve_distinct_parameter_variant,medium,No deletion or merge in Phase 4A; compare the listed semantic keys before migration.
NEAR-0222,configs/pipeline/gsmcc/iemocap/causal_benchmark/val_ses03.yaml,configs/pipeline/multidag_cl/iemocap/causal_benchmark/val_ses03.yaml,near_semantic_parameter_variant,model.name|project.pipeline_name|train.train_config_path,NO,preserve_distinct_parameter_variant,medium,No deletion or merge in Phase 4A; compare the listed semantic keys before migration.
NEAR-0223,configs/pipeline/gsmcc/iemocap/causal_benchmark/val_ses03.yaml,configs/pipeline/multidag_cl/iemocap/causal_benchmark/val_ses04.yaml,near_semantic_parameter_variant,model.name|project.pipeline_name|train.train_config_path,NO,preserve_distinct_parameter_variant,medium,No deletion or merge in Phase 4A; compare the listed semantic keys before migration.
NEAR-0224,configs/pipeline/gsmcc/iemocap/causal_benchmark/val_ses04.yaml,configs/pipeline/mmgcn/iemocap/causal_benchmark/official_prefix.yaml,near_semantic_parameter_variant,model.name|project.pipeline_name|train.train_config_path,NO,preserve_distinct_parameter_variant,medium,No deletion or merge in Phase 4A; compare the listed semantic keys before migration.
NEAR-0225,configs/pipeline/gsmcc/iemocap/causal_benchmark/val_ses04.yaml,configs/pipeline/mmgcn/iemocap/causal_benchmark/val_ses01.yaml,near_semantic_parameter_variant,model.name|project.pipeline_name|train.train_config_path,NO,preserve_distinct_parameter_variant,medium,No deletion or merge in Phase 4A; compare the listed semantic keys before migration.
NEAR-0226,configs/pipeline/gsmcc/iemocap/causal_benchmark/val_ses04.yaml,configs/pipeline/mmgcn/iemocap/causal_benchmark/val_ses02.yaml,near_semantic_parameter_variant,model.name|project.pipeline_name|train.train_config_path,NO,preserve_distinct_parameter_variant,medium,No deletion or merge in Phase 4A; compare the listed semantic keys before migration.
NEAR-0227,configs/pipeline/gsmcc/iemocap/causal_benchmark/val_ses04.yaml,configs/pipeline/mmgcn/iemocap/causal_benchmark/val_ses03.yaml,near_semantic_parameter_variant,model.name|project.pipeline_name|train.train_config_path,NO,preserve_distinct_parameter_variant,medium,No deletion or merge in Phase 4A; compare the listed semantic keys before migration.
NEAR-0228,configs/pipeline/gsmcc/iemocap/causal_benchmark/val_ses04.yaml,configs/pipeline/mmgcn/iemocap/causal_benchmark/val_ses04.yaml,near_semantic_parameter_variant,model.name|project.pipeline_name|train.train_config_path,NO,preserve_distinct_parameter_variant,medium,No deletion or merge in Phase 4A; compare the listed semantic keys before migration.
NEAR-0229,configs/pipeline/gsmcc/iemocap/causal_benchmark/val_ses04.yaml,configs/pipeline/multidag_cl/iemocap/causal_benchmark/official_prefix.yaml,near_semantic_parameter_variant,model.name|project.pipeline_name|train.train_config_path,NO,preserve_distinct_parameter_variant,medium,No deletion or merge in Phase 4A; compare the listed semantic keys before migration.
NEAR-0230,configs/pipeline/gsmcc/iemocap/causal_benchmark/val_ses04.yaml,configs/pipeline/multidag_cl/iemocap/causal_benchmark/val_ses01.yaml,near_semantic_parameter_variant,model.name|project.pipeline_name|train.train_config_path,NO,preserve_distinct_parameter_variant,medium,No deletion or merge in Phase 4A; compare the listed semantic keys before migration.
NEAR-0231,configs/pipeline/gsmcc/iemocap/causal_benchmark/val_ses04.yaml,configs/pipeline/multidag_cl/iemocap/causal_benchmark/val_ses02.yaml,near_semantic_parameter_variant,model.name|project.pipeline_name|train.train_config_path,NO,preserve_distinct_parameter_variant,medium,No deletion or merge in Phase 4A; compare the listed semantic keys before migration.
NEAR-0232,configs/pipeline/gsmcc/iemocap/causal_benchmark/val_ses04.yaml,configs/pipeline/multidag_cl/iemocap/causal_benchmark/val_ses03.yaml,near_semantic_parameter_variant,model.name|project.pipeline_name|train.train_config_path,NO,preserve_distinct_parameter_variant,medium,No deletion or merge in Phase 4A; compare the listed semantic keys before migration.
NEAR-0233,configs/pipeline/gsmcc/iemocap/causal_benchmark/val_ses04.yaml,configs/pipeline/multidag_cl/iemocap/causal_benchmark/val_ses04.yaml,near_semantic_parameter_variant,model.name|project.pipeline_name|train.train_config_path,NO,preserve_distinct_parameter_variant,medium,No deletion or merge in Phase 4A; compare the listed semantic keys before migration.
NEAR-0234,configs/pipeline/mmgcn/iemocap/causal_benchmark/official_prefix.yaml,configs/pipeline/mmgcn/iemocap/causal_benchmark/val_ses01.yaml,near_semantic_parameter_variant,project.pipeline_name|train.train_config_path,NO,preserve_distinct_parameter_variant,medium,No deletion or merge in Phase 4A; compare the listed semantic keys before migration.
NEAR-0235,configs/pipeline/mmgcn/iemocap/causal_benchmark/official_prefix.yaml,configs/pipeline/mmgcn/iemocap/causal_benchmark/val_ses02.yaml,near_semantic_parameter_variant,project.pipeline_name|train.train_config_path,NO,preserve_distinct_parameter_variant,medium,No deletion or merge in Phase 4A; compare the listed semantic keys before migration.
NEAR-0236,configs/pipeline/mmgcn/iemocap/causal_benchmark/official_prefix.yaml,configs/pipeline/mmgcn/iemocap/causal_benchmark/val_ses03.yaml,near_semantic_parameter_variant,project.pipeline_name|train.train_config_path,NO,preserve_distinct_parameter_variant,medium,No deletion or merge in Phase 4A; compare the listed semantic keys before migration.
NEAR-0237,configs/pipeline/mmgcn/iemocap/causal_benchmark/official_prefix.yaml,configs/pipeline/mmgcn/iemocap/causal_benchmark/val_ses04.yaml,near_semantic_parameter_variant,project.pipeline_name|train.train_config_path,NO,preserve_distinct_parameter_variant,medium,No deletion or merge in Phase 4A; compare the listed semantic keys before migration.
NEAR-0238,configs/pipeline/mmgcn/iemocap/causal_benchmark/official_prefix.yaml,configs/pipeline/multidag_cl/iemocap/causal_benchmark/official_prefix.yaml,near_semantic_parameter_variant,model.name|project.pipeline_name|train.train_config_path,NO,preserve_distinct_parameter_variant,medium,No deletion or merge in Phase 4A; compare the listed semantic keys before migration.
NEAR-0239,configs/pipeline/mmgcn/iemocap/causal_benchmark/official_prefix.yaml,configs/pipeline/multidag_cl/iemocap/causal_benchmark/val_ses01.yaml,near_semantic_parameter_variant,model.name|project.pipeline_name|train.train_config_path,NO,preserve_distinct_parameter_variant,medium,No deletion or merge in Phase 4A; compare the listed semantic keys before migration.
NEAR-0240,configs/pipeline/mmgcn/iemocap/causal_benchmark/official_prefix.yaml,configs/pipeline/multidag_cl/iemocap/causal_benchmark/val_ses02.yaml,near_semantic_parameter_variant,model.name|project.pipeline_name|train.train_config_path,NO,preserve_distinct_parameter_variant,medium,No deletion or merge in Phase 4A; compare the listed semantic keys before migration.
NEAR-0241,configs/pipeline/mmgcn/iemocap/causal_benchmark/official_prefix.yaml,configs/pipeline/multidag_cl/iemocap/causal_benchmark/val_ses03.yaml,near_semantic_parameter_variant,model.name|project.pipeline_name|train.train_config_path,NO,preserve_distinct_parameter_variant,medium,No deletion or merge in Phase 4A; compare the listed semantic keys before migration.
NEAR-0242,configs/pipeline/mmgcn/iemocap/causal_benchmark/official_prefix.yaml,configs/pipeline/multidag_cl/iemocap/causal_benchmark/val_ses04.yaml,near_semantic_parameter_variant,model.name|project.pipeline_name|train.train_config_path,NO,preserve_distinct_parameter_variant,medium,No deletion or merge in Phase 4A; compare the listed semantic keys before migration.
NEAR-0243,configs/pipeline/mmgcn/iemocap/causal_benchmark/val_ses01.yaml,configs/pipeline/mmgcn/iemocap/causal_benchmark/val_ses02.yaml,near_semantic_parameter_variant,project.pipeline_name|train.train_config_path,NO,preserve_distinct_parameter_variant,medium,No deletion or merge in Phase 4A; compare the listed semantic keys before migration.
NEAR-0244,configs/pipeline/mmgcn/iemocap/causal_benchmark/val_ses01.yaml,configs/pipeline/mmgcn/iemocap/causal_benchmark/val_ses03.yaml,near_semantic_parameter_variant,project.pipeline_name|train.train_config_path,NO,preserve_distinct_parameter_variant,medium,No deletion or merge in Phase 4A; compare the listed semantic keys before migration.
NEAR-0245,configs/pipeline/mmgcn/iemocap/causal_benchmark/val_ses01.yaml,configs/pipeline/mmgcn/iemocap/causal_benchmark/val_ses04.yaml,near_semantic_parameter_variant,project.pipeline_name|train.train_config_path,NO,preserve_distinct_parameter_variant,medium,No deletion or merge in Phase 4A; compare the listed semantic keys before migration.
NEAR-0246,configs/pipeline/mmgcn/iemocap/causal_benchmark/val_ses01.yaml,configs/pipeline/multidag_cl/iemocap/causal_benchmark/official_prefix.yaml,near_semantic_parameter_variant,model.name|project.pipeline_name|train.train_config_path,NO,preserve_distinct_parameter_variant,medium,No deletion or merge in Phase 4A; compare the listed semantic keys before migration.
NEAR-0247,configs/pipeline/mmgcn/iemocap/causal_benchmark/val_ses01.yaml,configs/pipeline/multidag_cl/iemocap/causal_benchmark/val_ses01.yaml,near_semantic_parameter_variant,model.name|project.pipeline_name|train.train_config_path,NO,preserve_distinct_parameter_variant,medium,No deletion or merge in Phase 4A; compare the listed semantic keys before migration.
NEAR-0248,configs/pipeline/mmgcn/iemocap/causal_benchmark/val_ses01.yaml,configs/pipeline/multidag_cl/iemocap/causal_benchmark/val_ses02.yaml,near_semantic_parameter_variant,model.name|project.pipeline_name|train.train_config_path,NO,preserve_distinct_parameter_variant,medium,No deletion or merge in Phase 4A; compare the listed semantic keys before migration.
NEAR-0249,configs/pipeline/mmgcn/iemocap/causal_benchmark/val_ses01.yaml,configs/pipeline/multidag_cl/iemocap/causal_benchmark/val_ses03.yaml,near_semantic_parameter_variant,model.name|project.pipeline_name|train.train_config_path,NO,preserve_distinct_parameter_variant,medium,No deletion or merge in Phase 4A; compare the listed semantic keys before migration.
NEAR-0250,configs/pipeline/mmgcn/iemocap/causal_benchmark/val_ses01.yaml,configs/pipeline/multidag_cl/iemocap/causal_benchmark/val_ses04.yaml,near_semantic_parameter_variant,model.name|project.pipeline_name|train.train_config_path,NO,preserve_distinct_parameter_variant,medium,No deletion or merge in Phase 4A; compare the listed semantic keys before migration.
NEAR-0251,configs/pipeline/mmgcn/iemocap/causal_benchmark/val_ses02.yaml,configs/pipeline/mmgcn/iemocap/causal_benchmark/val_ses03.yaml,near_semantic_parameter_variant,project.pipeline_name|train.train_config_path,NO,preserve_distinct_parameter_variant,medium,No deletion or merge in Phase 4A; compare the listed semantic keys before migration.
NEAR-0252,configs/pipeline/mmgcn/iemocap/causal_benchmark/val_ses02.yaml,configs/pipeline/mmgcn/iemocap/causal_benchmark/val_ses04.yaml,near_semantic_parameter_variant,project.pipeline_name|train.train_config_path,NO,preserve_distinct_parameter_variant,medium,No deletion or merge in Phase 4A; compare the listed semantic keys before migration.
NEAR-0253,configs/pipeline/mmgcn/iemocap/causal_benchmark/val_ses02.yaml,configs/pipeline/multidag_cl/iemocap/causal_benchmark/official_prefix.yaml,near_semantic_parameter_variant,model.name|project.pipeline_name|train.train_config_path,NO,preserve_distinct_parameter_variant,medium,No deletion or merge in Phase 4A; compare the listed semantic keys before migration.
NEAR-0254,configs/pipeline/mmgcn/iemocap/causal_benchmark/val_ses02.yaml,configs/pipeline/multidag_cl/iemocap/causal_benchmark/val_ses01.yaml,near_semantic_parameter_variant,model.name|project.pipeline_name|train.train_config_path,NO,preserve_distinct_parameter_variant,medium,No deletion or merge in Phase 4A; compare the listed semantic keys before migration.
NEAR-0255,configs/pipeline/mmgcn/iemocap/causal_benchmark/val_ses02.yaml,configs/pipeline/multidag_cl/iemocap/causal_benchmark/val_ses02.yaml,near_semantic_parameter_variant,model.name|project.pipeline_name|train.train_config_path,NO,preserve_distinct_parameter_variant,medium,No deletion or merge in Phase 4A; compare the listed semantic keys before migration.
NEAR-0256,configs/pipeline/mmgcn/iemocap/causal_benchmark/val_ses02.yaml,configs/pipeline/multidag_cl/iemocap/causal_benchmark/val_ses03.yaml,near_semantic_parameter_variant,model.name|project.pipeline_name|train.train_config_path,NO,preserve_distinct_parameter_variant,medium,No deletion or merge in Phase 4A; compare the listed semantic keys before migration.
NEAR-0257,configs/pipeline/mmgcn/iemocap/causal_benchmark/val_ses02.yaml,configs/pipeline/multidag_cl/iemocap/causal_benchmark/val_ses04.yaml,near_semantic_parameter_variant,model.name|project.pipeline_name|train.train_config_path,NO,preserve_distinct_parameter_variant,medium,No deletion or merge in Phase 4A; compare the listed semantic keys before migration.
NEAR-0258,configs/pipeline/mmgcn/iemocap/causal_benchmark/val_ses03.yaml,configs/pipeline/mmgcn/iemocap/causal_benchmark/val_ses04.yaml,near_semantic_parameter_variant,project.pipeline_name|train.train_config_path,NO,preserve_distinct_parameter_variant,medium,No deletion or merge in Phase 4A; compare the listed semantic keys before migration.
NEAR-0259,configs/pipeline/mmgcn/iemocap/causal_benchmark/val_ses03.yaml,configs/pipeline/multidag_cl/iemocap/causal_benchmark/official_prefix.yaml,near_semantic_parameter_variant,model.name|project.pipeline_name|train.train_config_path,NO,preserve_distinct_parameter_variant,medium,No deletion or merge in Phase 4A; compare the listed semantic keys before migration.
NEAR-0260,configs/pipeline/mmgcn/iemocap/causal_benchmark/val_ses03.yaml,configs/pipeline/multidag_cl/iemocap/causal_benchmark/val_ses01.yaml,near_semantic_parameter_variant,model.name|project.pipeline_name|train.train_config_path,NO,preserve_distinct_parameter_variant,medium,No deletion or merge in Phase 4A; compare the listed semantic keys before migration.
NEAR-0261,configs/pipeline/mmgcn/iemocap/causal_benchmark/val_ses03.yaml,configs/pipeline/multidag_cl/iemocap/causal_benchmark/val_ses02.yaml,near_semantic_parameter_variant,model.name|project.pipeline_name|train.train_config_path,NO,preserve_distinct_parameter_variant,medium,No deletion or merge in Phase 4A; compare the listed semantic keys before migration.
NEAR-0262,configs/pipeline/mmgcn/iemocap/causal_benchmark/val_ses03.yaml,configs/pipeline/multidag_cl/iemocap/causal_benchmark/val_ses03.yaml,near_semantic_parameter_variant,model.name|project.pipeline_name|train.train_config_path,NO,preserve_distinct_parameter_variant,medium,No deletion or merge in Phase 4A; compare the listed semantic keys before migration.
NEAR-0263,configs/pipeline/mmgcn/iemocap/causal_benchmark/val_ses03.yaml,configs/pipeline/multidag_cl/iemocap/causal_benchmark/val_ses04.yaml,near_semantic_parameter_variant,model.name|project.pipeline_name|train.train_config_path,NO,preserve_distinct_parameter_variant,medium,No deletion or merge in Phase 4A; compare the listed semantic keys before migration.
NEAR-0264,configs/pipeline/mmgcn/iemocap/causal_benchmark/val_ses04.yaml,configs/pipeline/multidag_cl/iemocap/causal_benchmark/official_prefix.yaml,near_semantic_parameter_variant,model.name|project.pipeline_name|train.train_config_path,NO,preserve_distinct_parameter_variant,medium,No deletion or merge in Phase 4A; compare the listed semantic keys before migration.
NEAR-0265,configs/pipeline/mmgcn/iemocap/causal_benchmark/val_ses04.yaml,configs/pipeline/multidag_cl/iemocap/causal_benchmark/val_ses01.yaml,near_semantic_parameter_variant,model.name|project.pipeline_name|train.train_config_path,NO,preserve_distinct_parameter_variant,medium,No deletion or merge in Phase 4A; compare the listed semantic keys before migration.
NEAR-0266,configs/pipeline/mmgcn/iemocap/causal_benchmark/val_ses04.yaml,configs/pipeline/multidag_cl/iemocap/causal_benchmark/val_ses02.yaml,near_semantic_parameter_variant,model.name|project.pipeline_name|train.train_config_path,NO,preserve_distinct_parameter_variant,medium,No deletion or merge in Phase 4A; compare the listed semantic keys before migration.
NEAR-0267,configs/pipeline/mmgcn/iemocap/causal_benchmark/val_ses04.yaml,configs/pipeline/multidag_cl/iemocap/causal_benchmark/val_ses03.yaml,near_semantic_parameter_variant,model.name|project.pipeline_name|train.train_config_path,NO,preserve_distinct_parameter_variant,medium,No deletion or merge in Phase 4A; compare the listed semantic keys before migration.
NEAR-0268,configs/pipeline/mmgcn/iemocap/causal_benchmark/val_ses04.yaml,configs/pipeline/multidag_cl/iemocap/causal_benchmark/val_ses04.yaml,near_semantic_parameter_variant,model.name|project.pipeline_name|train.train_config_path,NO,preserve_distinct_parameter_variant,medium,No deletion or merge in Phase 4A; compare the listed semantic keys before migration.
NEAR-0269,configs/pipeline/mmgcn_pipeline.yaml,configs/pipeline/mmgcn_pipeline_m3ed.yaml,near_semantic_parameter_variant,dataset.name|project.pipeline_name|train.train_config_path,NO,preserve_distinct_parameter_variant,medium,No deletion or merge in Phase 4A; compare the listed semantic keys before migration.
NEAR-0270,configs/pipeline/multidag_cl/iemocap/causal_benchmark/official_prefix.yaml,configs/pipeline/multidag_cl/iemocap/causal_benchmark/val_ses01.yaml,near_semantic_parameter_variant,project.pipeline_name|train.train_config_path,NO,preserve_distinct_parameter_variant,medium,No deletion or merge in Phase 4A; compare the listed semantic keys before migration.
NEAR-0271,configs/pipeline/multidag_cl/iemocap/causal_benchmark/official_prefix.yaml,configs/pipeline/multidag_cl/iemocap/causal_benchmark/val_ses02.yaml,near_semantic_parameter_variant,project.pipeline_name|train.train_config_path,NO,preserve_distinct_parameter_variant,medium,No deletion or merge in Phase 4A; compare the listed semantic keys before migration.
NEAR-0272,configs/pipeline/multidag_cl/iemocap/causal_benchmark/official_prefix.yaml,configs/pipeline/multidag_cl/iemocap/causal_benchmark/val_ses03.yaml,near_semantic_parameter_variant,project.pipeline_name|train.train_config_path,NO,preserve_distinct_parameter_variant,medium,No deletion or merge in Phase 4A; compare the listed semantic keys before migration.
NEAR-0273,configs/pipeline/multidag_cl/iemocap/causal_benchmark/official_prefix.yaml,configs/pipeline/multidag_cl/iemocap/causal_benchmark/val_ses04.yaml,near_semantic_parameter_variant,project.pipeline_name|train.train_config_path,NO,preserve_distinct_parameter_variant,medium,No deletion or merge in Phase 4A; compare the listed semantic keys before migration.
NEAR-0274,configs/pipeline/multidag_cl/iemocap/causal_benchmark/val_ses01.yaml,configs/pipeline/multidag_cl/iemocap/causal_benchmark/val_ses02.yaml,near_semantic_parameter_variant,project.pipeline_name|train.train_config_path,NO,preserve_distinct_parameter_variant,medium,No deletion or merge in Phase 4A; compare the listed semantic keys before migration.
NEAR-0275,configs/pipeline/multidag_cl/iemocap/causal_benchmark/val_ses01.yaml,configs/pipeline/multidag_cl/iemocap/causal_benchmark/val_ses03.yaml,near_semantic_parameter_variant,project.pipeline_name|train.train_config_path,NO,preserve_distinct_parameter_variant,medium,No deletion or merge in Phase 4A; compare the listed semantic keys before migration.
NEAR-0276,configs/pipeline/multidag_cl/iemocap/causal_benchmark/val_ses01.yaml,configs/pipeline/multidag_cl/iemocap/causal_benchmark/val_ses04.yaml,near_semantic_parameter_variant,project.pipeline_name|train.train_config_path,NO,preserve_distinct_parameter_variant,medium,No deletion or merge in Phase 4A; compare the listed semantic keys before migration.
NEAR-0277,configs/pipeline/multidag_cl/iemocap/causal_benchmark/val_ses02.yaml,configs/pipeline/multidag_cl/iemocap/causal_benchmark/val_ses03.yaml,near_semantic_parameter_variant,project.pipeline_name|train.train_config_path,NO,preserve_distinct_parameter_variant,medium,No deletion or merge in Phase 4A; compare the listed semantic keys before migration.
NEAR-0278,configs/pipeline/multidag_cl/iemocap/causal_benchmark/val_ses02.yaml,configs/pipeline/multidag_cl/iemocap/causal_benchmark/val_ses04.yaml,near_semantic_parameter_variant,project.pipeline_name|train.train_config_path,NO,preserve_distinct_parameter_variant,medium,No deletion or merge in Phase 4A; compare the listed semantic keys before migration.
NEAR-0279,configs/pipeline/multidag_cl/iemocap/causal_benchmark/val_ses03.yaml,configs/pipeline/multidag_cl/iemocap/causal_benchmark/val_ses04.yaml,near_semantic_parameter_variant,project.pipeline_name|train.train_config_path,NO,preserve_distinct_parameter_variant,medium,No deletion or merge in Phase 4A; compare the listed semantic keys before migration.
NEAR-0280,configs/pipeline/multidag_cl/iemocap/debug/context_past_all_causal_tav_smoke.yaml,configs/pipeline/multidag_cl/iemocap/debug/context_w5_tav_quick.yaml,near_semantic_parameter_variant,evaluation.max_batches|project.pipeline_name|train.train_config_path,NO,preserve_distinct_parameter_variant,medium,No deletion or merge in Phase 4A; compare the listed semantic keys before migration.
NEAR-0281,configs/pipeline/multidag_cl/iemocap/debug/context_past_all_causal_tav_smoke.yaml,configs/pipeline/multidag_cl/iemocap/debug/context_w5_tav_smoke.yaml,near_semantic_parameter_variant,project.pipeline_name|train.train_config_path,NO,preserve_distinct_parameter_variant,medium,No deletion or merge in Phase 4A; compare the listed semantic keys before migration.
NEAR-0282,configs/pipeline/multidag_cl/iemocap/debug/context_past_all_causal_tav_smoke.yaml,configs/pipeline/multidag_cl/iemocap/formal/context_past_all_causal_tav.yaml,near_semantic_parameter_variant,evaluation.max_batches|project.pipeline_name|train.train_config_path,NO,preserve_distinct_parameter_variant,medium,No deletion or merge in Phase 4A; compare the listed semantic keys before migration.
NEAR-0283,configs/pipeline/multidag_cl/iemocap/debug/context_past_all_causal_tav_smoke.yaml,configs/pipeline/multidag_cl/iemocap/formal/context_w0_tav.yaml,near_semantic_parameter_variant,evaluation.max_batches|project.pipeline_name|train.train_config_path,NO,preserve_distinct_parameter_variant,medium,No deletion or merge in Phase 4A; compare the listed semantic keys before migration.
NEAR-0284,configs/pipeline/multidag_cl/iemocap/debug/context_past_all_causal_tav_smoke.yaml,configs/pipeline/multidag_cl/iemocap/formal/context_w1_tav.yaml,near_semantic_parameter_variant,evaluation.max_batches|project.pipeline_name|train.train_config_path,NO,preserve_distinct_parameter_variant,medium,No deletion or merge in Phase 4A; compare the listed semantic keys before migration.
NEAR-0285,configs/pipeline/multidag_cl/iemocap/debug/context_past_all_causal_tav_smoke.yaml,configs/pipeline/multidag_cl/iemocap/formal/context_w3_tav.yaml,near_semantic_parameter_variant,evaluation.max_batches|project.pipeline_name|train.train_config_path,NO,preserve_distinct_parameter_variant,medium,No deletion or merge in Phase 4A; compare the listed semantic keys before migration.
NEAR-0286,configs/pipeline/multidag_cl/iemocap/debug/context_past_all_causal_tav_smoke.yaml,configs/pipeline/multidag_cl/iemocap/formal/context_w5_tav.yaml,near_semantic_parameter_variant,evaluation.max_batches|project.pipeline_name|train.train_config_path,NO,preserve_distinct_parameter_variant,medium,No deletion or merge in Phase 4A; compare the listed semantic keys before migration.
NEAR-0287,configs/pipeline/multidag_cl/iemocap/debug/context_past_all_causal_tav_smoke.yaml,configs/pipeline/multidag_cl/iemocap/formal/modality_w5_a.yaml,near_semantic_parameter_variant,evaluation.max_batches|project.pipeline_name|train.train_config_path,NO,preserve_distinct_parameter_variant,medium,No deletion or merge in Phase 4A; compare the listed semantic keys before migration.
NEAR-0288,configs/pipeline/multidag_cl/iemocap/debug/context_past_all_causal_tav_smoke.yaml,configs/pipeline/multidag_cl/iemocap/formal/modality_w5_av.yaml,near_semantic_parameter_variant,evaluation.max_batches|project.pipeline_name|train.train_config_path,NO,preserve_distinct_parameter_variant,medium,No deletion or merge in Phase 4A; compare the listed semantic keys before migration.
NEAR-0289,configs/pipeline/multidag_cl/iemocap/debug/context_past_all_causal_tav_smoke.yaml,configs/pipeline/multidag_cl/iemocap/formal/modality_w5_t.yaml,near_semantic_parameter_variant,evaluation.max_batches|project.pipeline_name|train.train_config_path,NO,preserve_distinct_parameter_variant,medium,No deletion or merge in Phase 4A; compare the listed semantic keys before migration.
NEAR-0290,configs/pipeline/multidag_cl/iemocap/debug/context_past_all_causal_tav_smoke.yaml,configs/pipeline/multidag_cl/iemocap/formal/modality_w5_ta.yaml,near_semantic_parameter_variant,evaluation.max_batches|project.pipeline_name|train.train_config_path,NO,preserve_distinct_parameter_variant,medium,No deletion or merge in Phase 4A; compare the listed semantic keys before migration.
NEAR-0291,configs/pipeline/multidag_cl/iemocap/debug/context_past_all_causal_tav_smoke.yaml,configs/pipeline/multidag_cl/iemocap/formal/modality_w5_tav.yaml,near_semantic_parameter_variant,evaluation.max_batches|project.pipeline_name|train.train_config_path,NO,preserve_distinct_parameter_variant,medium,No deletion or merge in Phase 4A; compare the listed semantic keys before migration.
NEAR-0292,configs/pipeline/multidag_cl/iemocap/debug/context_past_all_causal_tav_smoke.yaml,configs/pipeline/multidag_cl/iemocap/formal/modality_w5_tv.yaml,near_semantic_parameter_variant,evaluation.max_batches|project.pipeline_name|train.train_config_path,NO,preserve_distinct_parameter_variant,medium,No deletion or merge in Phase 4A; compare the listed semantic keys before migration.
NEAR-0293,configs/pipeline/multidag_cl/iemocap/debug/context_past_all_causal_tav_smoke.yaml,configs/pipeline/multidag_cl/iemocap/formal/modality_w5_v.yaml,near_semantic_parameter_variant,evaluation.max_batches|project.pipeline_name|train.train_config_path,NO,preserve_distinct_parameter_variant,medium,No deletion or merge in Phase 4A; compare the listed semantic keys before migration.
NEAR-0294,configs/pipeline/multidag_cl/iemocap/debug/context_past_all_causal_tav_smoke.yaml,configs/pipeline/multidag_cl/iemocap/loss_stability/context_w5_tav_stable_lr3e4_cosine.yaml,near_semantic_parameter_variant,evaluation.max_batches|project.pipeline_name|train.train_config_path,NO,preserve_distinct_parameter_variant,medium,No deletion or merge in Phase 4A; compare the listed semantic keys before migration.
NEAR-0295,configs/pipeline/multidag_cl/iemocap/debug/context_past_all_causal_tav_smoke.yaml,configs/pipeline/multidag_cl/iemocap/loss_stability/context_w5_tav_stable_lr3e4_earlystop_valloss.yaml,near_semantic_parameter_variant,evaluation.max_batches|project.pipeline_name|train.train_config_path,NO,preserve_distinct_parameter_variant,medium,No deletion or merge in Phase 4A; compare the listed semantic keys before migration.
NEAR-0296,configs/pipeline/multidag_cl/iemocap/debug/context_past_all_causal_tav_smoke.yaml,configs/pipeline/multidag_cl/iemocap/loss_stability/context_w5_tav_stable_lr3e4_label_smoothing005.yaml,near_semantic_parameter_variant,evaluation.max_batches|project.pipeline_name|train.train_config_path,NO,preserve_distinct_parameter_variant,medium,No deletion or merge in Phase 4A; compare the listed semantic keys before migration.
NEAR-0297,configs/pipeline/multidag_cl/iemocap/debug/context_past_all_causal_tav_smoke.yaml,configs/pipeline/multidag_cl/iemocap/loss_stability/context_w5_tav_stable_lr3e4_plateau_valloss.yaml,near_semantic_parameter_variant,evaluation.max_batches|project.pipeline_name|train.train_config_path,NO,preserve_distinct_parameter_variant,medium,No deletion or merge in Phase 4A; compare the listed semantic keys before migration.
NEAR-0298,configs/pipeline/multidag_cl/iemocap/debug/context_past_all_causal_tav_smoke.yaml,configs/pipeline/multidag_cl/iemocap/loss_stability/context_w5_tav_stable_lr5e4_plateau_valloss.yaml,near_semantic_parameter_variant,evaluation.max_batches|project.pipeline_name|train.train_config_path,NO,preserve_distinct_parameter_variant,medium,No deletion or merge in Phase 4A; compare the listed semantic keys before migration.
NEAR-0299,configs/pipeline/multidag_cl/iemocap/debug/context_past_all_causal_tav_smoke.yaml,configs/pipeline/multidag_cl/iemocap/stabilize/context_past_all_causal_tav_stable_candidate.yaml,near_semantic_parameter_variant,evaluation.max_batches|project.pipeline_name|train.train_config_path,NO,preserve_distinct_parameter_variant,medium,No deletion or merge in Phase 4A; compare the listed semantic keys before migration.
NEAR-0300,configs/pipeline/multidag_cl/iemocap/debug/context_past_all_causal_tav_smoke.yaml,configs/pipeline/multidag_cl/iemocap/stabilize/context_w0_tav_stable_candidate.yaml,near_semantic_parameter_variant,evaluation.max_batches|project.pipeline_name|train.train_config_path,NO,preserve_distinct_parameter_variant,medium,No deletion or merge in Phase 4A; compare the listed semantic keys before migration.
NEAR-0301,configs/pipeline/multidag_cl/iemocap/debug/context_past_all_causal_tav_smoke.yaml,configs/pipeline/multidag_cl/iemocap/stabilize/context_w3_tav_stable_candidate.yaml,near_semantic_parameter_variant,evaluation.max_batches|project.pipeline_name|train.train_config_path,NO,preserve_distinct_parameter_variant,medium,No deletion or merge in Phase 4A; compare the listed semantic keys before migration.
NEAR-0302,configs/pipeline/multidag_cl/iemocap/debug/context_past_all_causal_tav_smoke.yaml,configs/pipeline/multidag_cl/iemocap/stabilize/context_w5_tav_dropout01.yaml,near_semantic_parameter_variant,evaluation.max_batches|project.pipeline_name|train.train_config_path,NO,preserve_distinct_parameter_variant,medium,No deletion or merge in Phase 4A; compare the listed semantic keys before migration.
NEAR-0303,configs/pipeline/multidag_cl/iemocap/debug/context_past_all_causal_tav_smoke.yaml,configs/pipeline/multidag_cl/iemocap/stabilize/context_w5_tav_dropout02.yaml,near_semantic_parameter_variant,evaluation.max_batches|project.pipeline_name|train.train_config_path,NO,preserve_distinct_parameter_variant,medium,No deletion or merge in Phase 4A; compare the listed semantic keys before migration.
NEAR-0304,configs/pipeline/multidag_cl/iemocap/debug/context_past_all_causal_tav_smoke.yaml,configs/pipeline/multidag_cl/iemocap/stabilize/context_w5_tav_graph1.yaml,near_semantic_parameter_variant,evaluation.max_batches|project.pipeline_name|train.train_config_path,NO,preserve_distinct_parameter_variant,medium,No deletion or merge in Phase 4A; compare the listed semantic keys before migration.
NEAR-0305,configs/pipeline/multidag_cl/iemocap/debug/context_past_all_causal_tav_smoke.yaml,configs/pipeline/multidag_cl/iemocap/stabilize/context_w5_tav_linear_encoder.yaml,near_semantic_parameter_variant,evaluation.max_batches|project.pipeline_name|train.train_config_path,NO,preserve_distinct_parameter_variant,medium,No deletion or merge in Phase 4A; compare the listed semantic keys before migration.
NEAR-0306,configs/pipeline/multidag_cl/iemocap/debug/context_past_all_causal_tav_smoke.yaml,configs/pipeline/multidag_cl/iemocap/stabilize/context_w5_tav_lr3e4.yaml,near_semantic_parameter_variant,evaluation.max_batches|project.pipeline_name|train.train_config_path,NO,preserve_distinct_parameter_variant,medium,No deletion or merge in Phase 4A; compare the listed semantic keys before migration.
NEAR-0307,configs/pipeline/multidag_cl/iemocap/debug/context_past_all_causal_tav_smoke.yaml,configs/pipeline/multidag_cl/iemocap/stabilize/context_w5_tav_lr5e4.yaml,near_semantic_parameter_variant,evaluation.max_batches|project.pipeline_name|train.train_config_path,NO,preserve_distinct_parameter_variant,medium,No deletion or merge in Phase 4A; compare the listed semantic keys before migration.
NEAR-0308,configs/pipeline/multidag_cl/iemocap/debug/context_past_all_causal_tav_smoke.yaml,configs/pipeline/multidag_cl/iemocap/stabilize/context_w5_tav_stable_candidate.yaml,near_semantic_parameter_variant,evaluation.max_batches|project.pipeline_name|train.train_config_path,NO,preserve_distinct_parameter_variant,medium,No deletion or merge in Phase 4A; compare the listed semantic keys before migration.
NEAR-0309,configs/pipeline/multidag_cl/iemocap/debug/context_w5_tav_quick.yaml,configs/pipeline/multidag_cl/iemocap/debug/context_w5_tav_smoke.yaml,near_semantic_parameter_variant,evaluation.max_batches|project.pipeline_name|train.train_config_path,NO,preserve_distinct_parameter_variant,medium,No deletion or merge in Phase 4A; compare the listed semantic keys before migration.
NEAR-0310,configs/pipeline/multidag_cl/iemocap/debug/context_w5_tav_quick.yaml,configs/pipeline/multidag_cl/iemocap/formal/context_past_all_causal_tav.yaml,near_semantic_parameter_variant,project.pipeline_name|train.train_config_path,NO,preserve_distinct_parameter_variant,medium,No deletion or merge in Phase 4A; compare the listed semantic keys before migration.
NEAR-0311,configs/pipeline/multidag_cl/iemocap/debug/context_w5_tav_quick.yaml,configs/pipeline/multidag_cl/iemocap/formal/context_w0_tav.yaml,near_semantic_parameter_variant,project.pipeline_name|train.train_config_path,NO,preserve_distinct_parameter_variant,medium,No deletion or merge in Phase 4A; compare the listed semantic keys before migration.
NEAR-0312,configs/pipeline/multidag_cl/iemocap/debug/context_w5_tav_quick.yaml,configs/pipeline/multidag_cl/iemocap/formal/context_w1_tav.yaml,near_semantic_parameter_variant,project.pipeline_name|train.train_config_path,NO,preserve_distinct_parameter_variant,medium,No deletion or merge in Phase 4A; compare the listed semantic keys before migration.
NEAR-0313,configs/pipeline/multidag_cl/iemocap/debug/context_w5_tav_quick.yaml,configs/pipeline/multidag_cl/iemocap/formal/context_w3_tav.yaml,near_semantic_parameter_variant,project.pipeline_name|train.train_config_path,NO,preserve_distinct_parameter_variant,medium,No deletion or merge in Phase 4A; compare the listed semantic keys before migration.
NEAR-0314,configs/pipeline/multidag_cl/iemocap/debug/context_w5_tav_quick.yaml,configs/pipeline/multidag_cl/iemocap/formal/context_w5_tav.yaml,near_semantic_parameter_variant,project.pipeline_name|train.train_config_path,NO,preserve_distinct_parameter_variant,medium,No deletion or merge in Phase 4A; compare the listed semantic keys before migration.
NEAR-0315,configs/pipeline/multidag_cl/iemocap/debug/context_w5_tav_quick.yaml,configs/pipeline/multidag_cl/iemocap/formal/modality_w5_a.yaml,near_semantic_parameter_variant,project.pipeline_name|train.train_config_path,NO,preserve_distinct_parameter_variant,medium,No deletion or merge in Phase 4A; compare the listed semantic keys before migration.
NEAR-0316,configs/pipeline/multidag_cl/iemocap/debug/context_w5_tav_quick.yaml,configs/pipeline/multidag_cl/iemocap/formal/modality_w5_av.yaml,near_semantic_parameter_variant,project.pipeline_name|train.train_config_path,NO,preserve_distinct_parameter_variant,medium,No deletion or merge in Phase 4A; compare the listed semantic keys before migration.
NEAR-0317,configs/pipeline/multidag_cl/iemocap/debug/context_w5_tav_quick.yaml,configs/pipeline/multidag_cl/iemocap/formal/modality_w5_t.yaml,near_semantic_parameter_variant,project.pipeline_name|train.train_config_path,NO,preserve_distinct_parameter_variant,medium,No deletion or merge in Phase 4A; compare the listed semantic keys before migration.
NEAR-0318,configs/pipeline/multidag_cl/iemocap/debug/context_w5_tav_quick.yaml,configs/pipeline/multidag_cl/iemocap/formal/modality_w5_ta.yaml,near_semantic_parameter_variant,project.pipeline_name|train.train_config_path,NO,preserve_distinct_parameter_variant,medium,No deletion or merge in Phase 4A; compare the listed semantic keys before migration.
NEAR-0319,configs/pipeline/multidag_cl/iemocap/debug/context_w5_tav_quick.yaml,configs/pipeline/multidag_cl/iemocap/formal/modality_w5_tav.yaml,near_semantic_parameter_variant,project.pipeline_name|train.train_config_path,NO,preserve_distinct_parameter_variant,medium,No deletion or merge in Phase 4A; compare the listed semantic keys before migration.
NEAR-0320,configs/pipeline/multidag_cl/iemocap/debug/context_w5_tav_quick.yaml,configs/pipeline/multidag_cl/iemocap/formal/modality_w5_tv.yaml,near_semantic_parameter_variant,project.pipeline_name|train.train_config_path,NO,preserve_distinct_parameter_variant,medium,No deletion or merge in Phase 4A; compare the listed semantic keys before migration.
NEAR-0321,configs/pipeline/multidag_cl/iemocap/debug/context_w5_tav_quick.yaml,configs/pipeline/multidag_cl/iemocap/formal/modality_w5_v.yaml,near_semantic_parameter_variant,project.pipeline_name|train.train_config_path,NO,preserve_distinct_parameter_variant,medium,No deletion or merge in Phase 4A; compare the listed semantic keys before migration.
NEAR-0322,configs/pipeline/multidag_cl/iemocap/debug/context_w5_tav_quick.yaml,configs/pipeline/multidag_cl/iemocap/loss_stability/context_w5_tav_stable_lr3e4_cosine.yaml,near_semantic_parameter_variant,project.pipeline_name|train.train_config_path,NO,preserve_distinct_parameter_variant,medium,No deletion or merge in Phase 4A; compare the listed semantic keys before migration.
NEAR-0323,configs/pipeline/multidag_cl/iemocap/debug/context_w5_tav_quick.yaml,configs/pipeline/multidag_cl/iemocap/loss_stability/context_w5_tav_stable_lr3e4_earlystop_valloss.yaml,near_semantic_parameter_variant,project.pipeline_name|train.train_config_path,NO,preserve_distinct_parameter_variant,medium,No deletion or merge in Phase 4A; compare the listed semantic keys before migration.
NEAR-0324,configs/pipeline/multidag_cl/iemocap/debug/context_w5_tav_quick.yaml,configs/pipeline/multidag_cl/iemocap/loss_stability/context_w5_tav_stable_lr3e4_label_smoothing005.yaml,near_semantic_parameter_variant,project.pipeline_name|train.train_config_path,NO,preserve_distinct_parameter_variant,medium,No deletion or merge in Phase 4A; compare the listed semantic keys before migration.
NEAR-0325,configs/pipeline/multidag_cl/iemocap/debug/context_w5_tav_quick.yaml,configs/pipeline/multidag_cl/iemocap/loss_stability/context_w5_tav_stable_lr3e4_plateau_valloss.yaml,near_semantic_parameter_variant,project.pipeline_name|train.train_config_path,NO,preserve_distinct_parameter_variant,medium,No deletion or merge in Phase 4A; compare the listed semantic keys before migration.
NEAR-0326,configs/pipeline/multidag_cl/iemocap/debug/context_w5_tav_quick.yaml,configs/pipeline/multidag_cl/iemocap/loss_stability/context_w5_tav_stable_lr5e4_plateau_valloss.yaml,near_semantic_parameter_variant,project.pipeline_name|train.train_config_path,NO,preserve_distinct_parameter_variant,medium,No deletion or merge in Phase 4A; compare the listed semantic keys before migration.
NEAR-0327,configs/pipeline/multidag_cl/iemocap/debug/context_w5_tav_quick.yaml,configs/pipeline/multidag_cl/iemocap/stabilize/context_past_all_causal_tav_stable_candidate.yaml,near_semantic_parameter_variant,project.pipeline_name|train.train_config_path,NO,preserve_distinct_parameter_variant,medium,No deletion or merge in Phase 4A; compare the listed semantic keys before migration.
NEAR-0328,configs/pipeline/multidag_cl/iemocap/debug/context_w5_tav_quick.yaml,configs/pipeline/multidag_cl/iemocap/stabilize/context_w0_tav_stable_candidate.yaml,near_semantic_parameter_variant,project.pipeline_name|train.train_config_path,NO,preserve_distinct_parameter_variant,medium,No deletion or merge in Phase 4A; compare the listed semantic keys before migration.
NEAR-0329,configs/pipeline/multidag_cl/iemocap/debug/context_w5_tav_quick.yaml,configs/pipeline/multidag_cl/iemocap/stabilize/context_w3_tav_stable_candidate.yaml,near_semantic_parameter_variant,project.pipeline_name|train.train_config_path,NO,preserve_distinct_parameter_variant,medium,No deletion or merge in Phase 4A; compare the listed semantic keys before migration.
NEAR-0330,configs/pipeline/multidag_cl/iemocap/debug/context_w5_tav_quick.yaml,configs/pipeline/multidag_cl/iemocap/stabilize/context_w5_tav_dropout01.yaml,near_semantic_parameter_variant,project.pipeline_name|train.train_config_path,NO,preserve_distinct_parameter_variant,medium,No deletion or merge in Phase 4A; compare the listed semantic keys before migration.
NEAR-0331,configs/pipeline/multidag_cl/iemocap/debug/context_w5_tav_quick.yaml,configs/pipeline/multidag_cl/iemocap/stabilize/context_w5_tav_dropout02.yaml,near_semantic_parameter_variant,project.pipeline_name|train.train_config_path,NO,preserve_distinct_parameter_variant,medium,No deletion or merge in Phase 4A; compare the listed semantic keys before migration.
NEAR-0332,configs/pipeline/multidag_cl/iemocap/debug/context_w5_tav_quick.yaml,configs/pipeline/multidag_cl/iemocap/stabilize/context_w5_tav_graph1.yaml,near_semantic_parameter_variant,project.pipeline_name|train.train_config_path,NO,preserve_distinct_parameter_variant,medium,No deletion or merge in Phase 4A; compare the listed semantic keys before migration.
NEAR-0333,configs/pipeline/multidag_cl/iemocap/debug/context_w5_tav_quick.yaml,configs/pipeline/multidag_cl/iemocap/stabilize/context_w5_tav_linear_encoder.yaml,near_semantic_parameter_variant,project.pipeline_name|train.train_config_path,NO,preserve_distinct_parameter_variant,medium,No deletion or merge in Phase 4A; compare the listed semantic keys before migration.
NEAR-0334,configs/pipeline/multidag_cl/iemocap/debug/context_w5_tav_quick.yaml,configs/pipeline/multidag_cl/iemocap/stabilize/context_w5_tav_lr3e4.yaml,near_semantic_parameter_variant,project.pipeline_name|train.train_config_path,NO,preserve_distinct_parameter_variant,medium,No deletion or merge in Phase 4A; compare the listed semantic keys before migration.
NEAR-0335,configs/pipeline/multidag_cl/iemocap/debug/context_w5_tav_quick.yaml,configs/pipeline/multidag_cl/iemocap/stabilize/context_w5_tav_lr5e4.yaml,near_semantic_parameter_variant,project.pipeline_name|train.train_config_path,NO,preserve_distinct_parameter_variant,medium,No deletion or merge in Phase 4A; compare the listed semantic keys before migration.
NEAR-0336,configs/pipeline/multidag_cl/iemocap/debug/context_w5_tav_quick.yaml,configs/pipeline/multidag_cl/iemocap/stabilize/context_w5_tav_stable_candidate.yaml,near_semantic_parameter_variant,project.pipeline_name|train.train_config_path,NO,preserve_distinct_parameter_variant,medium,No deletion or merge in Phase 4A; compare the listed semantic keys before migration.
NEAR-0337,configs/pipeline/multidag_cl/iemocap/debug/context_w5_tav_smoke.yaml,configs/pipeline/multidag_cl/iemocap/formal/context_past_all_causal_tav.yaml,near_semantic_parameter_variant,evaluation.max_batches|project.pipeline_name|train.train_config_path,NO,preserve_distinct_parameter_variant,medium,No deletion or merge in Phase 4A; compare the listed semantic keys before migration.
NEAR-0338,configs/pipeline/multidag_cl/iemocap/debug/context_w5_tav_smoke.yaml,configs/pipeline/multidag_cl/iemocap/formal/context_w0_tav.yaml,near_semantic_parameter_variant,evaluation.max_batches|project.pipeline_name|train.train_config_path,NO,preserve_distinct_parameter_variant,medium,No deletion or merge in Phase 4A; compare the listed semantic keys before migration.
NEAR-0339,configs/pipeline/multidag_cl/iemocap/debug/context_w5_tav_smoke.yaml,configs/pipeline/multidag_cl/iemocap/formal/context_w1_tav.yaml,near_semantic_parameter_variant,evaluation.max_batches|project.pipeline_name|train.train_config_path,NO,preserve_distinct_parameter_variant,medium,No deletion or merge in Phase 4A; compare the listed semantic keys before migration.
NEAR-0340,configs/pipeline/multidag_cl/iemocap/debug/context_w5_tav_smoke.yaml,configs/pipeline/multidag_cl/iemocap/formal/context_w3_tav.yaml,near_semantic_parameter_variant,evaluation.max_batches|project.pipeline_name|train.train_config_path,NO,preserve_distinct_parameter_variant,medium,No deletion or merge in Phase 4A; compare the listed semantic keys before migration.
NEAR-0341,configs/pipeline/multidag_cl/iemocap/debug/context_w5_tav_smoke.yaml,configs/pipeline/multidag_cl/iemocap/formal/context_w5_tav.yaml,near_semantic_parameter_variant,evaluation.max_batches|project.pipeline_name|train.train_config_path,NO,preserve_distinct_parameter_variant,medium,No deletion or merge in Phase 4A; compare the listed semantic keys before migration.
NEAR-0342,configs/pipeline/multidag_cl/iemocap/debug/context_w5_tav_smoke.yaml,configs/pipeline/multidag_cl/iemocap/formal/modality_w5_a.yaml,near_semantic_parameter_variant,evaluation.max_batches|project.pipeline_name|train.train_config_path,NO,preserve_distinct_parameter_variant,medium,No deletion or merge in Phase 4A; compare the listed semantic keys before migration.
NEAR-0343,configs/pipeline/multidag_cl/iemocap/debug/context_w5_tav_smoke.yaml,configs/pipeline/multidag_cl/iemocap/formal/modality_w5_av.yaml,near_semantic_parameter_variant,evaluation.max_batches|project.pipeline_name|train.train_config_path,NO,preserve_distinct_parameter_variant,medium,No deletion or merge in Phase 4A; compare the listed semantic keys before migration.
NEAR-0344,configs/pipeline/multidag_cl/iemocap/debug/context_w5_tav_smoke.yaml,configs/pipeline/multidag_cl/iemocap/formal/modality_w5_t.yaml,near_semantic_parameter_variant,evaluation.max_batches|project.pipeline_name|train.train_config_path,NO,preserve_distinct_parameter_variant,medium,No deletion or merge in Phase 4A; compare the listed semantic keys before migration.
NEAR-0345,configs/pipeline/multidag_cl/iemocap/debug/context_w5_tav_smoke.yaml,configs/pipeline/multidag_cl/iemocap/formal/modality_w5_ta.yaml,near_semantic_parameter_variant,evaluation.max_batches|project.pipeline_name|train.train_config_path,NO,preserve_distinct_parameter_variant,medium,No deletion or merge in Phase 4A; compare the listed semantic keys before migration.
NEAR-0346,configs/pipeline/multidag_cl/iemocap/debug/context_w5_tav_smoke.yaml,configs/pipeline/multidag_cl/iemocap/formal/modality_w5_tav.yaml,near_semantic_parameter_variant,evaluation.max_batches|project.pipeline_name|train.train_config_path,NO,preserve_distinct_parameter_variant,medium,No deletion or merge in Phase 4A; compare the listed semantic keys before migration.
NEAR-0347,configs/pipeline/multidag_cl/iemocap/debug/context_w5_tav_smoke.yaml,configs/pipeline/multidag_cl/iemocap/formal/modality_w5_tv.yaml,near_semantic_parameter_variant,evaluation.max_batches|project.pipeline_name|train.train_config_path,NO,preserve_distinct_parameter_variant,medium,No deletion or merge in Phase 4A; compare the listed semantic keys before migration.
NEAR-0348,configs/pipeline/multidag_cl/iemocap/debug/context_w5_tav_smoke.yaml,configs/pipeline/multidag_cl/iemocap/formal/modality_w5_v.yaml,near_semantic_parameter_variant,evaluation.max_batches|project.pipeline_name|train.train_config_path,NO,preserve_distinct_parameter_variant,medium,No deletion or merge in Phase 4A; compare the listed semantic keys before migration.
NEAR-0349,configs/pipeline/multidag_cl/iemocap/debug/context_w5_tav_smoke.yaml,configs/pipeline/multidag_cl/iemocap/loss_stability/context_w5_tav_stable_lr3e4_cosine.yaml,near_semantic_parameter_variant,evaluation.max_batches|project.pipeline_name|train.train_config_path,NO,preserve_distinct_parameter_variant,medium,No deletion or merge in Phase 4A; compare the listed semantic keys before migration.
NEAR-0350,configs/pipeline/multidag_cl/iemocap/debug/context_w5_tav_smoke.yaml,configs/pipeline/multidag_cl/iemocap/loss_stability/context_w5_tav_stable_lr3e4_earlystop_valloss.yaml,near_semantic_parameter_variant,evaluation.max_batches|project.pipeline_name|train.train_config_path,NO,preserve_distinct_parameter_variant,medium,No deletion or merge in Phase 4A; compare the listed semantic keys before migration.
NEAR-0351,configs/pipeline/multidag_cl/iemocap/debug/context_w5_tav_smoke.yaml,configs/pipeline/multidag_cl/iemocap/loss_stability/context_w5_tav_stable_lr3e4_label_smoothing005.yaml,near_semantic_parameter_variant,evaluation.max_batches|project.pipeline_name|train.train_config_path,NO,preserve_distinct_parameter_variant,medium,No deletion or merge in Phase 4A; compare the listed semantic keys before migration.
NEAR-0352,configs/pipeline/multidag_cl/iemocap/debug/context_w5_tav_smoke.yaml,configs/pipeline/multidag_cl/iemocap/loss_stability/context_w5_tav_stable_lr3e4_plateau_valloss.yaml,near_semantic_parameter_variant,evaluation.max_batches|project.pipeline_name|train.train_config_path,NO,preserve_distinct_parameter_variant,medium,No deletion or merge in Phase 4A; compare the listed semantic keys before migration.
NEAR-0353,configs/pipeline/multidag_cl/iemocap/debug/context_w5_tav_smoke.yaml,configs/pipeline/multidag_cl/iemocap/loss_stability/context_w5_tav_stable_lr5e4_plateau_valloss.yaml,near_semantic_parameter_variant,evaluation.max_batches|project.pipeline_name|train.train_config_path,NO,preserve_distinct_parameter_variant,medium,No deletion or merge in Phase 4A; compare the listed semantic keys before migration.
NEAR-0354,configs/pipeline/multidag_cl/iemocap/debug/context_w5_tav_smoke.yaml,configs/pipeline/multidag_cl/iemocap/stabilize/context_past_all_causal_tav_stable_candidate.yaml,near_semantic_parameter_variant,evaluation.max_batches|project.pipeline_name|train.train_config_path,NO,preserve_distinct_parameter_variant,medium,No deletion or merge in Phase 4A; compare the listed semantic keys before migration.
NEAR-0355,configs/pipeline/multidag_cl/iemocap/debug/context_w5_tav_smoke.yaml,configs/pipeline/multidag_cl/iemocap/stabilize/context_w0_tav_stable_candidate.yaml,near_semantic_parameter_variant,evaluation.max_batches|project.pipeline_name|train.train_config_path,NO,preserve_distinct_parameter_variant,medium,No deletion or merge in Phase 4A; compare the listed semantic keys before migration.
NEAR-0356,configs/pipeline/multidag_cl/iemocap/debug/context_w5_tav_smoke.yaml,configs/pipeline/multidag_cl/iemocap/stabilize/context_w3_tav_stable_candidate.yaml,near_semantic_parameter_variant,evaluation.max_batches|project.pipeline_name|train.train_config_path,NO,preserve_distinct_parameter_variant,medium,No deletion or merge in Phase 4A; compare the listed semantic keys before migration.
NEAR-0357,configs/pipeline/multidag_cl/iemocap/debug/context_w5_tav_smoke.yaml,configs/pipeline/multidag_cl/iemocap/stabilize/context_w5_tav_dropout01.yaml,near_semantic_parameter_variant,evaluation.max_batches|project.pipeline_name|train.train_config_path,NO,preserve_distinct_parameter_variant,medium,No deletion or merge in Phase 4A; compare the listed semantic keys before migration.
NEAR-0358,configs/pipeline/multidag_cl/iemocap/debug/context_w5_tav_smoke.yaml,configs/pipeline/multidag_cl/iemocap/stabilize/context_w5_tav_dropout02.yaml,near_semantic_parameter_variant,evaluation.max_batches|project.pipeline_name|train.train_config_path,NO,preserve_distinct_parameter_variant,medium,No deletion or merge in Phase 4A; compare the listed semantic keys before migration.
NEAR-0359,configs/pipeline/multidag_cl/iemocap/debug/context_w5_tav_smoke.yaml,configs/pipeline/multidag_cl/iemocap/stabilize/context_w5_tav_graph1.yaml,near_semantic_parameter_variant,evaluation.max_batches|project.pipeline_name|train.train_config_path,NO,preserve_distinct_parameter_variant,medium,No deletion or merge in Phase 4A; compare the listed semantic keys before migration.
NEAR-0360,configs/pipeline/multidag_cl/iemocap/debug/context_w5_tav_smoke.yaml,configs/pipeline/multidag_cl/iemocap/stabilize/context_w5_tav_linear_encoder.yaml,near_semantic_parameter_variant,evaluation.max_batches|project.pipeline_name|train.train_config_path,NO,preserve_distinct_parameter_variant,medium,No deletion or merge in Phase 4A; compare the listed semantic keys before migration.
NEAR-0361,configs/pipeline/multidag_cl/iemocap/debug/context_w5_tav_smoke.yaml,configs/pipeline/multidag_cl/iemocap/stabilize/context_w5_tav_lr3e4.yaml,near_semantic_parameter_variant,evaluation.max_batches|project.pipeline_name|train.train_config_path,NO,preserve_distinct_parameter_variant,medium,No deletion or merge in Phase 4A; compare the listed semantic keys before migration.
NEAR-0362,configs/pipeline/multidag_cl/iemocap/debug/context_w5_tav_smoke.yaml,configs/pipeline/multidag_cl/iemocap/stabilize/context_w5_tav_lr5e4.yaml,near_semantic_parameter_variant,evaluation.max_batches|project.pipeline_name|train.train_config_path,NO,preserve_distinct_parameter_variant,medium,No deletion or merge in Phase 4A; compare the listed semantic keys before migration.
NEAR-0363,configs/pipeline/multidag_cl/iemocap/debug/context_w5_tav_smoke.yaml,configs/pipeline/multidag_cl/iemocap/stabilize/context_w5_tav_stable_candidate.yaml,near_semantic_parameter_variant,evaluation.max_batches|project.pipeline_name|train.train_config_path,NO,preserve_distinct_parameter_variant,medium,No deletion or merge in Phase 4A; compare the listed semantic keys before migration.
NEAR-0364,configs/pipeline/multidag_cl/iemocap/formal/context_past_all_causal_tav.yaml,configs/pipeline/multidag_cl/iemocap/formal/context_w0_tav.yaml,near_semantic_parameter_variant,project.pipeline_name|train.train_config_path,NO,preserve_distinct_parameter_variant,medium,No deletion or merge in Phase 4A; compare the listed semantic keys before migration.
NEAR-0365,configs/pipeline/multidag_cl/iemocap/formal/context_past_all_causal_tav.yaml,configs/pipeline/multidag_cl/iemocap/formal/context_w1_tav.yaml,near_semantic_parameter_variant,project.pipeline_name|train.train_config_path,NO,preserve_distinct_parameter_variant,medium,No deletion or merge in Phase 4A; compare the listed semantic keys before migration.
NEAR-0366,configs/pipeline/multidag_cl/iemocap/formal/context_past_all_causal_tav.yaml,configs/pipeline/multidag_cl/iemocap/formal/context_w3_tav.yaml,near_semantic_parameter_variant,project.pipeline_name|train.train_config_path,NO,preserve_distinct_parameter_variant,medium,No deletion or merge in Phase 4A; compare the listed semantic keys before migration.
NEAR-0367,configs/pipeline/multidag_cl/iemocap/formal/context_past_all_causal_tav.yaml,configs/pipeline/multidag_cl/iemocap/formal/context_w5_tav.yaml,near_semantic_parameter_variant,project.pipeline_name|train.train_config_path,NO,preserve_distinct_parameter_variant,medium,No deletion or merge in Phase 4A; compare the listed semantic keys before migration.
NEAR-0368,configs/pipeline/multidag_cl/iemocap/formal/context_past_all_causal_tav.yaml,configs/pipeline/multidag_cl/iemocap/formal/modality_w5_a.yaml,near_semantic_parameter_variant,project.pipeline_name|train.train_config_path,NO,preserve_distinct_parameter_variant,medium,No deletion or merge in Phase 4A; compare the listed semantic keys before migration.
NEAR-0369,configs/pipeline/multidag_cl/iemocap/formal/context_past_all_causal_tav.yaml,configs/pipeline/multidag_cl/iemocap/formal/modality_w5_av.yaml,near_semantic_parameter_variant,project.pipeline_name|train.train_config_path,NO,preserve_distinct_parameter_variant,medium,No deletion or merge in Phase 4A; compare the listed semantic keys before migration.
NEAR-0370,configs/pipeline/multidag_cl/iemocap/formal/context_past_all_causal_tav.yaml,configs/pipeline/multidag_cl/iemocap/formal/modality_w5_t.yaml,near_semantic_parameter_variant,project.pipeline_name|train.train_config_path,NO,preserve_distinct_parameter_variant,medium,No deletion or merge in Phase 4A; compare the listed semantic keys before migration.
NEAR-0371,configs/pipeline/multidag_cl/iemocap/formal/context_past_all_causal_tav.yaml,configs/pipeline/multidag_cl/iemocap/formal/modality_w5_ta.yaml,near_semantic_parameter_variant,project.pipeline_name|train.train_config_path,NO,preserve_distinct_parameter_variant,medium,No deletion or merge in Phase 4A; compare the listed semantic keys before migration.
NEAR-0372,configs/pipeline/multidag_cl/iemocap/formal/context_past_all_causal_tav.yaml,configs/pipeline/multidag_cl/iemocap/formal/modality_w5_tav.yaml,near_semantic_parameter_variant,project.pipeline_name|train.train_config_path,NO,preserve_distinct_parameter_variant,medium,No deletion or merge in Phase 4A; compare the listed semantic keys before migration.
NEAR-0373,configs/pipeline/multidag_cl/iemocap/formal/context_past_all_causal_tav.yaml,configs/pipeline/multidag_cl/iemocap/formal/modality_w5_tv.yaml,near_semantic_parameter_variant,project.pipeline_name|train.train_config_path,NO,preserve_distinct_parameter_variant,medium,No deletion or merge in Phase 4A; compare the listed semantic keys before migration.
NEAR-0374,configs/pipeline/multidag_cl/iemocap/formal/context_past_all_causal_tav.yaml,configs/pipeline/multidag_cl/iemocap/formal/modality_w5_v.yaml,near_semantic_parameter_variant,project.pipeline_name|train.train_config_path,NO,preserve_distinct_parameter_variant,medium,No deletion or merge in Phase 4A; compare the listed semantic keys before migration.
NEAR-0375,configs/pipeline/multidag_cl/iemocap/formal/context_past_all_causal_tav.yaml,configs/pipeline/multidag_cl/iemocap/loss_stability/context_w5_tav_stable_lr3e4_cosine.yaml,near_semantic_parameter_variant,project.pipeline_name|train.train_config_path,NO,preserve_distinct_parameter_variant,medium,No deletion or merge in Phase 4A; compare the listed semantic keys before migration.
NEAR-0376,configs/pipeline/multidag_cl/iemocap/formal/context_past_all_causal_tav.yaml,configs/pipeline/multidag_cl/iemocap/loss_stability/context_w5_tav_stable_lr3e4_earlystop_valloss.yaml,near_semantic_parameter_variant,project.pipeline_name|train.train_config_path,NO,preserve_distinct_parameter_variant,medium,No deletion or merge in Phase 4A; compare the listed semantic keys before migration.
NEAR-0377,configs/pipeline/multidag_cl/iemocap/formal/context_past_all_causal_tav.yaml,configs/pipeline/multidag_cl/iemocap/loss_stability/context_w5_tav_stable_lr3e4_label_smoothing005.yaml,near_semantic_parameter_variant,project.pipeline_name|train.train_config_path,NO,preserve_distinct_parameter_variant,medium,No deletion or merge in Phase 4A; compare the listed semantic keys before migration.
NEAR-0378,configs/pipeline/multidag_cl/iemocap/formal/context_past_all_causal_tav.yaml,configs/pipeline/multidag_cl/iemocap/loss_stability/context_w5_tav_stable_lr3e4_plateau_valloss.yaml,near_semantic_parameter_variant,project.pipeline_name|train.train_config_path,NO,preserve_distinct_parameter_variant,medium,No deletion or merge in Phase 4A; compare the listed semantic keys before migration.
NEAR-0379,configs/pipeline/multidag_cl/iemocap/formal/context_past_all_causal_tav.yaml,configs/pipeline/multidag_cl/iemocap/loss_stability/context_w5_tav_stable_lr5e4_plateau_valloss.yaml,near_semantic_parameter_variant,project.pipeline_name|train.train_config_path,NO,preserve_distinct_parameter_variant,medium,No deletion or merge in Phase 4A; compare the listed semantic keys before migration.
NEAR-0380,configs/pipeline/multidag_cl/iemocap/formal/context_past_all_causal_tav.yaml,configs/pipeline/multidag_cl/iemocap/stabilize/context_past_all_causal_tav_stable_candidate.yaml,near_semantic_parameter_variant,project.pipeline_name|train.train_config_path,NO,preserve_distinct_parameter_variant,medium,No deletion or merge in Phase 4A; compare the listed semantic keys before migration.
NEAR-0381,configs/pipeline/multidag_cl/iemocap/formal/context_past_all_causal_tav.yaml,configs/pipeline/multidag_cl/iemocap/stabilize/context_w0_tav_stable_candidate.yaml,near_semantic_parameter_variant,project.pipeline_name|train.train_config_path,NO,preserve_distinct_parameter_variant,medium,No deletion or merge in Phase 4A; compare the listed semantic keys before migration.
NEAR-0382,configs/pipeline/multidag_cl/iemocap/formal/context_past_all_causal_tav.yaml,configs/pipeline/multidag_cl/iemocap/stabilize/context_w3_tav_stable_candidate.yaml,near_semantic_parameter_variant,project.pipeline_name|train.train_config_path,NO,preserve_distinct_parameter_variant,medium,No deletion or merge in Phase 4A; compare the listed semantic keys before migration.
NEAR-0383,configs/pipeline/multidag_cl/iemocap/formal/context_past_all_causal_tav.yaml,configs/pipeline/multidag_cl/iemocap/stabilize/context_w5_tav_dropout01.yaml,near_semantic_parameter_variant,project.pipeline_name|train.train_config_path,NO,preserve_distinct_parameter_variant,medium,No deletion or merge in Phase 4A; compare the listed semantic keys before migration.
NEAR-0384,configs/pipeline/multidag_cl/iemocap/formal/context_past_all_causal_tav.yaml,configs/pipeline/multidag_cl/iemocap/stabilize/context_w5_tav_dropout02.yaml,near_semantic_parameter_variant,project.pipeline_name|train.train_config_path,NO,preserve_distinct_parameter_variant,medium,No deletion or merge in Phase 4A; compare the listed semantic keys before migration.
NEAR-0385,configs/pipeline/multidag_cl/iemocap/formal/context_past_all_causal_tav.yaml,configs/pipeline/multidag_cl/iemocap/stabilize/context_w5_tav_graph1.yaml,near_semantic_parameter_variant,project.pipeline_name|train.train_config_path,NO,preserve_distinct_parameter_variant,medium,No deletion or merge in Phase 4A; compare the listed semantic keys before migration.
NEAR-0386,configs/pipeline/multidag_cl/iemocap/formal/context_past_all_causal_tav.yaml,configs/pipeline/multidag_cl/iemocap/stabilize/context_w5_tav_linear_encoder.yaml,near_semantic_parameter_variant,project.pipeline_name|train.train_config_path,NO,preserve_distinct_parameter_variant,medium,No deletion or merge in Phase 4A; compare the listed semantic keys before migration.
NEAR-0387,configs/pipeline/multidag_cl/iemocap/formal/context_past_all_causal_tav.yaml,configs/pipeline/multidag_cl/iemocap/stabilize/context_w5_tav_lr3e4.yaml,near_semantic_parameter_variant,project.pipeline_name|train.train_config_path,NO,preserve_distinct_parameter_variant,medium,No deletion or merge in Phase 4A; compare the listed semantic keys before migration.
NEAR-0388,configs/pipeline/multidag_cl/iemocap/formal/context_past_all_causal_tav.yaml,configs/pipeline/multidag_cl/iemocap/stabilize/context_w5_tav_lr5e4.yaml,near_semantic_parameter_variant,project.pipeline_name|train.train_config_path,NO,preserve_distinct_parameter_variant,medium,No deletion or merge in Phase 4A; compare the listed semantic keys before migration.
NEAR-0389,configs/pipeline/multidag_cl/iemocap/formal/context_past_all_causal_tav.yaml,configs/pipeline/multidag_cl/iemocap/stabilize/context_w5_tav_stable_candidate.yaml,near_semantic_parameter_variant,project.pipeline_name|train.train_config_path,NO,preserve_distinct_parameter_variant,medium,No deletion or merge in Phase 4A; compare the listed semantic keys before migration.
NEAR-0390,configs/pipeline/multidag_cl/iemocap/formal/context_w0_tav.yaml,configs/pipeline/multidag_cl/iemocap/formal/context_w1_tav.yaml,near_semantic_parameter_variant,project.pipeline_name|train.train_config_path,NO,preserve_distinct_parameter_variant,medium,No deletion or merge in Phase 4A; compare the listed semantic keys before migration.
NEAR-0391,configs/pipeline/multidag_cl/iemocap/formal/context_w0_tav.yaml,configs/pipeline/multidag_cl/iemocap/formal/context_w3_tav.yaml,near_semantic_parameter_variant,project.pipeline_name|train.train_config_path,NO,preserve_distinct_parameter_variant,medium,No deletion or merge in Phase 4A; compare the listed semantic keys before migration.
NEAR-0392,configs/pipeline/multidag_cl/iemocap/formal/context_w0_tav.yaml,configs/pipeline/multidag_cl/iemocap/formal/context_w5_tav.yaml,near_semantic_parameter_variant,project.pipeline_name|train.train_config_path,NO,preserve_distinct_parameter_variant,medium,No deletion or merge in Phase 4A; compare the listed semantic keys before migration.
NEAR-0393,configs/pipeline/multidag_cl/iemocap/formal/context_w0_tav.yaml,configs/pipeline/multidag_cl/iemocap/formal/modality_w5_a.yaml,near_semantic_parameter_variant,project.pipeline_name|train.train_config_path,NO,preserve_distinct_parameter_variant,medium,No deletion or merge in Phase 4A; compare the listed semantic keys before migration.
NEAR-0394,configs/pipeline/multidag_cl/iemocap/formal/context_w0_tav.yaml,configs/pipeline/multidag_cl/iemocap/formal/modality_w5_av.yaml,near_semantic_parameter_variant,project.pipeline_name|train.train_config_path,NO,preserve_distinct_parameter_variant,medium,No deletion or merge in Phase 4A; compare the listed semantic keys before migration.
NEAR-0395,configs/pipeline/multidag_cl/iemocap/formal/context_w0_tav.yaml,configs/pipeline/multidag_cl/iemocap/formal/modality_w5_t.yaml,near_semantic_parameter_variant,project.pipeline_name|train.train_config_path,NO,preserve_distinct_parameter_variant,medium,No deletion or merge in Phase 4A; compare the listed semantic keys before migration.
NEAR-0396,configs/pipeline/multidag_cl/iemocap/formal/context_w0_tav.yaml,configs/pipeline/multidag_cl/iemocap/formal/modality_w5_ta.yaml,near_semantic_parameter_variant,project.pipeline_name|train.train_config_path,NO,preserve_distinct_parameter_variant,medium,No deletion or merge in Phase 4A; compare the listed semantic keys before migration.
NEAR-0397,configs/pipeline/multidag_cl/iemocap/formal/context_w0_tav.yaml,configs/pipeline/multidag_cl/iemocap/formal/modality_w5_tav.yaml,near_semantic_parameter_variant,project.pipeline_name|train.train_config_path,NO,preserve_distinct_parameter_variant,medium,No deletion or merge in Phase 4A; compare the listed semantic keys before migration.
NEAR-0398,configs/pipeline/multidag_cl/iemocap/formal/context_w0_tav.yaml,configs/pipeline/multidag_cl/iemocap/formal/modality_w5_tv.yaml,near_semantic_parameter_variant,project.pipeline_name|train.train_config_path,NO,preserve_distinct_parameter_variant,medium,No deletion or merge in Phase 4A; compare the listed semantic keys before migration.
NEAR-0399,configs/pipeline/multidag_cl/iemocap/formal/context_w0_tav.yaml,configs/pipeline/multidag_cl/iemocap/formal/modality_w5_v.yaml,near_semantic_parameter_variant,project.pipeline_name|train.train_config_path,NO,preserve_distinct_parameter_variant,medium,No deletion or merge in Phase 4A; compare the listed semantic keys before migration.
NEAR-0400,configs/pipeline/multidag_cl/iemocap/formal/context_w0_tav.yaml,configs/pipeline/multidag_cl/iemocap/loss_stability/context_w5_tav_stable_lr3e4_cosine.yaml,near_semantic_parameter_variant,project.pipeline_name|train.train_config_path,NO,preserve_distinct_parameter_variant,medium,No deletion or merge in Phase 4A; compare the listed semantic keys before migration.
NEAR-0401,configs/pipeline/multidag_cl/iemocap/formal/context_w0_tav.yaml,configs/pipeline/multidag_cl/iemocap/loss_stability/context_w5_tav_stable_lr3e4_earlystop_valloss.yaml,near_semantic_parameter_variant,project.pipeline_name|train.train_config_path,NO,preserve_distinct_parameter_variant,medium,No deletion or merge in Phase 4A; compare the listed semantic keys before migration.
NEAR-0402,configs/pipeline/multidag_cl/iemocap/formal/context_w0_tav.yaml,configs/pipeline/multidag_cl/iemocap/loss_stability/context_w5_tav_stable_lr3e4_label_smoothing005.yaml,near_semantic_parameter_variant,project.pipeline_name|train.train_config_path,NO,preserve_distinct_parameter_variant,medium,No deletion or merge in Phase 4A; compare the listed semantic keys before migration.
NEAR-0403,configs/pipeline/multidag_cl/iemocap/formal/context_w0_tav.yaml,configs/pipeline/multidag_cl/iemocap/loss_stability/context_w5_tav_stable_lr3e4_plateau_valloss.yaml,near_semantic_parameter_variant,project.pipeline_name|train.train_config_path,NO,preserve_distinct_parameter_variant,medium,No deletion or merge in Phase 4A; compare the listed semantic keys before migration.
NEAR-0404,configs/pipeline/multidag_cl/iemocap/formal/context_w0_tav.yaml,configs/pipeline/multidag_cl/iemocap/loss_stability/context_w5_tav_stable_lr5e4_plateau_valloss.yaml,near_semantic_parameter_variant,project.pipeline_name|train.train_config_path,NO,preserve_distinct_parameter_variant,medium,No deletion or merge in Phase 4A; compare the listed semantic keys before migration.
NEAR-0405,configs/pipeline/multidag_cl/iemocap/formal/context_w0_tav.yaml,configs/pipeline/multidag_cl/iemocap/stabilize/context_past_all_causal_tav_stable_candidate.yaml,near_semantic_parameter_variant,project.pipeline_name|train.train_config_path,NO,preserve_distinct_parameter_variant,medium,No deletion or merge in Phase 4A; compare the listed semantic keys before migration.
NEAR-0406,configs/pipeline/multidag_cl/iemocap/formal/context_w0_tav.yaml,configs/pipeline/multidag_cl/iemocap/stabilize/context_w0_tav_stable_candidate.yaml,near_semantic_parameter_variant,project.pipeline_name|train.train_config_path,NO,preserve_distinct_parameter_variant,medium,No deletion or merge in Phase 4A; compare the listed semantic keys before migration.
NEAR-0407,configs/pipeline/multidag_cl/iemocap/formal/context_w0_tav.yaml,configs/pipeline/multidag_cl/iemocap/stabilize/context_w3_tav_stable_candidate.yaml,near_semantic_parameter_variant,project.pipeline_name|train.train_config_path,NO,preserve_distinct_parameter_variant,medium,No deletion or merge in Phase 4A; compare the listed semantic keys before migration.
NEAR-0408,configs/pipeline/multidag_cl/iemocap/formal/context_w0_tav.yaml,configs/pipeline/multidag_cl/iemocap/stabilize/context_w5_tav_dropout01.yaml,near_semantic_parameter_variant,project.pipeline_name|train.train_config_path,NO,preserve_distinct_parameter_variant,medium,No deletion or merge in Phase 4A; compare the listed semantic keys before migration.
NEAR-0409,configs/pipeline/multidag_cl/iemocap/formal/context_w0_tav.yaml,configs/pipeline/multidag_cl/iemocap/stabilize/context_w5_tav_dropout02.yaml,near_semantic_parameter_variant,project.pipeline_name|train.train_config_path,NO,preserve_distinct_parameter_variant,medium,No deletion or merge in Phase 4A; compare the listed semantic keys before migration.
NEAR-0410,configs/pipeline/multidag_cl/iemocap/formal/context_w0_tav.yaml,configs/pipeline/multidag_cl/iemocap/stabilize/context_w5_tav_graph1.yaml,near_semantic_parameter_variant,project.pipeline_name|train.train_config_path,NO,preserve_distinct_parameter_variant,medium,No deletion or merge in Phase 4A; compare the listed semantic keys before migration.
NEAR-0411,configs/pipeline/multidag_cl/iemocap/formal/context_w0_tav.yaml,configs/pipeline/multidag_cl/iemocap/stabilize/context_w5_tav_linear_encoder.yaml,near_semantic_parameter_variant,project.pipeline_name|train.train_config_path,NO,preserve_distinct_parameter_variant,medium,No deletion or merge in Phase 4A; compare the listed semantic keys before migration.
NEAR-0412,configs/pipeline/multidag_cl/iemocap/formal/context_w0_tav.yaml,configs/pipeline/multidag_cl/iemocap/stabilize/context_w5_tav_lr3e4.yaml,near_semantic_parameter_variant,project.pipeline_name|train.train_config_path,NO,preserve_distinct_parameter_variant,medium,No deletion or merge in Phase 4A; compare the listed semantic keys before migration.
NEAR-0413,configs/pipeline/multidag_cl/iemocap/formal/context_w0_tav.yaml,configs/pipeline/multidag_cl/iemocap/stabilize/context_w5_tav_lr5e4.yaml,near_semantic_parameter_variant,project.pipeline_name|train.train_config_path,NO,preserve_distinct_parameter_variant,medium,No deletion or merge in Phase 4A; compare the listed semantic keys before migration.
NEAR-0414,configs/pipeline/multidag_cl/iemocap/formal/context_w0_tav.yaml,configs/pipeline/multidag_cl/iemocap/stabilize/context_w5_tav_stable_candidate.yaml,near_semantic_parameter_variant,project.pipeline_name|train.train_config_path,NO,preserve_distinct_parameter_variant,medium,No deletion or merge in Phase 4A; compare the listed semantic keys before migration.
NEAR-0415,configs/pipeline/multidag_cl/iemocap/formal/context_w1_tav.yaml,configs/pipeline/multidag_cl/iemocap/formal/context_w3_tav.yaml,near_semantic_parameter_variant,project.pipeline_name|train.train_config_path,NO,preserve_distinct_parameter_variant,medium,No deletion or merge in Phase 4A; compare the listed semantic keys before migration.
NEAR-0416,configs/pipeline/multidag_cl/iemocap/formal/context_w1_tav.yaml,configs/pipeline/multidag_cl/iemocap/formal/context_w5_tav.yaml,near_semantic_parameter_variant,project.pipeline_name|train.train_config_path,NO,preserve_distinct_parameter_variant,medium,No deletion or merge in Phase 4A; compare the listed semantic keys before migration.
NEAR-0417,configs/pipeline/multidag_cl/iemocap/formal/context_w1_tav.yaml,configs/pipeline/multidag_cl/iemocap/formal/modality_w5_a.yaml,near_semantic_parameter_variant,project.pipeline_name|train.train_config_path,NO,preserve_distinct_parameter_variant,medium,No deletion or merge in Phase 4A; compare the listed semantic keys before migration.
NEAR-0418,configs/pipeline/multidag_cl/iemocap/formal/context_w1_tav.yaml,configs/pipeline/multidag_cl/iemocap/formal/modality_w5_av.yaml,near_semantic_parameter_variant,project.pipeline_name|train.train_config_path,NO,preserve_distinct_parameter_variant,medium,No deletion or merge in Phase 4A; compare the listed semantic keys before migration.
NEAR-0419,configs/pipeline/multidag_cl/iemocap/formal/context_w1_tav.yaml,configs/pipeline/multidag_cl/iemocap/formal/modality_w5_t.yaml,near_semantic_parameter_variant,project.pipeline_name|train.train_config_path,NO,preserve_distinct_parameter_variant,medium,No deletion or merge in Phase 4A; compare the listed semantic keys before migration.
NEAR-0420,configs/pipeline/multidag_cl/iemocap/formal/context_w1_tav.yaml,configs/pipeline/multidag_cl/iemocap/formal/modality_w5_ta.yaml,near_semantic_parameter_variant,project.pipeline_name|train.train_config_path,NO,preserve_distinct_parameter_variant,medium,No deletion or merge in Phase 4A; compare the listed semantic keys before migration.
NEAR-0421,configs/pipeline/multidag_cl/iemocap/formal/context_w1_tav.yaml,configs/pipeline/multidag_cl/iemocap/formal/modality_w5_tav.yaml,near_semantic_parameter_variant,project.pipeline_name|train.train_config_path,NO,preserve_distinct_parameter_variant,medium,No deletion or merge in Phase 4A; compare the listed semantic keys before migration.
NEAR-0422,configs/pipeline/multidag_cl/iemocap/formal/context_w1_tav.yaml,configs/pipeline/multidag_cl/iemocap/formal/modality_w5_tv.yaml,near_semantic_parameter_variant,project.pipeline_name|train.train_config_path,NO,preserve_distinct_parameter_variant,medium,No deletion or merge in Phase 4A; compare the listed semantic keys before migration.
NEAR-0423,configs/pipeline/multidag_cl/iemocap/formal/context_w1_tav.yaml,configs/pipeline/multidag_cl/iemocap/formal/modality_w5_v.yaml,near_semantic_parameter_variant,project.pipeline_name|train.train_config_path,NO,preserve_distinct_parameter_variant,medium,No deletion or merge in Phase 4A; compare the listed semantic keys before migration.
NEAR-0424,configs/pipeline/multidag_cl/iemocap/formal/context_w1_tav.yaml,configs/pipeline/multidag_cl/iemocap/loss_stability/context_w5_tav_stable_lr3e4_cosine.yaml,near_semantic_parameter_variant,project.pipeline_name|train.train_config_path,NO,preserve_distinct_parameter_variant,medium,No deletion or merge in Phase 4A; compare the listed semantic keys before migration.
NEAR-0425,configs/pipeline/multidag_cl/iemocap/formal/context_w1_tav.yaml,configs/pipeline/multidag_cl/iemocap/loss_stability/context_w5_tav_stable_lr3e4_earlystop_valloss.yaml,near_semantic_parameter_variant,project.pipeline_name|train.train_config_path,NO,preserve_distinct_parameter_variant,medium,No deletion or merge in Phase 4A; compare the listed semantic keys before migration.
NEAR-0426,configs/pipeline/multidag_cl/iemocap/formal/context_w1_tav.yaml,configs/pipeline/multidag_cl/iemocap/loss_stability/context_w5_tav_stable_lr3e4_label_smoothing005.yaml,near_semantic_parameter_variant,project.pipeline_name|train.train_config_path,NO,preserve_distinct_parameter_variant,medium,No deletion or merge in Phase 4A; compare the listed semantic keys before migration.
NEAR-0427,configs/pipeline/multidag_cl/iemocap/formal/context_w1_tav.yaml,configs/pipeline/multidag_cl/iemocap/loss_stability/context_w5_tav_stable_lr3e4_plateau_valloss.yaml,near_semantic_parameter_variant,project.pipeline_name|train.train_config_path,NO,preserve_distinct_parameter_variant,medium,No deletion or merge in Phase 4A; compare the listed semantic keys before migration.
NEAR-0428,configs/pipeline/multidag_cl/iemocap/formal/context_w1_tav.yaml,configs/pipeline/multidag_cl/iemocap/loss_stability/context_w5_tav_stable_lr5e4_plateau_valloss.yaml,near_semantic_parameter_variant,project.pipeline_name|train.train_config_path,NO,preserve_distinct_parameter_variant,medium,No deletion or merge in Phase 4A; compare the listed semantic keys before migration.
NEAR-0429,configs/pipeline/multidag_cl/iemocap/formal/context_w1_tav.yaml,configs/pipeline/multidag_cl/iemocap/stabilize/context_past_all_causal_tav_stable_candidate.yaml,near_semantic_parameter_variant,project.pipeline_name|train.train_config_path,NO,preserve_distinct_parameter_variant,medium,No deletion or merge in Phase 4A; compare the listed semantic keys before migration.
NEAR-0430,configs/pipeline/multidag_cl/iemocap/formal/context_w1_tav.yaml,configs/pipeline/multidag_cl/iemocap/stabilize/context_w0_tav_stable_candidate.yaml,near_semantic_parameter_variant,project.pipeline_name|train.train_config_path,NO,preserve_distinct_parameter_variant,medium,No deletion or merge in Phase 4A; compare the listed semantic keys before migration.
NEAR-0431,configs/pipeline/multidag_cl/iemocap/formal/context_w1_tav.yaml,configs/pipeline/multidag_cl/iemocap/stabilize/context_w3_tav_stable_candidate.yaml,near_semantic_parameter_variant,project.pipeline_name|train.train_config_path,NO,preserve_distinct_parameter_variant,medium,No deletion or merge in Phase 4A; compare the listed semantic keys before migration.
NEAR-0432,configs/pipeline/multidag_cl/iemocap/formal/context_w1_tav.yaml,configs/pipeline/multidag_cl/iemocap/stabilize/context_w5_tav_dropout01.yaml,near_semantic_parameter_variant,project.pipeline_name|train.train_config_path,NO,preserve_distinct_parameter_variant,medium,No deletion or merge in Phase 4A; compare the listed semantic keys before migration.
NEAR-0433,configs/pipeline/multidag_cl/iemocap/formal/context_w1_tav.yaml,configs/pipeline/multidag_cl/iemocap/stabilize/context_w5_tav_dropout02.yaml,near_semantic_parameter_variant,project.pipeline_name|train.train_config_path,NO,preserve_distinct_parameter_variant,medium,No deletion or merge in Phase 4A; compare the listed semantic keys before migration.
NEAR-0434,configs/pipeline/multidag_cl/iemocap/formal/context_w1_tav.yaml,configs/pipeline/multidag_cl/iemocap/stabilize/context_w5_tav_graph1.yaml,near_semantic_parameter_variant,project.pipeline_name|train.train_config_path,NO,preserve_distinct_parameter_variant,medium,No deletion or merge in Phase 4A; compare the listed semantic keys before migration.
NEAR-0435,configs/pipeline/multidag_cl/iemocap/formal/context_w1_tav.yaml,configs/pipeline/multidag_cl/iemocap/stabilize/context_w5_tav_linear_encoder.yaml,near_semantic_parameter_variant,project.pipeline_name|train.train_config_path,NO,preserve_distinct_parameter_variant,medium,No deletion or merge in Phase 4A; compare the listed semantic keys before migration.
NEAR-0436,configs/pipeline/multidag_cl/iemocap/formal/context_w1_tav.yaml,configs/pipeline/multidag_cl/iemocap/stabilize/context_w5_tav_lr3e4.yaml,near_semantic_parameter_variant,project.pipeline_name|train.train_config_path,NO,preserve_distinct_parameter_variant,medium,No deletion or merge in Phase 4A; compare the listed semantic keys before migration.
NEAR-0437,configs/pipeline/multidag_cl/iemocap/formal/context_w1_tav.yaml,configs/pipeline/multidag_cl/iemocap/stabilize/context_w5_tav_lr5e4.yaml,near_semantic_parameter_variant,project.pipeline_name|train.train_config_path,NO,preserve_distinct_parameter_variant,medium,No deletion or merge in Phase 4A; compare the listed semantic keys before migration.
NEAR-0438,configs/pipeline/multidag_cl/iemocap/formal/context_w1_tav.yaml,configs/pipeline/multidag_cl/iemocap/stabilize/context_w5_tav_stable_candidate.yaml,near_semantic_parameter_variant,project.pipeline_name|train.train_config_path,NO,preserve_distinct_parameter_variant,medium,No deletion or merge in Phase 4A; compare the listed semantic keys before migration.
NEAR-0439,configs/pipeline/multidag_cl/iemocap/formal/context_w3_tav.yaml,configs/pipeline/multidag_cl/iemocap/formal/context_w5_tav.yaml,near_semantic_parameter_variant,project.pipeline_name|train.train_config_path,NO,preserve_distinct_parameter_variant,medium,No deletion or merge in Phase 4A; compare the listed semantic keys before migration.
NEAR-0440,configs/pipeline/multidag_cl/iemocap/formal/context_w3_tav.yaml,configs/pipeline/multidag_cl/iemocap/formal/modality_w5_a.yaml,near_semantic_parameter_variant,project.pipeline_name|train.train_config_path,NO,preserve_distinct_parameter_variant,medium,No deletion or merge in Phase 4A; compare the listed semantic keys before migration.
NEAR-0441,configs/pipeline/multidag_cl/iemocap/formal/context_w3_tav.yaml,configs/pipeline/multidag_cl/iemocap/formal/modality_w5_av.yaml,near_semantic_parameter_variant,project.pipeline_name|train.train_config_path,NO,preserve_distinct_parameter_variant,medium,No deletion or merge in Phase 4A; compare the listed semantic keys before migration.
NEAR-0442,configs/pipeline/multidag_cl/iemocap/formal/context_w3_tav.yaml,configs/pipeline/multidag_cl/iemocap/formal/modality_w5_t.yaml,near_semantic_parameter_variant,project.pipeline_name|train.train_config_path,NO,preserve_distinct_parameter_variant,medium,No deletion or merge in Phase 4A; compare the listed semantic keys before migration.
NEAR-0443,configs/pipeline/multidag_cl/iemocap/formal/context_w3_tav.yaml,configs/pipeline/multidag_cl/iemocap/formal/modality_w5_ta.yaml,near_semantic_parameter_variant,project.pipeline_name|train.train_config_path,NO,preserve_distinct_parameter_variant,medium,No deletion or merge in Phase 4A; compare the listed semantic keys before migration.
NEAR-0444,configs/pipeline/multidag_cl/iemocap/formal/context_w3_tav.yaml,configs/pipeline/multidag_cl/iemocap/formal/modality_w5_tav.yaml,near_semantic_parameter_variant,project.pipeline_name|train.train_config_path,NO,preserve_distinct_parameter_variant,medium,No deletion or merge in Phase 4A; compare the listed semantic keys before migration.
NEAR-0445,configs/pipeline/multidag_cl/iemocap/formal/context_w3_tav.yaml,configs/pipeline/multidag_cl/iemocap/formal/modality_w5_tv.yaml,near_semantic_parameter_variant,project.pipeline_name|train.train_config_path,NO,preserve_distinct_parameter_variant,medium,No deletion or merge in Phase 4A; compare the listed semantic keys before migration.
NEAR-0446,configs/pipeline/multidag_cl/iemocap/formal/context_w3_tav.yaml,configs/pipeline/multidag_cl/iemocap/formal/modality_w5_v.yaml,near_semantic_parameter_variant,project.pipeline_name|train.train_config_path,NO,preserve_distinct_parameter_variant,medium,No deletion or merge in Phase 4A; compare the listed semantic keys before migration.
NEAR-0447,configs/pipeline/multidag_cl/iemocap/formal/context_w3_tav.yaml,configs/pipeline/multidag_cl/iemocap/loss_stability/context_w5_tav_stable_lr3e4_cosine.yaml,near_semantic_parameter_variant,project.pipeline_name|train.train_config_path,NO,preserve_distinct_parameter_variant,medium,No deletion or merge in Phase 4A; compare the listed semantic keys before migration.
NEAR-0448,configs/pipeline/multidag_cl/iemocap/formal/context_w3_tav.yaml,configs/pipeline/multidag_cl/iemocap/loss_stability/context_w5_tav_stable_lr3e4_earlystop_valloss.yaml,near_semantic_parameter_variant,project.pipeline_name|train.train_config_path,NO,preserve_distinct_parameter_variant,medium,No deletion or merge in Phase 4A; compare the listed semantic keys before migration.
NEAR-0449,configs/pipeline/multidag_cl/iemocap/formal/context_w3_tav.yaml,configs/pipeline/multidag_cl/iemocap/loss_stability/context_w5_tav_stable_lr3e4_label_smoothing005.yaml,near_semantic_parameter_variant,project.pipeline_name|train.train_config_path,NO,preserve_distinct_parameter_variant,medium,No deletion or merge in Phase 4A; compare the listed semantic keys before migration.
NEAR-0450,configs/pipeline/multidag_cl/iemocap/formal/context_w3_tav.yaml,configs/pipeline/multidag_cl/iemocap/loss_stability/context_w5_tav_stable_lr3e4_plateau_valloss.yaml,near_semantic_parameter_variant,project.pipeline_name|train.train_config_path,NO,preserve_distinct_parameter_variant,medium,No deletion or merge in Phase 4A; compare the listed semantic keys before migration.
NEAR-0451,configs/pipeline/multidag_cl/iemocap/formal/context_w3_tav.yaml,configs/pipeline/multidag_cl/iemocap/loss_stability/context_w5_tav_stable_lr5e4_plateau_valloss.yaml,near_semantic_parameter_variant,project.pipeline_name|train.train_config_path,NO,preserve_distinct_parameter_variant,medium,No deletion or merge in Phase 4A; compare the listed semantic keys before migration.
NEAR-0452,configs/pipeline/multidag_cl/iemocap/formal/context_w3_tav.yaml,configs/pipeline/multidag_cl/iemocap/stabilize/context_past_all_causal_tav_stable_candidate.yaml,near_semantic_parameter_variant,project.pipeline_name|train.train_config_path,NO,preserve_distinct_parameter_variant,medium,No deletion or merge in Phase 4A; compare the listed semantic keys before migration.
NEAR-0453,configs/pipeline/multidag_cl/iemocap/formal/context_w3_tav.yaml,configs/pipeline/multidag_cl/iemocap/stabilize/context_w0_tav_stable_candidate.yaml,near_semantic_parameter_variant,project.pipeline_name|train.train_config_path,NO,preserve_distinct_parameter_variant,medium,No deletion or merge in Phase 4A; compare the listed semantic keys before migration.
NEAR-0454,configs/pipeline/multidag_cl/iemocap/formal/context_w3_tav.yaml,configs/pipeline/multidag_cl/iemocap/stabilize/context_w3_tav_stable_candidate.yaml,near_semantic_parameter_variant,project.pipeline_name|train.train_config_path,NO,preserve_distinct_parameter_variant,medium,No deletion or merge in Phase 4A; compare the listed semantic keys before migration.
NEAR-0455,configs/pipeline/multidag_cl/iemocap/formal/context_w3_tav.yaml,configs/pipeline/multidag_cl/iemocap/stabilize/context_w5_tav_dropout01.yaml,near_semantic_parameter_variant,project.pipeline_name|train.train_config_path,NO,preserve_distinct_parameter_variant,medium,No deletion or merge in Phase 4A; compare the listed semantic keys before migration.
NEAR-0456,configs/pipeline/multidag_cl/iemocap/formal/context_w3_tav.yaml,configs/pipeline/multidag_cl/iemocap/stabilize/context_w5_tav_dropout02.yaml,near_semantic_parameter_variant,project.pipeline_name|train.train_config_path,NO,preserve_distinct_parameter_variant,medium,No deletion or merge in Phase 4A; compare the listed semantic keys before migration.
NEAR-0457,configs/pipeline/multidag_cl/iemocap/formal/context_w3_tav.yaml,configs/pipeline/multidag_cl/iemocap/stabilize/context_w5_tav_graph1.yaml,near_semantic_parameter_variant,project.pipeline_name|train.train_config_path,NO,preserve_distinct_parameter_variant,medium,No deletion or merge in Phase 4A; compare the listed semantic keys before migration.
NEAR-0458,configs/pipeline/multidag_cl/iemocap/formal/context_w3_tav.yaml,configs/pipeline/multidag_cl/iemocap/stabilize/context_w5_tav_linear_encoder.yaml,near_semantic_parameter_variant,project.pipeline_name|train.train_config_path,NO,preserve_distinct_parameter_variant,medium,No deletion or merge in Phase 4A; compare the listed semantic keys before migration.
NEAR-0459,configs/pipeline/multidag_cl/iemocap/formal/context_w3_tav.yaml,configs/pipeline/multidag_cl/iemocap/stabilize/context_w5_tav_lr3e4.yaml,near_semantic_parameter_variant,project.pipeline_name|train.train_config_path,NO,preserve_distinct_parameter_variant,medium,No deletion or merge in Phase 4A; compare the listed semantic keys before migration.
NEAR-0460,configs/pipeline/multidag_cl/iemocap/formal/context_w3_tav.yaml,configs/pipeline/multidag_cl/iemocap/stabilize/context_w5_tav_lr5e4.yaml,near_semantic_parameter_variant,project.pipeline_name|train.train_config_path,NO,preserve_distinct_parameter_variant,medium,No deletion or merge in Phase 4A; compare the listed semantic keys before migration.
NEAR-0461,configs/pipeline/multidag_cl/iemocap/formal/context_w3_tav.yaml,configs/pipeline/multidag_cl/iemocap/stabilize/context_w5_tav_stable_candidate.yaml,near_semantic_parameter_variant,project.pipeline_name|train.train_config_path,NO,preserve_distinct_parameter_variant,medium,No deletion or merge in Phase 4A; compare the listed semantic keys before migration.
NEAR-0462,configs/pipeline/multidag_cl/iemocap/formal/context_w5_tav.yaml,configs/pipeline/multidag_cl/iemocap/formal/modality_w5_a.yaml,near_semantic_parameter_variant,project.pipeline_name|train.train_config_path,NO,preserve_distinct_parameter_variant,medium,No deletion or merge in Phase 4A; compare the listed semantic keys before migration.
NEAR-0463,configs/pipeline/multidag_cl/iemocap/formal/context_w5_tav.yaml,configs/pipeline/multidag_cl/iemocap/formal/modality_w5_av.yaml,near_semantic_parameter_variant,project.pipeline_name|train.train_config_path,NO,preserve_distinct_parameter_variant,medium,No deletion or merge in Phase 4A; compare the listed semantic keys before migration.
NEAR-0464,configs/pipeline/multidag_cl/iemocap/formal/context_w5_tav.yaml,configs/pipeline/multidag_cl/iemocap/formal/modality_w5_t.yaml,near_semantic_parameter_variant,project.pipeline_name|train.train_config_path,NO,preserve_distinct_parameter_variant,medium,No deletion or merge in Phase 4A; compare the listed semantic keys before migration.
NEAR-0465,configs/pipeline/multidag_cl/iemocap/formal/context_w5_tav.yaml,configs/pipeline/multidag_cl/iemocap/formal/modality_w5_ta.yaml,near_semantic_parameter_variant,project.pipeline_name|train.train_config_path,NO,preserve_distinct_parameter_variant,medium,No deletion or merge in Phase 4A; compare the listed semantic keys before migration.
NEAR-0466,configs/pipeline/multidag_cl/iemocap/formal/context_w5_tav.yaml,configs/pipeline/multidag_cl/iemocap/formal/modality_w5_tav.yaml,near_semantic_parameter_variant,project.pipeline_name|train.train_config_path,NO,keep_distinct_candidate_paths,high,Path-generation correction preserves each pipeline relationship to its distinct train config; no YAML deletion or merge in Phase 4A.
NEAR-0467,configs/pipeline/multidag_cl/iemocap/formal/context_w5_tav.yaml,configs/pipeline/multidag_cl/iemocap/formal/modality_w5_tv.yaml,near_semantic_parameter_variant,project.pipeline_name|train.train_config_path,NO,preserve_distinct_parameter_variant,medium,No deletion or merge in Phase 4A; compare the listed semantic keys before migration.
NEAR-0468,configs/pipeline/multidag_cl/iemocap/formal/context_w5_tav.yaml,configs/pipeline/multidag_cl/iemocap/formal/modality_w5_v.yaml,near_semantic_parameter_variant,project.pipeline_name|train.train_config_path,NO,preserve_distinct_parameter_variant,medium,No deletion or merge in Phase 4A; compare the listed semantic keys before migration.
NEAR-0469,configs/pipeline/multidag_cl/iemocap/formal/context_w5_tav.yaml,configs/pipeline/multidag_cl/iemocap/loss_stability/context_w5_tav_stable_lr3e4_cosine.yaml,near_semantic_parameter_variant,project.pipeline_name|train.train_config_path,NO,preserve_distinct_parameter_variant,medium,No deletion or merge in Phase 4A; compare the listed semantic keys before migration.
NEAR-0470,configs/pipeline/multidag_cl/iemocap/formal/context_w5_tav.yaml,configs/pipeline/multidag_cl/iemocap/loss_stability/context_w5_tav_stable_lr3e4_earlystop_valloss.yaml,near_semantic_parameter_variant,project.pipeline_name|train.train_config_path,NO,preserve_distinct_parameter_variant,medium,No deletion or merge in Phase 4A; compare the listed semantic keys before migration.
NEAR-0471,configs/pipeline/multidag_cl/iemocap/formal/context_w5_tav.yaml,configs/pipeline/multidag_cl/iemocap/loss_stability/context_w5_tav_stable_lr3e4_label_smoothing005.yaml,near_semantic_parameter_variant,project.pipeline_name|train.train_config_path,NO,preserve_distinct_parameter_variant,medium,No deletion or merge in Phase 4A; compare the listed semantic keys before migration.
NEAR-0472,configs/pipeline/multidag_cl/iemocap/formal/context_w5_tav.yaml,configs/pipeline/multidag_cl/iemocap/loss_stability/context_w5_tav_stable_lr3e4_plateau_valloss.yaml,near_semantic_parameter_variant,project.pipeline_name|train.train_config_path,NO,preserve_distinct_parameter_variant,medium,No deletion or merge in Phase 4A; compare the listed semantic keys before migration.
NEAR-0473,configs/pipeline/multidag_cl/iemocap/formal/context_w5_tav.yaml,configs/pipeline/multidag_cl/iemocap/loss_stability/context_w5_tav_stable_lr5e4_plateau_valloss.yaml,near_semantic_parameter_variant,project.pipeline_name|train.train_config_path,NO,preserve_distinct_parameter_variant,medium,No deletion or merge in Phase 4A; compare the listed semantic keys before migration.
NEAR-0474,configs/pipeline/multidag_cl/iemocap/formal/context_w5_tav.yaml,configs/pipeline/multidag_cl/iemocap/stabilize/context_past_all_causal_tav_stable_candidate.yaml,near_semantic_parameter_variant,project.pipeline_name|train.train_config_path,NO,preserve_distinct_parameter_variant,medium,No deletion or merge in Phase 4A; compare the listed semantic keys before migration.
NEAR-0475,configs/pipeline/multidag_cl/iemocap/formal/context_w5_tav.yaml,configs/pipeline/multidag_cl/iemocap/stabilize/context_w0_tav_stable_candidate.yaml,near_semantic_parameter_variant,project.pipeline_name|train.train_config_path,NO,preserve_distinct_parameter_variant,medium,No deletion or merge in Phase 4A; compare the listed semantic keys before migration.
NEAR-0476,configs/pipeline/multidag_cl/iemocap/formal/context_w5_tav.yaml,configs/pipeline/multidag_cl/iemocap/stabilize/context_w3_tav_stable_candidate.yaml,near_semantic_parameter_variant,project.pipeline_name|train.train_config_path,NO,preserve_distinct_parameter_variant,medium,No deletion or merge in Phase 4A; compare the listed semantic keys before migration.
NEAR-0477,configs/pipeline/multidag_cl/iemocap/formal/context_w5_tav.yaml,configs/pipeline/multidag_cl/iemocap/stabilize/context_w5_tav_dropout01.yaml,near_semantic_parameter_variant,project.pipeline_name|train.train_config_path,NO,preserve_distinct_parameter_variant,medium,No deletion or merge in Phase 4A; compare the listed semantic keys before migration.
NEAR-0478,configs/pipeline/multidag_cl/iemocap/formal/context_w5_tav.yaml,configs/pipeline/multidag_cl/iemocap/stabilize/context_w5_tav_dropout02.yaml,near_semantic_parameter_variant,project.pipeline_name|train.train_config_path,NO,preserve_distinct_parameter_variant,medium,No deletion or merge in Phase 4A; compare the listed semantic keys before migration.
NEAR-0479,configs/pipeline/multidag_cl/iemocap/formal/context_w5_tav.yaml,configs/pipeline/multidag_cl/iemocap/stabilize/context_w5_tav_graph1.yaml,near_semantic_parameter_variant,project.pipeline_name|train.train_config_path,NO,preserve_distinct_parameter_variant,medium,No deletion or merge in Phase 4A; compare the listed semantic keys before migration.
NEAR-0480,configs/pipeline/multidag_cl/iemocap/formal/context_w5_tav.yaml,configs/pipeline/multidag_cl/iemocap/stabilize/context_w5_tav_linear_encoder.yaml,near_semantic_parameter_variant,project.pipeline_name|train.train_config_path,NO,preserve_distinct_parameter_variant,medium,No deletion or merge in Phase 4A; compare the listed semantic keys before migration.
NEAR-0481,configs/pipeline/multidag_cl/iemocap/formal/context_w5_tav.yaml,configs/pipeline/multidag_cl/iemocap/stabilize/context_w5_tav_lr3e4.yaml,near_semantic_parameter_variant,project.pipeline_name|train.train_config_path,NO,preserve_distinct_parameter_variant,medium,No deletion or merge in Phase 4A; compare the listed semantic keys before migration.
NEAR-0482,configs/pipeline/multidag_cl/iemocap/formal/context_w5_tav.yaml,configs/pipeline/multidag_cl/iemocap/stabilize/context_w5_tav_lr5e4.yaml,near_semantic_parameter_variant,project.pipeline_name|train.train_config_path,NO,preserve_distinct_parameter_variant,medium,No deletion or merge in Phase 4A; compare the listed semantic keys before migration.
NEAR-0483,configs/pipeline/multidag_cl/iemocap/formal/context_w5_tav.yaml,configs/pipeline/multidag_cl/iemocap/stabilize/context_w5_tav_stable_candidate.yaml,near_semantic_parameter_variant,project.pipeline_name|train.train_config_path,NO,preserve_distinct_parameter_variant,medium,No deletion or merge in Phase 4A; compare the listed semantic keys before migration.
NEAR-0484,configs/pipeline/multidag_cl/iemocap/formal/modality_w5_a.yaml,configs/pipeline/multidag_cl/iemocap/formal/modality_w5_av.yaml,near_semantic_parameter_variant,project.pipeline_name|train.train_config_path,NO,preserve_distinct_parameter_variant,medium,No deletion or merge in Phase 4A; compare the listed semantic keys before migration.
NEAR-0485,configs/pipeline/multidag_cl/iemocap/formal/modality_w5_a.yaml,configs/pipeline/multidag_cl/iemocap/formal/modality_w5_t.yaml,near_semantic_parameter_variant,project.pipeline_name|train.train_config_path,NO,preserve_distinct_parameter_variant,medium,No deletion or merge in Phase 4A; compare the listed semantic keys before migration.
NEAR-0486,configs/pipeline/multidag_cl/iemocap/formal/modality_w5_a.yaml,configs/pipeline/multidag_cl/iemocap/formal/modality_w5_ta.yaml,near_semantic_parameter_variant,project.pipeline_name|train.train_config_path,NO,preserve_distinct_parameter_variant,medium,No deletion or merge in Phase 4A; compare the listed semantic keys before migration.
NEAR-0487,configs/pipeline/multidag_cl/iemocap/formal/modality_w5_a.yaml,configs/pipeline/multidag_cl/iemocap/formal/modality_w5_tav.yaml,near_semantic_parameter_variant,project.pipeline_name|train.train_config_path,NO,preserve_distinct_parameter_variant,medium,No deletion or merge in Phase 4A; compare the listed semantic keys before migration.
NEAR-0488,configs/pipeline/multidag_cl/iemocap/formal/modality_w5_a.yaml,configs/pipeline/multidag_cl/iemocap/formal/modality_w5_tv.yaml,near_semantic_parameter_variant,project.pipeline_name|train.train_config_path,NO,preserve_distinct_parameter_variant,medium,No deletion or merge in Phase 4A; compare the listed semantic keys before migration.
NEAR-0489,configs/pipeline/multidag_cl/iemocap/formal/modality_w5_a.yaml,configs/pipeline/multidag_cl/iemocap/formal/modality_w5_v.yaml,near_semantic_parameter_variant,project.pipeline_name|train.train_config_path,NO,preserve_distinct_parameter_variant,medium,No deletion or merge in Phase 4A; compare the listed semantic keys before migration.
NEAR-0490,configs/pipeline/multidag_cl/iemocap/formal/modality_w5_a.yaml,configs/pipeline/multidag_cl/iemocap/loss_stability/context_w5_tav_stable_lr3e4_cosine.yaml,near_semantic_parameter_variant,project.pipeline_name|train.train_config_path,NO,preserve_distinct_parameter_variant,medium,No deletion or merge in Phase 4A; compare the listed semantic keys before migration.
NEAR-0491,configs/pipeline/multidag_cl/iemocap/formal/modality_w5_a.yaml,configs/pipeline/multidag_cl/iemocap/loss_stability/context_w5_tav_stable_lr3e4_earlystop_valloss.yaml,near_semantic_parameter_variant,project.pipeline_name|train.train_config_path,NO,preserve_distinct_parameter_variant,medium,No deletion or merge in Phase 4A; compare the listed semantic keys before migration.
NEAR-0492,configs/pipeline/multidag_cl/iemocap/formal/modality_w5_a.yaml,configs/pipeline/multidag_cl/iemocap/loss_stability/context_w5_tav_stable_lr3e4_label_smoothing005.yaml,near_semantic_parameter_variant,project.pipeline_name|train.train_config_path,NO,preserve_distinct_parameter_variant,medium,No deletion or merge in Phase 4A; compare the listed semantic keys before migration.
NEAR-0493,configs/pipeline/multidag_cl/iemocap/formal/modality_w5_a.yaml,configs/pipeline/multidag_cl/iemocap/loss_stability/context_w5_tav_stable_lr3e4_plateau_valloss.yaml,near_semantic_parameter_variant,project.pipeline_name|train.train_config_path,NO,preserve_distinct_parameter_variant,medium,No deletion or merge in Phase 4A; compare the listed semantic keys before migration.
NEAR-0494,configs/pipeline/multidag_cl/iemocap/formal/modality_w5_a.yaml,configs/pipeline/multidag_cl/iemocap/loss_stability/context_w5_tav_stable_lr5e4_plateau_valloss.yaml,near_semantic_parameter_variant,project.pipeline_name|train.train_config_path,NO,preserve_distinct_parameter_variant,medium,No deletion or merge in Phase 4A; compare the listed semantic keys before migration.
NEAR-0495,configs/pipeline/multidag_cl/iemocap/formal/modality_w5_a.yaml,configs/pipeline/multidag_cl/iemocap/stabilize/context_past_all_causal_tav_stable_candidate.yaml,near_semantic_parameter_variant,project.pipeline_name|train.train_config_path,NO,preserve_distinct_parameter_variant,medium,No deletion or merge in Phase 4A; compare the listed semantic keys before migration.
NEAR-0496,configs/pipeline/multidag_cl/iemocap/formal/modality_w5_a.yaml,configs/pipeline/multidag_cl/iemocap/stabilize/context_w0_tav_stable_candidate.yaml,near_semantic_parameter_variant,project.pipeline_name|train.train_config_path,NO,preserve_distinct_parameter_variant,medium,No deletion or merge in Phase 4A; compare the listed semantic keys before migration.
NEAR-0497,configs/pipeline/multidag_cl/iemocap/formal/modality_w5_a.yaml,configs/pipeline/multidag_cl/iemocap/stabilize/context_w3_tav_stable_candidate.yaml,near_semantic_parameter_variant,project.pipeline_name|train.train_config_path,NO,preserve_distinct_parameter_variant,medium,No deletion or merge in Phase 4A; compare the listed semantic keys before migration.
NEAR-0498,configs/pipeline/multidag_cl/iemocap/formal/modality_w5_a.yaml,configs/pipeline/multidag_cl/iemocap/stabilize/context_w5_tav_dropout01.yaml,near_semantic_parameter_variant,project.pipeline_name|train.train_config_path,NO,preserve_distinct_parameter_variant,medium,No deletion or merge in Phase 4A; compare the listed semantic keys before migration.
NEAR-0499,configs/pipeline/multidag_cl/iemocap/formal/modality_w5_a.yaml,configs/pipeline/multidag_cl/iemocap/stabilize/context_w5_tav_dropout02.yaml,near_semantic_parameter_variant,project.pipeline_name|train.train_config_path,NO,preserve_distinct_parameter_variant,medium,No deletion or merge in Phase 4A; compare the listed semantic keys before migration.
NEAR-0500,configs/pipeline/multidag_cl/iemocap/formal/modality_w5_a.yaml,configs/pipeline/multidag_cl/iemocap/stabilize/context_w5_tav_graph1.yaml,near_semantic_parameter_variant,project.pipeline_name|train.train_config_path,NO,preserve_distinct_parameter_variant,medium,No deletion or merge in Phase 4A; compare the listed semantic keys before migration.
NEAR-0501,configs/pipeline/multidag_cl/iemocap/formal/modality_w5_a.yaml,configs/pipeline/multidag_cl/iemocap/stabilize/context_w5_tav_linear_encoder.yaml,near_semantic_parameter_variant,project.pipeline_name|train.train_config_path,NO,preserve_distinct_parameter_variant,medium,No deletion or merge in Phase 4A; compare the listed semantic keys before migration.
NEAR-0502,configs/pipeline/multidag_cl/iemocap/formal/modality_w5_a.yaml,configs/pipeline/multidag_cl/iemocap/stabilize/context_w5_tav_lr3e4.yaml,near_semantic_parameter_variant,project.pipeline_name|train.train_config_path,NO,preserve_distinct_parameter_variant,medium,No deletion or merge in Phase 4A; compare the listed semantic keys before migration.
NEAR-0503,configs/pipeline/multidag_cl/iemocap/formal/modality_w5_a.yaml,configs/pipeline/multidag_cl/iemocap/stabilize/context_w5_tav_lr5e4.yaml,near_semantic_parameter_variant,project.pipeline_name|train.train_config_path,NO,preserve_distinct_parameter_variant,medium,No deletion or merge in Phase 4A; compare the listed semantic keys before migration.
NEAR-0504,configs/pipeline/multidag_cl/iemocap/formal/modality_w5_a.yaml,configs/pipeline/multidag_cl/iemocap/stabilize/context_w5_tav_stable_candidate.yaml,near_semantic_parameter_variant,project.pipeline_name|train.train_config_path,NO,preserve_distinct_parameter_variant,medium,No deletion or merge in Phase 4A; compare the listed semantic keys before migration.
NEAR-0505,configs/pipeline/multidag_cl/iemocap/formal/modality_w5_av.yaml,configs/pipeline/multidag_cl/iemocap/formal/modality_w5_t.yaml,near_semantic_parameter_variant,project.pipeline_name|train.train_config_path,NO,preserve_distinct_parameter_variant,medium,No deletion or merge in Phase 4A; compare the listed semantic keys before migration.
NEAR-0506,configs/pipeline/multidag_cl/iemocap/formal/modality_w5_av.yaml,configs/pipeline/multidag_cl/iemocap/formal/modality_w5_ta.yaml,near_semantic_parameter_variant,project.pipeline_name|train.train_config_path,NO,preserve_distinct_parameter_variant,medium,No deletion or merge in Phase 4A; compare the listed semantic keys before migration.
NEAR-0507,configs/pipeline/multidag_cl/iemocap/formal/modality_w5_av.yaml,configs/pipeline/multidag_cl/iemocap/formal/modality_w5_tav.yaml,near_semantic_parameter_variant,project.pipeline_name|train.train_config_path,NO,preserve_distinct_parameter_variant,medium,No deletion or merge in Phase 4A; compare the listed semantic keys before migration.
NEAR-0508,configs/pipeline/multidag_cl/iemocap/formal/modality_w5_av.yaml,configs/pipeline/multidag_cl/iemocap/formal/modality_w5_tv.yaml,near_semantic_parameter_variant,project.pipeline_name|train.train_config_path,NO,preserve_distinct_parameter_variant,medium,No deletion or merge in Phase 4A; compare the listed semantic keys before migration.
NEAR-0509,configs/pipeline/multidag_cl/iemocap/formal/modality_w5_av.yaml,configs/pipeline/multidag_cl/iemocap/formal/modality_w5_v.yaml,near_semantic_parameter_variant,project.pipeline_name|train.train_config_path,NO,preserve_distinct_parameter_variant,medium,No deletion or merge in Phase 4A; compare the listed semantic keys before migration.
NEAR-0510,configs/pipeline/multidag_cl/iemocap/formal/modality_w5_av.yaml,configs/pipeline/multidag_cl/iemocap/loss_stability/context_w5_tav_stable_lr3e4_cosine.yaml,near_semantic_parameter_variant,project.pipeline_name|train.train_config_path,NO,preserve_distinct_parameter_variant,medium,No deletion or merge in Phase 4A; compare the listed semantic keys before migration.
NEAR-0511,configs/pipeline/multidag_cl/iemocap/formal/modality_w5_av.yaml,configs/pipeline/multidag_cl/iemocap/loss_stability/context_w5_tav_stable_lr3e4_earlystop_valloss.yaml,near_semantic_parameter_variant,project.pipeline_name|train.train_config_path,NO,preserve_distinct_parameter_variant,medium,No deletion or merge in Phase 4A; compare the listed semantic keys before migration.
NEAR-0512,configs/pipeline/multidag_cl/iemocap/formal/modality_w5_av.yaml,configs/pipeline/multidag_cl/iemocap/loss_stability/context_w5_tav_stable_lr3e4_label_smoothing005.yaml,near_semantic_parameter_variant,project.pipeline_name|train.train_config_path,NO,preserve_distinct_parameter_variant,medium,No deletion or merge in Phase 4A; compare the listed semantic keys before migration.
NEAR-0513,configs/pipeline/multidag_cl/iemocap/formal/modality_w5_av.yaml,configs/pipeline/multidag_cl/iemocap/loss_stability/context_w5_tav_stable_lr3e4_plateau_valloss.yaml,near_semantic_parameter_variant,project.pipeline_name|train.train_config_path,NO,preserve_distinct_parameter_variant,medium,No deletion or merge in Phase 4A; compare the listed semantic keys before migration.
NEAR-0514,configs/pipeline/multidag_cl/iemocap/formal/modality_w5_av.yaml,configs/pipeline/multidag_cl/iemocap/loss_stability/context_w5_tav_stable_lr5e4_plateau_valloss.yaml,near_semantic_parameter_variant,project.pipeline_name|train.train_config_path,NO,preserve_distinct_parameter_variant,medium,No deletion or merge in Phase 4A; compare the listed semantic keys before migration.
NEAR-0515,configs/pipeline/multidag_cl/iemocap/formal/modality_w5_av.yaml,configs/pipeline/multidag_cl/iemocap/stabilize/context_past_all_causal_tav_stable_candidate.yaml,near_semantic_parameter_variant,project.pipeline_name|train.train_config_path,NO,preserve_distinct_parameter_variant,medium,No deletion or merge in Phase 4A; compare the listed semantic keys before migration.
NEAR-0516,configs/pipeline/multidag_cl/iemocap/formal/modality_w5_av.yaml,configs/pipeline/multidag_cl/iemocap/stabilize/context_w0_tav_stable_candidate.yaml,near_semantic_parameter_variant,project.pipeline_name|train.train_config_path,NO,preserve_distinct_parameter_variant,medium,No deletion or merge in Phase 4A; compare the listed semantic keys before migration.
NEAR-0517,configs/pipeline/multidag_cl/iemocap/formal/modality_w5_av.yaml,configs/pipeline/multidag_cl/iemocap/stabilize/context_w3_tav_stable_candidate.yaml,near_semantic_parameter_variant,project.pipeline_name|train.train_config_path,NO,preserve_distinct_parameter_variant,medium,No deletion or merge in Phase 4A; compare the listed semantic keys before migration.
NEAR-0518,configs/pipeline/multidag_cl/iemocap/formal/modality_w5_av.yaml,configs/pipeline/multidag_cl/iemocap/stabilize/context_w5_tav_dropout01.yaml,near_semantic_parameter_variant,project.pipeline_name|train.train_config_path,NO,preserve_distinct_parameter_variant,medium,No deletion or merge in Phase 4A; compare the listed semantic keys before migration.
NEAR-0519,configs/pipeline/multidag_cl/iemocap/formal/modality_w5_av.yaml,configs/pipeline/multidag_cl/iemocap/stabilize/context_w5_tav_dropout02.yaml,near_semantic_parameter_variant,project.pipeline_name|train.train_config_path,NO,preserve_distinct_parameter_variant,medium,No deletion or merge in Phase 4A; compare the listed semantic keys before migration.
NEAR-0520,configs/pipeline/multidag_cl/iemocap/formal/modality_w5_av.yaml,configs/pipeline/multidag_cl/iemocap/stabilize/context_w5_tav_graph1.yaml,near_semantic_parameter_variant,project.pipeline_name|train.train_config_path,NO,preserve_distinct_parameter_variant,medium,No deletion or merge in Phase 4A; compare the listed semantic keys before migration.
NEAR-0521,configs/pipeline/multidag_cl/iemocap/formal/modality_w5_av.yaml,configs/pipeline/multidag_cl/iemocap/stabilize/context_w5_tav_linear_encoder.yaml,near_semantic_parameter_variant,project.pipeline_name|train.train_config_path,NO,preserve_distinct_parameter_variant,medium,No deletion or merge in Phase 4A; compare the listed semantic keys before migration.
NEAR-0522,configs/pipeline/multidag_cl/iemocap/formal/modality_w5_av.yaml,configs/pipeline/multidag_cl/iemocap/stabilize/context_w5_tav_lr3e4.yaml,near_semantic_parameter_variant,project.pipeline_name|train.train_config_path,NO,preserve_distinct_parameter_variant,medium,No deletion or merge in Phase 4A; compare the listed semantic keys before migration.
NEAR-0523,configs/pipeline/multidag_cl/iemocap/formal/modality_w5_av.yaml,configs/pipeline/multidag_cl/iemocap/stabilize/context_w5_tav_lr5e4.yaml,near_semantic_parameter_variant,project.pipeline_name|train.train_config_path,NO,preserve_distinct_parameter_variant,medium,No deletion or merge in Phase 4A; compare the listed semantic keys before migration.
NEAR-0524,configs/pipeline/multidag_cl/iemocap/formal/modality_w5_av.yaml,configs/pipeline/multidag_cl/iemocap/stabilize/context_w5_tav_stable_candidate.yaml,near_semantic_parameter_variant,project.pipeline_name|train.train_config_path,NO,preserve_distinct_parameter_variant,medium,No deletion or merge in Phase 4A; compare the listed semantic keys before migration.
NEAR-0525,configs/pipeline/multidag_cl/iemocap/formal/modality_w5_t.yaml,configs/pipeline/multidag_cl/iemocap/formal/modality_w5_ta.yaml,near_semantic_parameter_variant,project.pipeline_name|train.train_config_path,NO,preserve_distinct_parameter_variant,medium,No deletion or merge in Phase 4A; compare the listed semantic keys before migration.
NEAR-0526,configs/pipeline/multidag_cl/iemocap/formal/modality_w5_t.yaml,configs/pipeline/multidag_cl/iemocap/formal/modality_w5_tav.yaml,near_semantic_parameter_variant,project.pipeline_name|train.train_config_path,NO,preserve_distinct_parameter_variant,medium,No deletion or merge in Phase 4A; compare the listed semantic keys before migration.
NEAR-0527,configs/pipeline/multidag_cl/iemocap/formal/modality_w5_t.yaml,configs/pipeline/multidag_cl/iemocap/formal/modality_w5_tv.yaml,near_semantic_parameter_variant,project.pipeline_name|train.train_config_path,NO,preserve_distinct_parameter_variant,medium,No deletion or merge in Phase 4A; compare the listed semantic keys before migration.
NEAR-0528,configs/pipeline/multidag_cl/iemocap/formal/modality_w5_t.yaml,configs/pipeline/multidag_cl/iemocap/formal/modality_w5_v.yaml,near_semantic_parameter_variant,project.pipeline_name|train.train_config_path,NO,preserve_distinct_parameter_variant,medium,No deletion or merge in Phase 4A; compare the listed semantic keys before migration.
NEAR-0529,configs/pipeline/multidag_cl/iemocap/formal/modality_w5_t.yaml,configs/pipeline/multidag_cl/iemocap/loss_stability/context_w5_tav_stable_lr3e4_cosine.yaml,near_semantic_parameter_variant,project.pipeline_name|train.train_config_path,NO,preserve_distinct_parameter_variant,medium,No deletion or merge in Phase 4A; compare the listed semantic keys before migration.
NEAR-0530,configs/pipeline/multidag_cl/iemocap/formal/modality_w5_t.yaml,configs/pipeline/multidag_cl/iemocap/loss_stability/context_w5_tav_stable_lr3e4_earlystop_valloss.yaml,near_semantic_parameter_variant,project.pipeline_name|train.train_config_path,NO,preserve_distinct_parameter_variant,medium,No deletion or merge in Phase 4A; compare the listed semantic keys before migration.
NEAR-0531,configs/pipeline/multidag_cl/iemocap/formal/modality_w5_t.yaml,configs/pipeline/multidag_cl/iemocap/loss_stability/context_w5_tav_stable_lr3e4_label_smoothing005.yaml,near_semantic_parameter_variant,project.pipeline_name|train.train_config_path,NO,preserve_distinct_parameter_variant,medium,No deletion or merge in Phase 4A; compare the listed semantic keys before migration.
NEAR-0532,configs/pipeline/multidag_cl/iemocap/formal/modality_w5_t.yaml,configs/pipeline/multidag_cl/iemocap/loss_stability/context_w5_tav_stable_lr3e4_plateau_valloss.yaml,near_semantic_parameter_variant,project.pipeline_name|train.train_config_path,NO,preserve_distinct_parameter_variant,medium,No deletion or merge in Phase 4A; compare the listed semantic keys before migration.
NEAR-0533,configs/pipeline/multidag_cl/iemocap/formal/modality_w5_t.yaml,configs/pipeline/multidag_cl/iemocap/loss_stability/context_w5_tav_stable_lr5e4_plateau_valloss.yaml,near_semantic_parameter_variant,project.pipeline_name|train.train_config_path,NO,preserve_distinct_parameter_variant,medium,No deletion or merge in Phase 4A; compare the listed semantic keys before migration.
NEAR-0534,configs/pipeline/multidag_cl/iemocap/formal/modality_w5_t.yaml,configs/pipeline/multidag_cl/iemocap/stabilize/context_past_all_causal_tav_stable_candidate.yaml,near_semantic_parameter_variant,project.pipeline_name|train.train_config_path,NO,preserve_distinct_parameter_variant,medium,No deletion or merge in Phase 4A; compare the listed semantic keys before migration.
NEAR-0535,configs/pipeline/multidag_cl/iemocap/formal/modality_w5_t.yaml,configs/pipeline/multidag_cl/iemocap/stabilize/context_w0_tav_stable_candidate.yaml,near_semantic_parameter_variant,project.pipeline_name|train.train_config_path,NO,preserve_distinct_parameter_variant,medium,No deletion or merge in Phase 4A; compare the listed semantic keys before migration.
NEAR-0536,configs/pipeline/multidag_cl/iemocap/formal/modality_w5_t.yaml,configs/pipeline/multidag_cl/iemocap/stabilize/context_w3_tav_stable_candidate.yaml,near_semantic_parameter_variant,project.pipeline_name|train.train_config_path,NO,preserve_distinct_parameter_variant,medium,No deletion or merge in Phase 4A; compare the listed semantic keys before migration.
NEAR-0537,configs/pipeline/multidag_cl/iemocap/formal/modality_w5_t.yaml,configs/pipeline/multidag_cl/iemocap/stabilize/context_w5_tav_dropout01.yaml,near_semantic_parameter_variant,project.pipeline_name|train.train_config_path,NO,preserve_distinct_parameter_variant,medium,No deletion or merge in Phase 4A; compare the listed semantic keys before migration.
NEAR-0538,configs/pipeline/multidag_cl/iemocap/formal/modality_w5_t.yaml,configs/pipeline/multidag_cl/iemocap/stabilize/context_w5_tav_dropout02.yaml,near_semantic_parameter_variant,project.pipeline_name|train.train_config_path,NO,preserve_distinct_parameter_variant,medium,No deletion or merge in Phase 4A; compare the listed semantic keys before migration.
NEAR-0539,configs/pipeline/multidag_cl/iemocap/formal/modality_w5_t.yaml,configs/pipeline/multidag_cl/iemocap/stabilize/context_w5_tav_graph1.yaml,near_semantic_parameter_variant,project.pipeline_name|train.train_config_path,NO,preserve_distinct_parameter_variant,medium,No deletion or merge in Phase 4A; compare the listed semantic keys before migration.
NEAR-0540,configs/pipeline/multidag_cl/iemocap/formal/modality_w5_t.yaml,configs/pipeline/multidag_cl/iemocap/stabilize/context_w5_tav_linear_encoder.yaml,near_semantic_parameter_variant,project.pipeline_name|train.train_config_path,NO,preserve_distinct_parameter_variant,medium,No deletion or merge in Phase 4A; compare the listed semantic keys before migration.
NEAR-0541,configs/pipeline/multidag_cl/iemocap/formal/modality_w5_t.yaml,configs/pipeline/multidag_cl/iemocap/stabilize/context_w5_tav_lr3e4.yaml,near_semantic_parameter_variant,project.pipeline_name|train.train_config_path,NO,preserve_distinct_parameter_variant,medium,No deletion or merge in Phase 4A; compare the listed semantic keys before migration.
NEAR-0542,configs/pipeline/multidag_cl/iemocap/formal/modality_w5_t.yaml,configs/pipeline/multidag_cl/iemocap/stabilize/context_w5_tav_lr5e4.yaml,near_semantic_parameter_variant,project.pipeline_name|train.train_config_path,NO,preserve_distinct_parameter_variant,medium,No deletion or merge in Phase 4A; compare the listed semantic keys before migration.
NEAR-0543,configs/pipeline/multidag_cl/iemocap/formal/modality_w5_t.yaml,configs/pipeline/multidag_cl/iemocap/stabilize/context_w5_tav_stable_candidate.yaml,near_semantic_parameter_variant,project.pipeline_name|train.train_config_path,NO,preserve_distinct_parameter_variant,medium,No deletion or merge in Phase 4A; compare the listed semantic keys before migration.
NEAR-0544,configs/pipeline/multidag_cl/iemocap/formal/modality_w5_ta.yaml,configs/pipeline/multidag_cl/iemocap/formal/modality_w5_tav.yaml,near_semantic_parameter_variant,project.pipeline_name|train.train_config_path,NO,preserve_distinct_parameter_variant,medium,No deletion or merge in Phase 4A; compare the listed semantic keys before migration.
NEAR-0545,configs/pipeline/multidag_cl/iemocap/formal/modality_w5_ta.yaml,configs/pipeline/multidag_cl/iemocap/formal/modality_w5_tv.yaml,near_semantic_parameter_variant,project.pipeline_name|train.train_config_path,NO,preserve_distinct_parameter_variant,medium,No deletion or merge in Phase 4A; compare the listed semantic keys before migration.
NEAR-0546,configs/pipeline/multidag_cl/iemocap/formal/modality_w5_ta.yaml,configs/pipeline/multidag_cl/iemocap/formal/modality_w5_v.yaml,near_semantic_parameter_variant,project.pipeline_name|train.train_config_path,NO,preserve_distinct_parameter_variant,medium,No deletion or merge in Phase 4A; compare the listed semantic keys before migration.
NEAR-0547,configs/pipeline/multidag_cl/iemocap/formal/modality_w5_ta.yaml,configs/pipeline/multidag_cl/iemocap/loss_stability/context_w5_tav_stable_lr3e4_cosine.yaml,near_semantic_parameter_variant,project.pipeline_name|train.train_config_path,NO,preserve_distinct_parameter_variant,medium,No deletion or merge in Phase 4A; compare the listed semantic keys before migration.
NEAR-0548,configs/pipeline/multidag_cl/iemocap/formal/modality_w5_ta.yaml,configs/pipeline/multidag_cl/iemocap/loss_stability/context_w5_tav_stable_lr3e4_earlystop_valloss.yaml,near_semantic_parameter_variant,project.pipeline_name|train.train_config_path,NO,preserve_distinct_parameter_variant,medium,No deletion or merge in Phase 4A; compare the listed semantic keys before migration.
NEAR-0549,configs/pipeline/multidag_cl/iemocap/formal/modality_w5_ta.yaml,configs/pipeline/multidag_cl/iemocap/loss_stability/context_w5_tav_stable_lr3e4_label_smoothing005.yaml,near_semantic_parameter_variant,project.pipeline_name|train.train_config_path,NO,preserve_distinct_parameter_variant,medium,No deletion or merge in Phase 4A; compare the listed semantic keys before migration.
NEAR-0550,configs/pipeline/multidag_cl/iemocap/formal/modality_w5_ta.yaml,configs/pipeline/multidag_cl/iemocap/loss_stability/context_w5_tav_stable_lr3e4_plateau_valloss.yaml,near_semantic_parameter_variant,project.pipeline_name|train.train_config_path,NO,preserve_distinct_parameter_variant,medium,No deletion or merge in Phase 4A; compare the listed semantic keys before migration.
NEAR-0551,configs/pipeline/multidag_cl/iemocap/formal/modality_w5_ta.yaml,configs/pipeline/multidag_cl/iemocap/loss_stability/context_w5_tav_stable_lr5e4_plateau_valloss.yaml,near_semantic_parameter_variant,project.pipeline_name|train.train_config_path,NO,preserve_distinct_parameter_variant,medium,No deletion or merge in Phase 4A; compare the listed semantic keys before migration.
NEAR-0552,configs/pipeline/multidag_cl/iemocap/formal/modality_w5_ta.yaml,configs/pipeline/multidag_cl/iemocap/stabilize/context_past_all_causal_tav_stable_candidate.yaml,near_semantic_parameter_variant,project.pipeline_name|train.train_config_path,NO,preserve_distinct_parameter_variant,medium,No deletion or merge in Phase 4A; compare the listed semantic keys before migration.
NEAR-0553,configs/pipeline/multidag_cl/iemocap/formal/modality_w5_ta.yaml,configs/pipeline/multidag_cl/iemocap/stabilize/context_w0_tav_stable_candidate.yaml,near_semantic_parameter_variant,project.pipeline_name|train.train_config_path,NO,preserve_distinct_parameter_variant,medium,No deletion or merge in Phase 4A; compare the listed semantic keys before migration.
NEAR-0554,configs/pipeline/multidag_cl/iemocap/formal/modality_w5_ta.yaml,configs/pipeline/multidag_cl/iemocap/stabilize/context_w3_tav_stable_candidate.yaml,near_semantic_parameter_variant,project.pipeline_name|train.train_config_path,NO,preserve_distinct_parameter_variant,medium,No deletion or merge in Phase 4A; compare the listed semantic keys before migration.
NEAR-0555,configs/pipeline/multidag_cl/iemocap/formal/modality_w5_ta.yaml,configs/pipeline/multidag_cl/iemocap/stabilize/context_w5_tav_dropout01.yaml,near_semantic_parameter_variant,project.pipeline_name|train.train_config_path,NO,preserve_distinct_parameter_variant,medium,No deletion or merge in Phase 4A; compare the listed semantic keys before migration.
NEAR-0556,configs/pipeline/multidag_cl/iemocap/formal/modality_w5_ta.yaml,configs/pipeline/multidag_cl/iemocap/stabilize/context_w5_tav_dropout02.yaml,near_semantic_parameter_variant,project.pipeline_name|train.train_config_path,NO,preserve_distinct_parameter_variant,medium,No deletion or merge in Phase 4A; compare the listed semantic keys before migration.
NEAR-0557,configs/pipeline/multidag_cl/iemocap/formal/modality_w5_ta.yaml,configs/pipeline/multidag_cl/iemocap/stabilize/context_w5_tav_graph1.yaml,near_semantic_parameter_variant,project.pipeline_name|train.train_config_path,NO,preserve_distinct_parameter_variant,medium,No deletion or merge in Phase 4A; compare the listed semantic keys before migration.
NEAR-0558,configs/pipeline/multidag_cl/iemocap/formal/modality_w5_ta.yaml,configs/pipeline/multidag_cl/iemocap/stabilize/context_w5_tav_linear_encoder.yaml,near_semantic_parameter_variant,project.pipeline_name|train.train_config_path,NO,preserve_distinct_parameter_variant,medium,No deletion or merge in Phase 4A; compare the listed semantic keys before migration.
NEAR-0559,configs/pipeline/multidag_cl/iemocap/formal/modality_w5_ta.yaml,configs/pipeline/multidag_cl/iemocap/stabilize/context_w5_tav_lr3e4.yaml,near_semantic_parameter_variant,project.pipeline_name|train.train_config_path,NO,preserve_distinct_parameter_variant,medium,No deletion or merge in Phase 4A; compare the listed semantic keys before migration.
NEAR-0560,configs/pipeline/multidag_cl/iemocap/formal/modality_w5_ta.yaml,configs/pipeline/multidag_cl/iemocap/stabilize/context_w5_tav_lr5e4.yaml,near_semantic_parameter_variant,project.pipeline_name|train.train_config_path,NO,preserve_distinct_parameter_variant,medium,No deletion or merge in Phase 4A; compare the listed semantic keys before migration.
NEAR-0561,configs/pipeline/multidag_cl/iemocap/formal/modality_w5_ta.yaml,configs/pipeline/multidag_cl/iemocap/stabilize/context_w5_tav_stable_candidate.yaml,near_semantic_parameter_variant,project.pipeline_name|train.train_config_path,NO,preserve_distinct_parameter_variant,medium,No deletion or merge in Phase 4A; compare the listed semantic keys before migration.
NEAR-0562,configs/pipeline/multidag_cl/iemocap/formal/modality_w5_tav.yaml,configs/pipeline/multidag_cl/iemocap/formal/modality_w5_tv.yaml,near_semantic_parameter_variant,project.pipeline_name|train.train_config_path,NO,preserve_distinct_parameter_variant,medium,No deletion or merge in Phase 4A; compare the listed semantic keys before migration.
NEAR-0563,configs/pipeline/multidag_cl/iemocap/formal/modality_w5_tav.yaml,configs/pipeline/multidag_cl/iemocap/formal/modality_w5_v.yaml,near_semantic_parameter_variant,project.pipeline_name|train.train_config_path,NO,preserve_distinct_parameter_variant,medium,No deletion or merge in Phase 4A; compare the listed semantic keys before migration.
NEAR-0564,configs/pipeline/multidag_cl/iemocap/formal/modality_w5_tav.yaml,configs/pipeline/multidag_cl/iemocap/loss_stability/context_w5_tav_stable_lr3e4_cosine.yaml,near_semantic_parameter_variant,project.pipeline_name|train.train_config_path,NO,preserve_distinct_parameter_variant,medium,No deletion or merge in Phase 4A; compare the listed semantic keys before migration.
NEAR-0565,configs/pipeline/multidag_cl/iemocap/formal/modality_w5_tav.yaml,configs/pipeline/multidag_cl/iemocap/loss_stability/context_w5_tav_stable_lr3e4_earlystop_valloss.yaml,near_semantic_parameter_variant,project.pipeline_name|train.train_config_path,NO,preserve_distinct_parameter_variant,medium,No deletion or merge in Phase 4A; compare the listed semantic keys before migration.
NEAR-0566,configs/pipeline/multidag_cl/iemocap/formal/modality_w5_tav.yaml,configs/pipeline/multidag_cl/iemocap/loss_stability/context_w5_tav_stable_lr3e4_label_smoothing005.yaml,near_semantic_parameter_variant,project.pipeline_name|train.train_config_path,NO,preserve_distinct_parameter_variant,medium,No deletion or merge in Phase 4A; compare the listed semantic keys before migration.
NEAR-0567,configs/pipeline/multidag_cl/iemocap/formal/modality_w5_tav.yaml,configs/pipeline/multidag_cl/iemocap/loss_stability/context_w5_tav_stable_lr3e4_plateau_valloss.yaml,near_semantic_parameter_variant,project.pipeline_name|train.train_config_path,NO,preserve_distinct_parameter_variant,medium,No deletion or merge in Phase 4A; compare the listed semantic keys before migration.
NEAR-0568,configs/pipeline/multidag_cl/iemocap/formal/modality_w5_tav.yaml,configs/pipeline/multidag_cl/iemocap/loss_stability/context_w5_tav_stable_lr5e4_plateau_valloss.yaml,near_semantic_parameter_variant,project.pipeline_name|train.train_config_path,NO,preserve_distinct_parameter_variant,medium,No deletion or merge in Phase 4A; compare the listed semantic keys before migration.
NEAR-0569,configs/pipeline/multidag_cl/iemocap/formal/modality_w5_tav.yaml,configs/pipeline/multidag_cl/iemocap/stabilize/context_past_all_causal_tav_stable_candidate.yaml,near_semantic_parameter_variant,project.pipeline_name|train.train_config_path,NO,preserve_distinct_parameter_variant,medium,No deletion or merge in Phase 4A; compare the listed semantic keys before migration.
NEAR-0570,configs/pipeline/multidag_cl/iemocap/formal/modality_w5_tav.yaml,configs/pipeline/multidag_cl/iemocap/stabilize/context_w0_tav_stable_candidate.yaml,near_semantic_parameter_variant,project.pipeline_name|train.train_config_path,NO,preserve_distinct_parameter_variant,medium,No deletion or merge in Phase 4A; compare the listed semantic keys before migration.
NEAR-0571,configs/pipeline/multidag_cl/iemocap/formal/modality_w5_tav.yaml,configs/pipeline/multidag_cl/iemocap/stabilize/context_w3_tav_stable_candidate.yaml,near_semantic_parameter_variant,project.pipeline_name|train.train_config_path,NO,preserve_distinct_parameter_variant,medium,No deletion or merge in Phase 4A; compare the listed semantic keys before migration.
NEAR-0572,configs/pipeline/multidag_cl/iemocap/formal/modality_w5_tav.yaml,configs/pipeline/multidag_cl/iemocap/stabilize/context_w5_tav_dropout01.yaml,near_semantic_parameter_variant,project.pipeline_name|train.train_config_path,NO,preserve_distinct_parameter_variant,medium,No deletion or merge in Phase 4A; compare the listed semantic keys before migration.
NEAR-0573,configs/pipeline/multidag_cl/iemocap/formal/modality_w5_tav.yaml,configs/pipeline/multidag_cl/iemocap/stabilize/context_w5_tav_dropout02.yaml,near_semantic_parameter_variant,project.pipeline_name|train.train_config_path,NO,preserve_distinct_parameter_variant,medium,No deletion or merge in Phase 4A; compare the listed semantic keys before migration.
NEAR-0574,configs/pipeline/multidag_cl/iemocap/formal/modality_w5_tav.yaml,configs/pipeline/multidag_cl/iemocap/stabilize/context_w5_tav_graph1.yaml,near_semantic_parameter_variant,project.pipeline_name|train.train_config_path,NO,preserve_distinct_parameter_variant,medium,No deletion or merge in Phase 4A; compare the listed semantic keys before migration.
NEAR-0575,configs/pipeline/multidag_cl/iemocap/formal/modality_w5_tav.yaml,configs/pipeline/multidag_cl/iemocap/stabilize/context_w5_tav_linear_encoder.yaml,near_semantic_parameter_variant,project.pipeline_name|train.train_config_path,NO,preserve_distinct_parameter_variant,medium,No deletion or merge in Phase 4A; compare the listed semantic keys before migration.
NEAR-0576,configs/pipeline/multidag_cl/iemocap/formal/modality_w5_tav.yaml,configs/pipeline/multidag_cl/iemocap/stabilize/context_w5_tav_lr3e4.yaml,near_semantic_parameter_variant,project.pipeline_name|train.train_config_path,NO,preserve_distinct_parameter_variant,medium,No deletion or merge in Phase 4A; compare the listed semantic keys before migration.
NEAR-0577,configs/pipeline/multidag_cl/iemocap/formal/modality_w5_tav.yaml,configs/pipeline/multidag_cl/iemocap/stabilize/context_w5_tav_lr5e4.yaml,near_semantic_parameter_variant,project.pipeline_name|train.train_config_path,NO,preserve_distinct_parameter_variant,medium,No deletion or merge in Phase 4A; compare the listed semantic keys before migration.
NEAR-0578,configs/pipeline/multidag_cl/iemocap/formal/modality_w5_tav.yaml,configs/pipeline/multidag_cl/iemocap/stabilize/context_w5_tav_stable_candidate.yaml,near_semantic_parameter_variant,project.pipeline_name|train.train_config_path,NO,preserve_distinct_parameter_variant,medium,No deletion or merge in Phase 4A; compare the listed semantic keys before migration.
NEAR-0579,configs/pipeline/multidag_cl/iemocap/formal/modality_w5_tv.yaml,configs/pipeline/multidag_cl/iemocap/formal/modality_w5_v.yaml,near_semantic_parameter_variant,project.pipeline_name|train.train_config_path,NO,preserve_distinct_parameter_variant,medium,No deletion or merge in Phase 4A; compare the listed semantic keys before migration.
NEAR-0580,configs/pipeline/multidag_cl/iemocap/formal/modality_w5_tv.yaml,configs/pipeline/multidag_cl/iemocap/loss_stability/context_w5_tav_stable_lr3e4_cosine.yaml,near_semantic_parameter_variant,project.pipeline_name|train.train_config_path,NO,preserve_distinct_parameter_variant,medium,No deletion or merge in Phase 4A; compare the listed semantic keys before migration.
NEAR-0581,configs/pipeline/multidag_cl/iemocap/formal/modality_w5_tv.yaml,configs/pipeline/multidag_cl/iemocap/loss_stability/context_w5_tav_stable_lr3e4_earlystop_valloss.yaml,near_semantic_parameter_variant,project.pipeline_name|train.train_config_path,NO,preserve_distinct_parameter_variant,medium,No deletion or merge in Phase 4A; compare the listed semantic keys before migration.
NEAR-0582,configs/pipeline/multidag_cl/iemocap/formal/modality_w5_tv.yaml,configs/pipeline/multidag_cl/iemocap/loss_stability/context_w5_tav_stable_lr3e4_label_smoothing005.yaml,near_semantic_parameter_variant,project.pipeline_name|train.train_config_path,NO,preserve_distinct_parameter_variant,medium,No deletion or merge in Phase 4A; compare the listed semantic keys before migration.
NEAR-0583,configs/pipeline/multidag_cl/iemocap/formal/modality_w5_tv.yaml,configs/pipeline/multidag_cl/iemocap/loss_stability/context_w5_tav_stable_lr3e4_plateau_valloss.yaml,near_semantic_parameter_variant,project.pipeline_name|train.train_config_path,NO,preserve_distinct_parameter_variant,medium,No deletion or merge in Phase 4A; compare the listed semantic keys before migration.
NEAR-0584,configs/pipeline/multidag_cl/iemocap/formal/modality_w5_tv.yaml,configs/pipeline/multidag_cl/iemocap/loss_stability/context_w5_tav_stable_lr5e4_plateau_valloss.yaml,near_semantic_parameter_variant,project.pipeline_name|train.train_config_path,NO,preserve_distinct_parameter_variant,medium,No deletion or merge in Phase 4A; compare the listed semantic keys before migration.
NEAR-0585,configs/pipeline/multidag_cl/iemocap/formal/modality_w5_tv.yaml,configs/pipeline/multidag_cl/iemocap/stabilize/context_past_all_causal_tav_stable_candidate.yaml,near_semantic_parameter_variant,project.pipeline_name|train.train_config_path,NO,preserve_distinct_parameter_variant,medium,No deletion or merge in Phase 4A; compare the listed semantic keys before migration.
NEAR-0586,configs/pipeline/multidag_cl/iemocap/formal/modality_w5_tv.yaml,configs/pipeline/multidag_cl/iemocap/stabilize/context_w0_tav_stable_candidate.yaml,near_semantic_parameter_variant,project.pipeline_name|train.train_config_path,NO,preserve_distinct_parameter_variant,medium,No deletion or merge in Phase 4A; compare the listed semantic keys before migration.
NEAR-0587,configs/pipeline/multidag_cl/iemocap/formal/modality_w5_tv.yaml,configs/pipeline/multidag_cl/iemocap/stabilize/context_w3_tav_stable_candidate.yaml,near_semantic_parameter_variant,project.pipeline_name|train.train_config_path,NO,preserve_distinct_parameter_variant,medium,No deletion or merge in Phase 4A; compare the listed semantic keys before migration.
NEAR-0588,configs/pipeline/multidag_cl/iemocap/formal/modality_w5_tv.yaml,configs/pipeline/multidag_cl/iemocap/stabilize/context_w5_tav_dropout01.yaml,near_semantic_parameter_variant,project.pipeline_name|train.train_config_path,NO,preserve_distinct_parameter_variant,medium,No deletion or merge in Phase 4A; compare the listed semantic keys before migration.
NEAR-0589,configs/pipeline/multidag_cl/iemocap/formal/modality_w5_tv.yaml,configs/pipeline/multidag_cl/iemocap/stabilize/context_w5_tav_dropout02.yaml,near_semantic_parameter_variant,project.pipeline_name|train.train_config_path,NO,preserve_distinct_parameter_variant,medium,No deletion or merge in Phase 4A; compare the listed semantic keys before migration.
NEAR-0590,configs/pipeline/multidag_cl/iemocap/formal/modality_w5_tv.yaml,configs/pipeline/multidag_cl/iemocap/stabilize/context_w5_tav_graph1.yaml,near_semantic_parameter_variant,project.pipeline_name|train.train_config_path,NO,preserve_distinct_parameter_variant,medium,No deletion or merge in Phase 4A; compare the listed semantic keys before migration.
NEAR-0591,configs/pipeline/multidag_cl/iemocap/formal/modality_w5_tv.yaml,configs/pipeline/multidag_cl/iemocap/stabilize/context_w5_tav_linear_encoder.yaml,near_semantic_parameter_variant,project.pipeline_name|train.train_config_path,NO,preserve_distinct_parameter_variant,medium,No deletion or merge in Phase 4A; compare the listed semantic keys before migration.
NEAR-0592,configs/pipeline/multidag_cl/iemocap/formal/modality_w5_tv.yaml,configs/pipeline/multidag_cl/iemocap/stabilize/context_w5_tav_lr3e4.yaml,near_semantic_parameter_variant,project.pipeline_name|train.train_config_path,NO,preserve_distinct_parameter_variant,medium,No deletion or merge in Phase 4A; compare the listed semantic keys before migration.
NEAR-0593,configs/pipeline/multidag_cl/iemocap/formal/modality_w5_tv.yaml,configs/pipeline/multidag_cl/iemocap/stabilize/context_w5_tav_lr5e4.yaml,near_semantic_parameter_variant,project.pipeline_name|train.train_config_path,NO,preserve_distinct_parameter_variant,medium,No deletion or merge in Phase 4A; compare the listed semantic keys before migration.
NEAR-0594,configs/pipeline/multidag_cl/iemocap/formal/modality_w5_tv.yaml,configs/pipeline/multidag_cl/iemocap/stabilize/context_w5_tav_stable_candidate.yaml,near_semantic_parameter_variant,project.pipeline_name|train.train_config_path,NO,preserve_distinct_parameter_variant,medium,No deletion or merge in Phase 4A; compare the listed semantic keys before migration.
NEAR-0595,configs/pipeline/multidag_cl/iemocap/formal/modality_w5_v.yaml,configs/pipeline/multidag_cl/iemocap/loss_stability/context_w5_tav_stable_lr3e4_cosine.yaml,near_semantic_parameter_variant,project.pipeline_name|train.train_config_path,NO,preserve_distinct_parameter_variant,medium,No deletion or merge in Phase 4A; compare the listed semantic keys before migration.
NEAR-0596,configs/pipeline/multidag_cl/iemocap/formal/modality_w5_v.yaml,configs/pipeline/multidag_cl/iemocap/loss_stability/context_w5_tav_stable_lr3e4_earlystop_valloss.yaml,near_semantic_parameter_variant,project.pipeline_name|train.train_config_path,NO,preserve_distinct_parameter_variant,medium,No deletion or merge in Phase 4A; compare the listed semantic keys before migration.
NEAR-0597,configs/pipeline/multidag_cl/iemocap/formal/modality_w5_v.yaml,configs/pipeline/multidag_cl/iemocap/loss_stability/context_w5_tav_stable_lr3e4_label_smoothing005.yaml,near_semantic_parameter_variant,project.pipeline_name|train.train_config_path,NO,preserve_distinct_parameter_variant,medium,No deletion or merge in Phase 4A; compare the listed semantic keys before migration.
NEAR-0598,configs/pipeline/multidag_cl/iemocap/formal/modality_w5_v.yaml,configs/pipeline/multidag_cl/iemocap/loss_stability/context_w5_tav_stable_lr3e4_plateau_valloss.yaml,near_semantic_parameter_variant,project.pipeline_name|train.train_config_path,NO,preserve_distinct_parameter_variant,medium,No deletion or merge in Phase 4A; compare the listed semantic keys before migration.
NEAR-0599,configs/pipeline/multidag_cl/iemocap/formal/modality_w5_v.yaml,configs/pipeline/multidag_cl/iemocap/loss_stability/context_w5_tav_stable_lr5e4_plateau_valloss.yaml,near_semantic_parameter_variant,project.pipeline_name|train.train_config_path,NO,preserve_distinct_parameter_variant,medium,No deletion or merge in Phase 4A; compare the listed semantic keys before migration.
NEAR-0600,configs/pipeline/multidag_cl/iemocap/formal/modality_w5_v.yaml,configs/pipeline/multidag_cl/iemocap/stabilize/context_past_all_causal_tav_stable_candidate.yaml,near_semantic_parameter_variant,project.pipeline_name|train.train_config_path,NO,preserve_distinct_parameter_variant,medium,No deletion or merge in Phase 4A; compare the listed semantic keys before migration.
NEAR-0601,configs/pipeline/multidag_cl/iemocap/formal/modality_w5_v.yaml,configs/pipeline/multidag_cl/iemocap/stabilize/context_w0_tav_stable_candidate.yaml,near_semantic_parameter_variant,project.pipeline_name|train.train_config_path,NO,preserve_distinct_parameter_variant,medium,No deletion or merge in Phase 4A; compare the listed semantic keys before migration.
NEAR-0602,configs/pipeline/multidag_cl/iemocap/formal/modality_w5_v.yaml,configs/pipeline/multidag_cl/iemocap/stabilize/context_w3_tav_stable_candidate.yaml,near_semantic_parameter_variant,project.pipeline_name|train.train_config_path,NO,preserve_distinct_parameter_variant,medium,No deletion or merge in Phase 4A; compare the listed semantic keys before migration.
NEAR-0603,configs/pipeline/multidag_cl/iemocap/formal/modality_w5_v.yaml,configs/pipeline/multidag_cl/iemocap/stabilize/context_w5_tav_dropout01.yaml,near_semantic_parameter_variant,project.pipeline_name|train.train_config_path,NO,preserve_distinct_parameter_variant,medium,No deletion or merge in Phase 4A; compare the listed semantic keys before migration.
NEAR-0604,configs/pipeline/multidag_cl/iemocap/formal/modality_w5_v.yaml,configs/pipeline/multidag_cl/iemocap/stabilize/context_w5_tav_dropout02.yaml,near_semantic_parameter_variant,project.pipeline_name|train.train_config_path,NO,preserve_distinct_parameter_variant,medium,No deletion or merge in Phase 4A; compare the listed semantic keys before migration.
NEAR-0605,configs/pipeline/multidag_cl/iemocap/formal/modality_w5_v.yaml,configs/pipeline/multidag_cl/iemocap/stabilize/context_w5_tav_graph1.yaml,near_semantic_parameter_variant,project.pipeline_name|train.train_config_path,NO,preserve_distinct_parameter_variant,medium,No deletion or merge in Phase 4A; compare the listed semantic keys before migration.
NEAR-0606,configs/pipeline/multidag_cl/iemocap/formal/modality_w5_v.yaml,configs/pipeline/multidag_cl/iemocap/stabilize/context_w5_tav_linear_encoder.yaml,near_semantic_parameter_variant,project.pipeline_name|train.train_config_path,NO,preserve_distinct_parameter_variant,medium,No deletion or merge in Phase 4A; compare the listed semantic keys before migration.
NEAR-0607,configs/pipeline/multidag_cl/iemocap/formal/modality_w5_v.yaml,configs/pipeline/multidag_cl/iemocap/stabilize/context_w5_tav_lr3e4.yaml,near_semantic_parameter_variant,project.pipeline_name|train.train_config_path,NO,preserve_distinct_parameter_variant,medium,No deletion or merge in Phase 4A; compare the listed semantic keys before migration.
NEAR-0608,configs/pipeline/multidag_cl/iemocap/formal/modality_w5_v.yaml,configs/pipeline/multidag_cl/iemocap/stabilize/context_w5_tav_lr5e4.yaml,near_semantic_parameter_variant,project.pipeline_name|train.train_config_path,NO,preserve_distinct_parameter_variant,medium,No deletion or merge in Phase 4A; compare the listed semantic keys before migration.
NEAR-0609,configs/pipeline/multidag_cl/iemocap/formal/modality_w5_v.yaml,configs/pipeline/multidag_cl/iemocap/stabilize/context_w5_tav_stable_candidate.yaml,near_semantic_parameter_variant,project.pipeline_name|train.train_config_path,NO,preserve_distinct_parameter_variant,medium,No deletion or merge in Phase 4A; compare the listed semantic keys before migration.
NEAR-0610,configs/pipeline/multidag_cl/iemocap/loss_stability/context_w5_tav_stable_lr3e4_cosine.yaml,configs/pipeline/multidag_cl/iemocap/loss_stability/context_w5_tav_stable_lr3e4_earlystop_valloss.yaml,near_semantic_parameter_variant,project.pipeline_name|train.train_config_path,NO,preserve_distinct_parameter_variant,medium,No deletion or merge in Phase 4A; compare the listed semantic keys before migration.
NEAR-0611,configs/pipeline/multidag_cl/iemocap/loss_stability/context_w5_tav_stable_lr3e4_cosine.yaml,configs/pipeline/multidag_cl/iemocap/loss_stability/context_w5_tav_stable_lr3e4_label_smoothing005.yaml,near_semantic_parameter_variant,project.pipeline_name|train.train_config_path,NO,preserve_distinct_parameter_variant,medium,No deletion or merge in Phase 4A; compare the listed semantic keys before migration.
NEAR-0612,configs/pipeline/multidag_cl/iemocap/loss_stability/context_w5_tav_stable_lr3e4_cosine.yaml,configs/pipeline/multidag_cl/iemocap/loss_stability/context_w5_tav_stable_lr3e4_plateau_valloss.yaml,near_semantic_parameter_variant,project.pipeline_name|train.train_config_path,NO,preserve_distinct_parameter_variant,medium,No deletion or merge in Phase 4A; compare the listed semantic keys before migration.
NEAR-0613,configs/pipeline/multidag_cl/iemocap/loss_stability/context_w5_tav_stable_lr3e4_cosine.yaml,configs/pipeline/multidag_cl/iemocap/loss_stability/context_w5_tav_stable_lr5e4_plateau_valloss.yaml,near_semantic_parameter_variant,project.pipeline_name|train.train_config_path,NO,preserve_distinct_parameter_variant,medium,No deletion or merge in Phase 4A; compare the listed semantic keys before migration.
NEAR-0614,configs/pipeline/multidag_cl/iemocap/loss_stability/context_w5_tav_stable_lr3e4_cosine.yaml,configs/pipeline/multidag_cl/iemocap/stabilize/context_past_all_causal_tav_stable_candidate.yaml,near_semantic_parameter_variant,project.pipeline_name|train.train_config_path,NO,preserve_distinct_parameter_variant,medium,No deletion or merge in Phase 4A; compare the listed semantic keys before migration.
NEAR-0615,configs/pipeline/multidag_cl/iemocap/loss_stability/context_w5_tav_stable_lr3e4_cosine.yaml,configs/pipeline/multidag_cl/iemocap/stabilize/context_w0_tav_stable_candidate.yaml,near_semantic_parameter_variant,project.pipeline_name|train.train_config_path,NO,preserve_distinct_parameter_variant,medium,No deletion or merge in Phase 4A; compare the listed semantic keys before migration.
NEAR-0616,configs/pipeline/multidag_cl/iemocap/loss_stability/context_w5_tav_stable_lr3e4_cosine.yaml,configs/pipeline/multidag_cl/iemocap/stabilize/context_w3_tav_stable_candidate.yaml,near_semantic_parameter_variant,project.pipeline_name|train.train_config_path,NO,preserve_distinct_parameter_variant,medium,No deletion or merge in Phase 4A; compare the listed semantic keys before migration.
NEAR-0617,configs/pipeline/multidag_cl/iemocap/loss_stability/context_w5_tav_stable_lr3e4_cosine.yaml,configs/pipeline/multidag_cl/iemocap/stabilize/context_w5_tav_dropout01.yaml,near_semantic_parameter_variant,project.pipeline_name|train.train_config_path,NO,preserve_distinct_parameter_variant,medium,No deletion or merge in Phase 4A; compare the listed semantic keys before migration.
NEAR-0618,configs/pipeline/multidag_cl/iemocap/loss_stability/context_w5_tav_stable_lr3e4_cosine.yaml,configs/pipeline/multidag_cl/iemocap/stabilize/context_w5_tav_dropout02.yaml,near_semantic_parameter_variant,project.pipeline_name|train.train_config_path,NO,preserve_distinct_parameter_variant,medium,No deletion or merge in Phase 4A; compare the listed semantic keys before migration.
NEAR-0619,configs/pipeline/multidag_cl/iemocap/loss_stability/context_w5_tav_stable_lr3e4_cosine.yaml,configs/pipeline/multidag_cl/iemocap/stabilize/context_w5_tav_graph1.yaml,near_semantic_parameter_variant,project.pipeline_name|train.train_config_path,NO,preserve_distinct_parameter_variant,medium,No deletion or merge in Phase 4A; compare the listed semantic keys before migration.
NEAR-0620,configs/pipeline/multidag_cl/iemocap/loss_stability/context_w5_tav_stable_lr3e4_cosine.yaml,configs/pipeline/multidag_cl/iemocap/stabilize/context_w5_tav_linear_encoder.yaml,near_semantic_parameter_variant,project.pipeline_name|train.train_config_path,NO,preserve_distinct_parameter_variant,medium,No deletion or merge in Phase 4A; compare the listed semantic keys before migration.
NEAR-0621,configs/pipeline/multidag_cl/iemocap/loss_stability/context_w5_tav_stable_lr3e4_cosine.yaml,configs/pipeline/multidag_cl/iemocap/stabilize/context_w5_tav_lr3e4.yaml,near_semantic_parameter_variant,project.pipeline_name|train.train_config_path,NO,preserve_distinct_parameter_variant,medium,No deletion or merge in Phase 4A; compare the listed semantic keys before migration.
NEAR-0622,configs/pipeline/multidag_cl/iemocap/loss_stability/context_w5_tav_stable_lr3e4_cosine.yaml,configs/pipeline/multidag_cl/iemocap/stabilize/context_w5_tav_lr5e4.yaml,near_semantic_parameter_variant,project.pipeline_name|train.train_config_path,NO,preserve_distinct_parameter_variant,medium,No deletion or merge in Phase 4A; compare the listed semantic keys before migration.
NEAR-0623,configs/pipeline/multidag_cl/iemocap/loss_stability/context_w5_tav_stable_lr3e4_cosine.yaml,configs/pipeline/multidag_cl/iemocap/stabilize/context_w5_tav_stable_candidate.yaml,near_semantic_parameter_variant,project.pipeline_name|train.train_config_path,NO,preserve_distinct_parameter_variant,medium,No deletion or merge in Phase 4A; compare the listed semantic keys before migration.
NEAR-0624,configs/pipeline/multidag_cl/iemocap/loss_stability/context_w5_tav_stable_lr3e4_earlystop_valloss.yaml,configs/pipeline/multidag_cl/iemocap/loss_stability/context_w5_tav_stable_lr3e4_label_smoothing005.yaml,near_semantic_parameter_variant,project.pipeline_name|train.train_config_path,NO,preserve_distinct_parameter_variant,medium,No deletion or merge in Phase 4A; compare the listed semantic keys before migration.
NEAR-0625,configs/pipeline/multidag_cl/iemocap/loss_stability/context_w5_tav_stable_lr3e4_earlystop_valloss.yaml,configs/pipeline/multidag_cl/iemocap/loss_stability/context_w5_tav_stable_lr3e4_plateau_valloss.yaml,near_semantic_parameter_variant,project.pipeline_name|train.train_config_path,NO,preserve_distinct_parameter_variant,medium,No deletion or merge in Phase 4A; compare the listed semantic keys before migration.
NEAR-0626,configs/pipeline/multidag_cl/iemocap/loss_stability/context_w5_tav_stable_lr3e4_earlystop_valloss.yaml,configs/pipeline/multidag_cl/iemocap/loss_stability/context_w5_tav_stable_lr5e4_plateau_valloss.yaml,near_semantic_parameter_variant,project.pipeline_name|train.train_config_path,NO,preserve_distinct_parameter_variant,medium,No deletion or merge in Phase 4A; compare the listed semantic keys before migration.
NEAR-0627,configs/pipeline/multidag_cl/iemocap/loss_stability/context_w5_tav_stable_lr3e4_earlystop_valloss.yaml,configs/pipeline/multidag_cl/iemocap/stabilize/context_past_all_causal_tav_stable_candidate.yaml,near_semantic_parameter_variant,project.pipeline_name|train.train_config_path,NO,preserve_distinct_parameter_variant,medium,No deletion or merge in Phase 4A; compare the listed semantic keys before migration.
NEAR-0628,configs/pipeline/multidag_cl/iemocap/loss_stability/context_w5_tav_stable_lr3e4_earlystop_valloss.yaml,configs/pipeline/multidag_cl/iemocap/stabilize/context_w0_tav_stable_candidate.yaml,near_semantic_parameter_variant,project.pipeline_name|train.train_config_path,NO,preserve_distinct_parameter_variant,medium,No deletion or merge in Phase 4A; compare the listed semantic keys before migration.
NEAR-0629,configs/pipeline/multidag_cl/iemocap/loss_stability/context_w5_tav_stable_lr3e4_earlystop_valloss.yaml,configs/pipeline/multidag_cl/iemocap/stabilize/context_w3_tav_stable_candidate.yaml,near_semantic_parameter_variant,project.pipeline_name|train.train_config_path,NO,preserve_distinct_parameter_variant,medium,No deletion or merge in Phase 4A; compare the listed semantic keys before migration.
NEAR-0630,configs/pipeline/multidag_cl/iemocap/loss_stability/context_w5_tav_stable_lr3e4_earlystop_valloss.yaml,configs/pipeline/multidag_cl/iemocap/stabilize/context_w5_tav_dropout01.yaml,near_semantic_parameter_variant,project.pipeline_name|train.train_config_path,NO,preserve_distinct_parameter_variant,medium,No deletion or merge in Phase 4A; compare the listed semantic keys before migration.
NEAR-0631,configs/pipeline/multidag_cl/iemocap/loss_stability/context_w5_tav_stable_lr3e4_earlystop_valloss.yaml,configs/pipeline/multidag_cl/iemocap/stabilize/context_w5_tav_dropout02.yaml,near_semantic_parameter_variant,project.pipeline_name|train.train_config_path,NO,preserve_distinct_parameter_variant,medium,No deletion or merge in Phase 4A; compare the listed semantic keys before migration.
NEAR-0632,configs/pipeline/multidag_cl/iemocap/loss_stability/context_w5_tav_stable_lr3e4_earlystop_valloss.yaml,configs/pipeline/multidag_cl/iemocap/stabilize/context_w5_tav_graph1.yaml,near_semantic_parameter_variant,project.pipeline_name|train.train_config_path,NO,preserve_distinct_parameter_variant,medium,No deletion or merge in Phase 4A; compare the listed semantic keys before migration.
NEAR-0633,configs/pipeline/multidag_cl/iemocap/loss_stability/context_w5_tav_stable_lr3e4_earlystop_valloss.yaml,configs/pipeline/multidag_cl/iemocap/stabilize/context_w5_tav_linear_encoder.yaml,near_semantic_parameter_variant,project.pipeline_name|train.train_config_path,NO,preserve_distinct_parameter_variant,medium,No deletion or merge in Phase 4A; compare the listed semantic keys before migration.
NEAR-0634,configs/pipeline/multidag_cl/iemocap/loss_stability/context_w5_tav_stable_lr3e4_earlystop_valloss.yaml,configs/pipeline/multidag_cl/iemocap/stabilize/context_w5_tav_lr3e4.yaml,near_semantic_parameter_variant,project.pipeline_name|train.train_config_path,NO,preserve_distinct_parameter_variant,medium,No deletion or merge in Phase 4A; compare the listed semantic keys before migration.
NEAR-0635,configs/pipeline/multidag_cl/iemocap/loss_stability/context_w5_tav_stable_lr3e4_earlystop_valloss.yaml,configs/pipeline/multidag_cl/iemocap/stabilize/context_w5_tav_lr5e4.yaml,near_semantic_parameter_variant,project.pipeline_name|train.train_config_path,NO,preserve_distinct_parameter_variant,medium,No deletion or merge in Phase 4A; compare the listed semantic keys before migration.
NEAR-0636,configs/pipeline/multidag_cl/iemocap/loss_stability/context_w5_tav_stable_lr3e4_earlystop_valloss.yaml,configs/pipeline/multidag_cl/iemocap/stabilize/context_w5_tav_stable_candidate.yaml,near_semantic_parameter_variant,project.pipeline_name|train.train_config_path,NO,preserve_distinct_parameter_variant,medium,No deletion or merge in Phase 4A; compare the listed semantic keys before migration.
NEAR-0637,configs/pipeline/multidag_cl/iemocap/loss_stability/context_w5_tav_stable_lr3e4_label_smoothing005.yaml,configs/pipeline/multidag_cl/iemocap/loss_stability/context_w5_tav_stable_lr3e4_plateau_valloss.yaml,near_semantic_parameter_variant,project.pipeline_name|train.train_config_path,NO,preserve_distinct_parameter_variant,medium,No deletion or merge in Phase 4A; compare the listed semantic keys before migration.
NEAR-0638,configs/pipeline/multidag_cl/iemocap/loss_stability/context_w5_tav_stable_lr3e4_label_smoothing005.yaml,configs/pipeline/multidag_cl/iemocap/loss_stability/context_w5_tav_stable_lr5e4_plateau_valloss.yaml,near_semantic_parameter_variant,project.pipeline_name|train.train_config_path,NO,preserve_distinct_parameter_variant,medium,No deletion or merge in Phase 4A; compare the listed semantic keys before migration.
NEAR-0639,configs/pipeline/multidag_cl/iemocap/loss_stability/context_w5_tav_stable_lr3e4_label_smoothing005.yaml,configs/pipeline/multidag_cl/iemocap/stabilize/context_past_all_causal_tav_stable_candidate.yaml,near_semantic_parameter_variant,project.pipeline_name|train.train_config_path,NO,preserve_distinct_parameter_variant,medium,No deletion or merge in Phase 4A; compare the listed semantic keys before migration.
NEAR-0640,configs/pipeline/multidag_cl/iemocap/loss_stability/context_w5_tav_stable_lr3e4_label_smoothing005.yaml,configs/pipeline/multidag_cl/iemocap/stabilize/context_w0_tav_stable_candidate.yaml,near_semantic_parameter_variant,project.pipeline_name|train.train_config_path,NO,preserve_distinct_parameter_variant,medium,No deletion or merge in Phase 4A; compare the listed semantic keys before migration.
NEAR-0641,configs/pipeline/multidag_cl/iemocap/loss_stability/context_w5_tav_stable_lr3e4_label_smoothing005.yaml,configs/pipeline/multidag_cl/iemocap/stabilize/context_w3_tav_stable_candidate.yaml,near_semantic_parameter_variant,project.pipeline_name|train.train_config_path,NO,preserve_distinct_parameter_variant,medium,No deletion or merge in Phase 4A; compare the listed semantic keys before migration.
NEAR-0642,configs/pipeline/multidag_cl/iemocap/loss_stability/context_w5_tav_stable_lr3e4_label_smoothing005.yaml,configs/pipeline/multidag_cl/iemocap/stabilize/context_w5_tav_dropout01.yaml,near_semantic_parameter_variant,project.pipeline_name|train.train_config_path,NO,preserve_distinct_parameter_variant,medium,No deletion or merge in Phase 4A; compare the listed semantic keys before migration.
NEAR-0643,configs/pipeline/multidag_cl/iemocap/loss_stability/context_w5_tav_stable_lr3e4_label_smoothing005.yaml,configs/pipeline/multidag_cl/iemocap/stabilize/context_w5_tav_dropout02.yaml,near_semantic_parameter_variant,project.pipeline_name|train.train_config_path,NO,preserve_distinct_parameter_variant,medium,No deletion or merge in Phase 4A; compare the listed semantic keys before migration.
NEAR-0644,configs/pipeline/multidag_cl/iemocap/loss_stability/context_w5_tav_stable_lr3e4_label_smoothing005.yaml,configs/pipeline/multidag_cl/iemocap/stabilize/context_w5_tav_graph1.yaml,near_semantic_parameter_variant,project.pipeline_name|train.train_config_path,NO,preserve_distinct_parameter_variant,medium,No deletion or merge in Phase 4A; compare the listed semantic keys before migration.
NEAR-0645,configs/pipeline/multidag_cl/iemocap/loss_stability/context_w5_tav_stable_lr3e4_label_smoothing005.yaml,configs/pipeline/multidag_cl/iemocap/stabilize/context_w5_tav_linear_encoder.yaml,near_semantic_parameter_variant,project.pipeline_name|train.train_config_path,NO,preserve_distinct_parameter_variant,medium,No deletion or merge in Phase 4A; compare the listed semantic keys before migration.
NEAR-0646,configs/pipeline/multidag_cl/iemocap/loss_stability/context_w5_tav_stable_lr3e4_label_smoothing005.yaml,configs/pipeline/multidag_cl/iemocap/stabilize/context_w5_tav_lr3e4.yaml,near_semantic_parameter_variant,project.pipeline_name|train.train_config_path,NO,preserve_distinct_parameter_variant,medium,No deletion or merge in Phase 4A; compare the listed semantic keys before migration.
NEAR-0647,configs/pipeline/multidag_cl/iemocap/loss_stability/context_w5_tav_stable_lr3e4_label_smoothing005.yaml,configs/pipeline/multidag_cl/iemocap/stabilize/context_w5_tav_lr5e4.yaml,near_semantic_parameter_variant,project.pipeline_name|train.train_config_path,NO,preserve_distinct_parameter_variant,medium,No deletion or merge in Phase 4A; compare the listed semantic keys before migration.
NEAR-0648,configs/pipeline/multidag_cl/iemocap/loss_stability/context_w5_tav_stable_lr3e4_label_smoothing005.yaml,configs/pipeline/multidag_cl/iemocap/stabilize/context_w5_tav_stable_candidate.yaml,near_semantic_parameter_variant,project.pipeline_name|train.train_config_path,NO,preserve_distinct_parameter_variant,medium,No deletion or merge in Phase 4A; compare the listed semantic keys before migration.
NEAR-0649,configs/pipeline/multidag_cl/iemocap/loss_stability/context_w5_tav_stable_lr3e4_plateau_valloss.yaml,configs/pipeline/multidag_cl/iemocap/loss_stability/context_w5_tav_stable_lr5e4_plateau_valloss.yaml,near_semantic_parameter_variant,project.pipeline_name|train.train_config_path,NO,preserve_distinct_parameter_variant,medium,No deletion or merge in Phase 4A; compare the listed semantic keys before migration.
NEAR-0650,configs/pipeline/multidag_cl/iemocap/loss_stability/context_w5_tav_stable_lr3e4_plateau_valloss.yaml,configs/pipeline/multidag_cl/iemocap/stabilize/context_past_all_causal_tav_stable_candidate.yaml,near_semantic_parameter_variant,project.pipeline_name|train.train_config_path,NO,preserve_distinct_parameter_variant,medium,No deletion or merge in Phase 4A; compare the listed semantic keys before migration.
NEAR-0651,configs/pipeline/multidag_cl/iemocap/loss_stability/context_w5_tav_stable_lr3e4_plateau_valloss.yaml,configs/pipeline/multidag_cl/iemocap/stabilize/context_w0_tav_stable_candidate.yaml,near_semantic_parameter_variant,project.pipeline_name|train.train_config_path,NO,preserve_distinct_parameter_variant,medium,No deletion or merge in Phase 4A; compare the listed semantic keys before migration.
NEAR-0652,configs/pipeline/multidag_cl/iemocap/loss_stability/context_w5_tav_stable_lr3e4_plateau_valloss.yaml,configs/pipeline/multidag_cl/iemocap/stabilize/context_w3_tav_stable_candidate.yaml,near_semantic_parameter_variant,project.pipeline_name|train.train_config_path,NO,preserve_distinct_parameter_variant,medium,No deletion or merge in Phase 4A; compare the listed semantic keys before migration.
NEAR-0653,configs/pipeline/multidag_cl/iemocap/loss_stability/context_w5_tav_stable_lr3e4_plateau_valloss.yaml,configs/pipeline/multidag_cl/iemocap/stabilize/context_w5_tav_dropout01.yaml,near_semantic_parameter_variant,project.pipeline_name|train.train_config_path,NO,preserve_distinct_parameter_variant,medium,No deletion or merge in Phase 4A; compare the listed semantic keys before migration.
NEAR-0654,configs/pipeline/multidag_cl/iemocap/loss_stability/context_w5_tav_stable_lr3e4_plateau_valloss.yaml,configs/pipeline/multidag_cl/iemocap/stabilize/context_w5_tav_dropout02.yaml,near_semantic_parameter_variant,project.pipeline_name|train.train_config_path,NO,preserve_distinct_parameter_variant,medium,No deletion or merge in Phase 4A; compare the listed semantic keys before migration.
NEAR-0655,configs/pipeline/multidag_cl/iemocap/loss_stability/context_w5_tav_stable_lr3e4_plateau_valloss.yaml,configs/pipeline/multidag_cl/iemocap/stabilize/context_w5_tav_graph1.yaml,near_semantic_parameter_variant,project.pipeline_name|train.train_config_path,NO,preserve_distinct_parameter_variant,medium,No deletion or merge in Phase 4A; compare the listed semantic keys before migration.
NEAR-0656,configs/pipeline/multidag_cl/iemocap/loss_stability/context_w5_tav_stable_lr3e4_plateau_valloss.yaml,configs/pipeline/multidag_cl/iemocap/stabilize/context_w5_tav_linear_encoder.yaml,near_semantic_parameter_variant,project.pipeline_name|train.train_config_path,NO,preserve_distinct_parameter_variant,medium,No deletion or merge in Phase 4A; compare the listed semantic keys before migration.
NEAR-0657,configs/pipeline/multidag_cl/iemocap/loss_stability/context_w5_tav_stable_lr3e4_plateau_valloss.yaml,configs/pipeline/multidag_cl/iemocap/stabilize/context_w5_tav_lr3e4.yaml,near_semantic_parameter_variant,project.pipeline_name|train.train_config_path,NO,preserve_distinct_parameter_variant,medium,No deletion or merge in Phase 4A; compare the listed semantic keys before migration.
NEAR-0658,configs/pipeline/multidag_cl/iemocap/loss_stability/context_w5_tav_stable_lr3e4_plateau_valloss.yaml,configs/pipeline/multidag_cl/iemocap/stabilize/context_w5_tav_lr5e4.yaml,near_semantic_parameter_variant,project.pipeline_name|train.train_config_path,NO,preserve_distinct_parameter_variant,medium,No deletion or merge in Phase 4A; compare the listed semantic keys before migration.
NEAR-0659,configs/pipeline/multidag_cl/iemocap/loss_stability/context_w5_tav_stable_lr3e4_plateau_valloss.yaml,configs/pipeline/multidag_cl/iemocap/stabilize/context_w5_tav_stable_candidate.yaml,near_semantic_parameter_variant,project.pipeline_name|train.train_config_path,NO,preserve_distinct_parameter_variant,medium,No deletion or merge in Phase 4A; compare the listed semantic keys before migration.
NEAR-0660,configs/pipeline/multidag_cl/iemocap/loss_stability/context_w5_tav_stable_lr5e4_plateau_valloss.yaml,configs/pipeline/multidag_cl/iemocap/stabilize/context_past_all_causal_tav_stable_candidate.yaml,near_semantic_parameter_variant,project.pipeline_name|train.train_config_path,NO,preserve_distinct_parameter_variant,medium,No deletion or merge in Phase 4A; compare the listed semantic keys before migration.
NEAR-0661,configs/pipeline/multidag_cl/iemocap/loss_stability/context_w5_tav_stable_lr5e4_plateau_valloss.yaml,configs/pipeline/multidag_cl/iemocap/stabilize/context_w0_tav_stable_candidate.yaml,near_semantic_parameter_variant,project.pipeline_name|train.train_config_path,NO,preserve_distinct_parameter_variant,medium,No deletion or merge in Phase 4A; compare the listed semantic keys before migration.
NEAR-0662,configs/pipeline/multidag_cl/iemocap/loss_stability/context_w5_tav_stable_lr5e4_plateau_valloss.yaml,configs/pipeline/multidag_cl/iemocap/stabilize/context_w3_tav_stable_candidate.yaml,near_semantic_parameter_variant,project.pipeline_name|train.train_config_path,NO,preserve_distinct_parameter_variant,medium,No deletion or merge in Phase 4A; compare the listed semantic keys before migration.
NEAR-0663,configs/pipeline/multidag_cl/iemocap/loss_stability/context_w5_tav_stable_lr5e4_plateau_valloss.yaml,configs/pipeline/multidag_cl/iemocap/stabilize/context_w5_tav_dropout01.yaml,near_semantic_parameter_variant,project.pipeline_name|train.train_config_path,NO,preserve_distinct_parameter_variant,medium,No deletion or merge in Phase 4A; compare the listed semantic keys before migration.
NEAR-0664,configs/pipeline/multidag_cl/iemocap/loss_stability/context_w5_tav_stable_lr5e4_plateau_valloss.yaml,configs/pipeline/multidag_cl/iemocap/stabilize/context_w5_tav_dropout02.yaml,near_semantic_parameter_variant,project.pipeline_name|train.train_config_path,NO,preserve_distinct_parameter_variant,medium,No deletion or merge in Phase 4A; compare the listed semantic keys before migration.
NEAR-0665,configs/pipeline/multidag_cl/iemocap/loss_stability/context_w5_tav_stable_lr5e4_plateau_valloss.yaml,configs/pipeline/multidag_cl/iemocap/stabilize/context_w5_tav_graph1.yaml,near_semantic_parameter_variant,project.pipeline_name|train.train_config_path,NO,preserve_distinct_parameter_variant,medium,No deletion or merge in Phase 4A; compare the listed semantic keys before migration.
NEAR-0666,configs/pipeline/multidag_cl/iemocap/loss_stability/context_w5_tav_stable_lr5e4_plateau_valloss.yaml,configs/pipeline/multidag_cl/iemocap/stabilize/context_w5_tav_linear_encoder.yaml,near_semantic_parameter_variant,project.pipeline_name|train.train_config_path,NO,preserve_distinct_parameter_variant,medium,No deletion or merge in Phase 4A; compare the listed semantic keys before migration.
NEAR-0667,configs/pipeline/multidag_cl/iemocap/loss_stability/context_w5_tav_stable_lr5e4_plateau_valloss.yaml,configs/pipeline/multidag_cl/iemocap/stabilize/context_w5_tav_lr3e4.yaml,near_semantic_parameter_variant,project.pipeline_name|train.train_config_path,NO,preserve_distinct_parameter_variant,medium,No deletion or merge in Phase 4A; compare the listed semantic keys before migration.
NEAR-0668,configs/pipeline/multidag_cl/iemocap/loss_stability/context_w5_tav_stable_lr5e4_plateau_valloss.yaml,configs/pipeline/multidag_cl/iemocap/stabilize/context_w5_tav_lr5e4.yaml,near_semantic_parameter_variant,project.pipeline_name|train.train_config_path,NO,preserve_distinct_parameter_variant,medium,No deletion or merge in Phase 4A; compare the listed semantic keys before migration.
NEAR-0669,configs/pipeline/multidag_cl/iemocap/loss_stability/context_w5_tav_stable_lr5e4_plateau_valloss.yaml,configs/pipeline/multidag_cl/iemocap/stabilize/context_w5_tav_stable_candidate.yaml,near_semantic_parameter_variant,project.pipeline_name|train.train_config_path,NO,preserve_distinct_parameter_variant,medium,No deletion or merge in Phase 4A; compare the listed semantic keys before migration.
NEAR-0670,configs/pipeline/multidag_cl/iemocap/missing/missing_eval_from_context_w5_tav.yaml,configs/pipeline/multidag_cl/iemocap/missing/missing_eval_from_stable_context_w5_tav.yaml,identity_or_output_only_variant,project.pipeline_name,YES,manual_consolidation_before_batch,high,Resolve before Config Batch 7: active docs distinguish source runs but YAML lacks machine-readable source-run semantics; decide merge versus a separate semantics task.
NEAR-0671,configs/pipeline/multidag_cl/iemocap/stabilize/context_past_all_causal_tav_stable_candidate.yaml,configs/pipeline/multidag_cl/iemocap/stabilize/context_w0_tav_stable_candidate.yaml,near_semantic_parameter_variant,project.pipeline_name|train.train_config_path,NO,preserve_distinct_parameter_variant,medium,No deletion or merge in Phase 4A; compare the listed semantic keys before migration.
NEAR-0672,configs/pipeline/multidag_cl/iemocap/stabilize/context_past_all_causal_tav_stable_candidate.yaml,configs/pipeline/multidag_cl/iemocap/stabilize/context_w3_tav_stable_candidate.yaml,near_semantic_parameter_variant,project.pipeline_name|train.train_config_path,NO,preserve_distinct_parameter_variant,medium,No deletion or merge in Phase 4A; compare the listed semantic keys before migration.
NEAR-0673,configs/pipeline/multidag_cl/iemocap/stabilize/context_past_all_causal_tav_stable_candidate.yaml,configs/pipeline/multidag_cl/iemocap/stabilize/context_w5_tav_dropout01.yaml,near_semantic_parameter_variant,project.pipeline_name|train.train_config_path,NO,preserve_distinct_parameter_variant,medium,No deletion or merge in Phase 4A; compare the listed semantic keys before migration.
NEAR-0674,configs/pipeline/multidag_cl/iemocap/stabilize/context_past_all_causal_tav_stable_candidate.yaml,configs/pipeline/multidag_cl/iemocap/stabilize/context_w5_tav_dropout02.yaml,near_semantic_parameter_variant,project.pipeline_name|train.train_config_path,NO,preserve_distinct_parameter_variant,medium,No deletion or merge in Phase 4A; compare the listed semantic keys before migration.
NEAR-0675,configs/pipeline/multidag_cl/iemocap/stabilize/context_past_all_causal_tav_stable_candidate.yaml,configs/pipeline/multidag_cl/iemocap/stabilize/context_w5_tav_graph1.yaml,near_semantic_parameter_variant,project.pipeline_name|train.train_config_path,NO,preserve_distinct_parameter_variant,medium,No deletion or merge in Phase 4A; compare the listed semantic keys before migration.
NEAR-0676,configs/pipeline/multidag_cl/iemocap/stabilize/context_past_all_causal_tav_stable_candidate.yaml,configs/pipeline/multidag_cl/iemocap/stabilize/context_w5_tav_linear_encoder.yaml,near_semantic_parameter_variant,project.pipeline_name|train.train_config_path,NO,preserve_distinct_parameter_variant,medium,No deletion or merge in Phase 4A; compare the listed semantic keys before migration.
NEAR-0677,configs/pipeline/multidag_cl/iemocap/stabilize/context_past_all_causal_tav_stable_candidate.yaml,configs/pipeline/multidag_cl/iemocap/stabilize/context_w5_tav_lr3e4.yaml,near_semantic_parameter_variant,project.pipeline_name|train.train_config_path,NO,preserve_distinct_parameter_variant,medium,No deletion or merge in Phase 4A; compare the listed semantic keys before migration.
NEAR-0678,configs/pipeline/multidag_cl/iemocap/stabilize/context_past_all_causal_tav_stable_candidate.yaml,configs/pipeline/multidag_cl/iemocap/stabilize/context_w5_tav_lr5e4.yaml,near_semantic_parameter_variant,project.pipeline_name|train.train_config_path,NO,preserve_distinct_parameter_variant,medium,No deletion or merge in Phase 4A; compare the listed semantic keys before migration.
NEAR-0679,configs/pipeline/multidag_cl/iemocap/stabilize/context_past_all_causal_tav_stable_candidate.yaml,configs/pipeline/multidag_cl/iemocap/stabilize/context_w5_tav_stable_candidate.yaml,near_semantic_parameter_variant,project.pipeline_name|train.train_config_path,NO,preserve_distinct_parameter_variant,medium,No deletion or merge in Phase 4A; compare the listed semantic keys before migration.
NEAR-0680,configs/pipeline/multidag_cl/iemocap/stabilize/context_w0_tav_stable_candidate.yaml,configs/pipeline/multidag_cl/iemocap/stabilize/context_w3_tav_stable_candidate.yaml,near_semantic_parameter_variant,project.pipeline_name|train.train_config_path,NO,preserve_distinct_parameter_variant,medium,No deletion or merge in Phase 4A; compare the listed semantic keys before migration.
NEAR-0681,configs/pipeline/multidag_cl/iemocap/stabilize/context_w0_tav_stable_candidate.yaml,configs/pipeline/multidag_cl/iemocap/stabilize/context_w5_tav_dropout01.yaml,near_semantic_parameter_variant,project.pipeline_name|train.train_config_path,NO,preserve_distinct_parameter_variant,medium,No deletion or merge in Phase 4A; compare the listed semantic keys before migration.
NEAR-0682,configs/pipeline/multidag_cl/iemocap/stabilize/context_w0_tav_stable_candidate.yaml,configs/pipeline/multidag_cl/iemocap/stabilize/context_w5_tav_dropout02.yaml,near_semantic_parameter_variant,project.pipeline_name|train.train_config_path,NO,preserve_distinct_parameter_variant,medium,No deletion or merge in Phase 4A; compare the listed semantic keys before migration.
NEAR-0683,configs/pipeline/multidag_cl/iemocap/stabilize/context_w0_tav_stable_candidate.yaml,configs/pipeline/multidag_cl/iemocap/stabilize/context_w5_tav_graph1.yaml,near_semantic_parameter_variant,project.pipeline_name|train.train_config_path,NO,preserve_distinct_parameter_variant,medium,No deletion or merge in Phase 4A; compare the listed semantic keys before migration.
NEAR-0684,configs/pipeline/multidag_cl/iemocap/stabilize/context_w0_tav_stable_candidate.yaml,configs/pipeline/multidag_cl/iemocap/stabilize/context_w5_tav_linear_encoder.yaml,near_semantic_parameter_variant,project.pipeline_name|train.train_config_path,NO,preserve_distinct_parameter_variant,medium,No deletion or merge in Phase 4A; compare the listed semantic keys before migration.
NEAR-0685,configs/pipeline/multidag_cl/iemocap/stabilize/context_w0_tav_stable_candidate.yaml,configs/pipeline/multidag_cl/iemocap/stabilize/context_w5_tav_lr3e4.yaml,near_semantic_parameter_variant,project.pipeline_name|train.train_config_path,NO,preserve_distinct_parameter_variant,medium,No deletion or merge in Phase 4A; compare the listed semantic keys before migration.
NEAR-0686,configs/pipeline/multidag_cl/iemocap/stabilize/context_w0_tav_stable_candidate.yaml,configs/pipeline/multidag_cl/iemocap/stabilize/context_w5_tav_lr5e4.yaml,near_semantic_parameter_variant,project.pipeline_name|train.train_config_path,NO,preserve_distinct_parameter_variant,medium,No deletion or merge in Phase 4A; compare the listed semantic keys before migration.
NEAR-0687,configs/pipeline/multidag_cl/iemocap/stabilize/context_w0_tav_stable_candidate.yaml,configs/pipeline/multidag_cl/iemocap/stabilize/context_w5_tav_stable_candidate.yaml,near_semantic_parameter_variant,project.pipeline_name|train.train_config_path,NO,preserve_distinct_parameter_variant,medium,No deletion or merge in Phase 4A; compare the listed semantic keys before migration.
NEAR-0688,configs/pipeline/multidag_cl/iemocap/stabilize/context_w3_tav_stable_candidate.yaml,configs/pipeline/multidag_cl/iemocap/stabilize/context_w5_tav_dropout01.yaml,near_semantic_parameter_variant,project.pipeline_name|train.train_config_path,NO,preserve_distinct_parameter_variant,medium,No deletion or merge in Phase 4A; compare the listed semantic keys before migration.
NEAR-0689,configs/pipeline/multidag_cl/iemocap/stabilize/context_w3_tav_stable_candidate.yaml,configs/pipeline/multidag_cl/iemocap/stabilize/context_w5_tav_dropout02.yaml,near_semantic_parameter_variant,project.pipeline_name|train.train_config_path,NO,preserve_distinct_parameter_variant,medium,No deletion or merge in Phase 4A; compare the listed semantic keys before migration.
NEAR-0690,configs/pipeline/multidag_cl/iemocap/stabilize/context_w3_tav_stable_candidate.yaml,configs/pipeline/multidag_cl/iemocap/stabilize/context_w5_tav_graph1.yaml,near_semantic_parameter_variant,project.pipeline_name|train.train_config_path,NO,preserve_distinct_parameter_variant,medium,No deletion or merge in Phase 4A; compare the listed semantic keys before migration.
NEAR-0691,configs/pipeline/multidag_cl/iemocap/stabilize/context_w3_tav_stable_candidate.yaml,configs/pipeline/multidag_cl/iemocap/stabilize/context_w5_tav_linear_encoder.yaml,near_semantic_parameter_variant,project.pipeline_name|train.train_config_path,NO,preserve_distinct_parameter_variant,medium,No deletion or merge in Phase 4A; compare the listed semantic keys before migration.
NEAR-0692,configs/pipeline/multidag_cl/iemocap/stabilize/context_w3_tav_stable_candidate.yaml,configs/pipeline/multidag_cl/iemocap/stabilize/context_w5_tav_lr3e4.yaml,near_semantic_parameter_variant,project.pipeline_name|train.train_config_path,NO,preserve_distinct_parameter_variant,medium,No deletion or merge in Phase 4A; compare the listed semantic keys before migration.
NEAR-0693,configs/pipeline/multidag_cl/iemocap/stabilize/context_w3_tav_stable_candidate.yaml,configs/pipeline/multidag_cl/iemocap/stabilize/context_w5_tav_lr5e4.yaml,near_semantic_parameter_variant,project.pipeline_name|train.train_config_path,NO,preserve_distinct_parameter_variant,medium,No deletion or merge in Phase 4A; compare the listed semantic keys before migration.
NEAR-0694,configs/pipeline/multidag_cl/iemocap/stabilize/context_w3_tav_stable_candidate.yaml,configs/pipeline/multidag_cl/iemocap/stabilize/context_w5_tav_stable_candidate.yaml,near_semantic_parameter_variant,project.pipeline_name|train.train_config_path,NO,preserve_distinct_parameter_variant,medium,No deletion or merge in Phase 4A; compare the listed semantic keys before migration.
NEAR-0695,configs/pipeline/multidag_cl/iemocap/stabilize/context_w5_tav_dropout01.yaml,configs/pipeline/multidag_cl/iemocap/stabilize/context_w5_tav_dropout02.yaml,near_semantic_parameter_variant,project.pipeline_name|train.train_config_path,NO,preserve_distinct_parameter_variant,medium,No deletion or merge in Phase 4A; compare the listed semantic keys before migration.
NEAR-0696,configs/pipeline/multidag_cl/iemocap/stabilize/context_w5_tav_dropout01.yaml,configs/pipeline/multidag_cl/iemocap/stabilize/context_w5_tav_graph1.yaml,near_semantic_parameter_variant,project.pipeline_name|train.train_config_path,NO,preserve_distinct_parameter_variant,medium,No deletion or merge in Phase 4A; compare the listed semantic keys before migration.
NEAR-0697,configs/pipeline/multidag_cl/iemocap/stabilize/context_w5_tav_dropout01.yaml,configs/pipeline/multidag_cl/iemocap/stabilize/context_w5_tav_linear_encoder.yaml,near_semantic_parameter_variant,project.pipeline_name|train.train_config_path,NO,preserve_distinct_parameter_variant,medium,No deletion or merge in Phase 4A; compare the listed semantic keys before migration.
NEAR-0698,configs/pipeline/multidag_cl/iemocap/stabilize/context_w5_tav_dropout01.yaml,configs/pipeline/multidag_cl/iemocap/stabilize/context_w5_tav_lr3e4.yaml,near_semantic_parameter_variant,project.pipeline_name|train.train_config_path,NO,preserve_distinct_parameter_variant,medium,No deletion or merge in Phase 4A; compare the listed semantic keys before migration.
NEAR-0699,configs/pipeline/multidag_cl/iemocap/stabilize/context_w5_tav_dropout01.yaml,configs/pipeline/multidag_cl/iemocap/stabilize/context_w5_tav_lr5e4.yaml,near_semantic_parameter_variant,project.pipeline_name|train.train_config_path,NO,preserve_distinct_parameter_variant,medium,No deletion or merge in Phase 4A; compare the listed semantic keys before migration.
NEAR-0700,configs/pipeline/multidag_cl/iemocap/stabilize/context_w5_tav_dropout01.yaml,configs/pipeline/multidag_cl/iemocap/stabilize/context_w5_tav_stable_candidate.yaml,near_semantic_parameter_variant,project.pipeline_name|train.train_config_path,NO,preserve_distinct_parameter_variant,medium,No deletion or merge in Phase 4A; compare the listed semantic keys before migration.
NEAR-0701,configs/pipeline/multidag_cl/iemocap/stabilize/context_w5_tav_dropout02.yaml,configs/pipeline/multidag_cl/iemocap/stabilize/context_w5_tav_graph1.yaml,near_semantic_parameter_variant,project.pipeline_name|train.train_config_path,NO,preserve_distinct_parameter_variant,medium,No deletion or merge in Phase 4A; compare the listed semantic keys before migration.
NEAR-0702,configs/pipeline/multidag_cl/iemocap/stabilize/context_w5_tav_dropout02.yaml,configs/pipeline/multidag_cl/iemocap/stabilize/context_w5_tav_linear_encoder.yaml,near_semantic_parameter_variant,project.pipeline_name|train.train_config_path,NO,preserve_distinct_parameter_variant,medium,No deletion or merge in Phase 4A; compare the listed semantic keys before migration.
NEAR-0703,configs/pipeline/multidag_cl/iemocap/stabilize/context_w5_tav_dropout02.yaml,configs/pipeline/multidag_cl/iemocap/stabilize/context_w5_tav_lr3e4.yaml,near_semantic_parameter_variant,project.pipeline_name|train.train_config_path,NO,preserve_distinct_parameter_variant,medium,No deletion or merge in Phase 4A; compare the listed semantic keys before migration.
NEAR-0704,configs/pipeline/multidag_cl/iemocap/stabilize/context_w5_tav_dropout02.yaml,configs/pipeline/multidag_cl/iemocap/stabilize/context_w5_tav_lr5e4.yaml,near_semantic_parameter_variant,project.pipeline_name|train.train_config_path,NO,preserve_distinct_parameter_variant,medium,No deletion or merge in Phase 4A; compare the listed semantic keys before migration.
NEAR-0705,configs/pipeline/multidag_cl/iemocap/stabilize/context_w5_tav_dropout02.yaml,configs/pipeline/multidag_cl/iemocap/stabilize/context_w5_tav_stable_candidate.yaml,near_semantic_parameter_variant,project.pipeline_name|train.train_config_path,NO,preserve_distinct_parameter_variant,medium,No deletion or merge in Phase 4A; compare the listed semantic keys before migration.
NEAR-0706,configs/pipeline/multidag_cl/iemocap/stabilize/context_w5_tav_graph1.yaml,configs/pipeline/multidag_cl/iemocap/stabilize/context_w5_tav_linear_encoder.yaml,near_semantic_parameter_variant,project.pipeline_name|train.train_config_path,NO,preserve_distinct_parameter_variant,medium,No deletion or merge in Phase 4A; compare the listed semantic keys before migration.
NEAR-0707,configs/pipeline/multidag_cl/iemocap/stabilize/context_w5_tav_graph1.yaml,configs/pipeline/multidag_cl/iemocap/stabilize/context_w5_tav_lr3e4.yaml,near_semantic_parameter_variant,project.pipeline_name|train.train_config_path,NO,preserve_distinct_parameter_variant,medium,No deletion or merge in Phase 4A; compare the listed semantic keys before migration.
NEAR-0708,configs/pipeline/multidag_cl/iemocap/stabilize/context_w5_tav_graph1.yaml,configs/pipeline/multidag_cl/iemocap/stabilize/context_w5_tav_lr5e4.yaml,near_semantic_parameter_variant,project.pipeline_name|train.train_config_path,NO,preserve_distinct_parameter_variant,medium,No deletion or merge in Phase 4A; compare the listed semantic keys before migration.
NEAR-0709,configs/pipeline/multidag_cl/iemocap/stabilize/context_w5_tav_graph1.yaml,configs/pipeline/multidag_cl/iemocap/stabilize/context_w5_tav_stable_candidate.yaml,near_semantic_parameter_variant,project.pipeline_name|train.train_config_path,NO,preserve_distinct_parameter_variant,medium,No deletion or merge in Phase 4A; compare the listed semantic keys before migration.
NEAR-0710,configs/pipeline/multidag_cl/iemocap/stabilize/context_w5_tav_linear_encoder.yaml,configs/pipeline/multidag_cl/iemocap/stabilize/context_w5_tav_lr3e4.yaml,near_semantic_parameter_variant,project.pipeline_name|train.train_config_path,NO,preserve_distinct_parameter_variant,medium,No deletion or merge in Phase 4A; compare the listed semantic keys before migration.
NEAR-0711,configs/pipeline/multidag_cl/iemocap/stabilize/context_w5_tav_linear_encoder.yaml,configs/pipeline/multidag_cl/iemocap/stabilize/context_w5_tav_lr5e4.yaml,near_semantic_parameter_variant,project.pipeline_name|train.train_config_path,NO,preserve_distinct_parameter_variant,medium,No deletion or merge in Phase 4A; compare the listed semantic keys before migration.
NEAR-0712,configs/pipeline/multidag_cl/iemocap/stabilize/context_w5_tav_linear_encoder.yaml,configs/pipeline/multidag_cl/iemocap/stabilize/context_w5_tav_stable_candidate.yaml,near_semantic_parameter_variant,project.pipeline_name|train.train_config_path,NO,preserve_distinct_parameter_variant,medium,No deletion or merge in Phase 4A; compare the listed semantic keys before migration.
NEAR-0713,configs/pipeline/multidag_cl/iemocap/stabilize/context_w5_tav_lr3e4.yaml,configs/pipeline/multidag_cl/iemocap/stabilize/context_w5_tav_lr5e4.yaml,near_semantic_parameter_variant,project.pipeline_name|train.train_config_path,NO,preserve_distinct_parameter_variant,medium,No deletion or merge in Phase 4A; compare the listed semantic keys before migration.
NEAR-0714,configs/pipeline/multidag_cl/iemocap/stabilize/context_w5_tav_lr3e4.yaml,configs/pipeline/multidag_cl/iemocap/stabilize/context_w5_tav_stable_candidate.yaml,near_semantic_parameter_variant,project.pipeline_name|train.train_config_path,NO,preserve_distinct_parameter_variant,medium,No deletion or merge in Phase 4A; compare the listed semantic keys before migration.
NEAR-0715,configs/pipeline/multidag_cl/iemocap/stabilize/context_w5_tav_lr5e4.yaml,configs/pipeline/multidag_cl/iemocap/stabilize/context_w5_tav_stable_candidate.yaml,near_semantic_parameter_variant,project.pipeline_name|train.train_config_path,NO,preserve_distinct_parameter_variant,medium,No deletion or merge in Phase 4A; compare the listed semantic keys before migration.
NEAR-0716,configs/train_mmgcn_m3ed.yaml,configs/train_mmgcn_m3ed_causal.yaml,near_semantic_parameter_variant,graph.context_mode|graph.window_future|project.experiment_name,NO,preserve_distinct_parameter_variant,medium,No deletion or merge in Phase 4A; compare the listed semantic keys before migration.
