old_path,model,implementation,dataset,context_mode,feature_set,purpose,scope,is_pipeline,is_benchmark,is_smoke,is_analysis,is_ablation,is_modality_missing,is_formal,is_official,is_paper_aligned,is_project_variant,entrypoint,referenced_configs,referenced_scripts,feature_path,output_path,candidate_new_path,risk_level,confidence,manual_review,notes,yaml_top_level_keys,model_key,model_variant,causal_flag,split,validation_session,test_session,seed,task,parent_base_config,pipeline_stages,checkpoint_path,runtime_keys,modality_settings,missing_modality_settings,provenance_evidence
configs/analysis/causal_benchmark_8run_review.yaml,,,iemocap,causal_context,legacy_mmgcn_features,analysis,analysis,NO,YES,NO,YES,NO,NO,NO,NO,NO,NO,scripts/analysis/causal/summarize_causal_benchmark_runs.py,,,,outputs,configs/benchmarks/causal_unified/analysis/eight_run_review.yaml,low,high,NO,Content-derived classification; no YAML move or edit in Phase 4A.,output|selection_metric|std_ddof|expected_val_split_strategy|expected_checkpoint_metric|expected_feature_sha256|mmgcn|multidag|duplicate_runs,,,,,,,,analysis,,,,,,,legacy MMGCN-style feature path/content
configs/analysis/four_model_causal_audit.yaml,,,iemocap,causal_context,legacy_mmgcn_features,analysis,analysis,NO,NO,NO,YES,NO,NO,NO,NO,NO,NO,scripts/analysis/causal/run_four_model_causal_audit.py,configs/baselines/dialoguegcn/iemocap/causal_benchmark/official_prefix.yaml|configs/baselines/gsmcc/iemocap/causal_benchmark/official_prefix.yaml|configs/baselines/mmgcn/iemocap/causal_benchmark/official_prefix.yaml|configs/baselines/multidag_cl/iemocap/causal_benchmark/official_prefix.yaml,,,outputs,configs/benchmarks/causal_unified/analysis/four_model_audit_formal.yaml,low,high,NO,Content-derived classification; no YAML move or edit in Phase 4A.,models|audit|output,,,,,,,,analysis,,,,,,,legacy MMGCN-style feature path/content
configs/analysis/four_model_causal_audit_synthetic.yaml,,,synthetic,causal_context,synthetic,analysis,analysis,NO,NO,NO,YES,NO,NO,NO,NO,NO,NO,scripts/analysis/causal/run_four_model_causal_audit.py,configs/baselines/dialoguegcn/iemocap/causal_benchmark/official_prefix.yaml|configs/baselines/gsmcc/iemocap/causal_benchmark/official_prefix.yaml|configs/baselines/mmgcn/iemocap/causal_benchmark/official_prefix.yaml|configs/baselines/multidag_cl/iemocap/causal_benchmark/official_prefix.yaml,,,outputs,configs/benchmarks/causal_unified/analysis/four_model_audit_synthetic.yaml,low,high,NO,Content-derived classification; no YAML move or edit in Phase 4A.,models|audit|output,,,,,,,,analysis,,,,,,,
configs/analysis/multi_run_final_analysis.yaml,mmgcn,unified,iemocap,,,analysis,analysis,NO,NO,NO,YES,NO,NO,NO,NO,NO,NO,scripts/analysis/common/plot_multi_run_final_analysis.py,,scripts/analysis/common/plot_multi_run_final_analysis.py,,outputs,configs/benchmarks/paper/analysis/multi_run_metrics.yaml,low,high,NO,Content-derived classification; no YAML move or edit in Phase 4A.,output|analysis|runs|overall|per_class|ranking|figure,,,,test,,,,analysis,,,,,,,
configs/analysis/multi_run_training_curves.yaml,mmgcn,unified,iemocap,,,analysis,analysis,NO,NO,NO,YES,NO,NO,NO,NO,NO,NO,scripts/analysis/common/plot_multi_run_training_curves.py,,scripts/analysis/common/plot_multi_run_training_curves.py,,outputs,configs/benchmarks/paper/analysis/multi_run_curves.yaml,low,high,NO,Content-derived classification; no YAML move or edit in Phase 4A.,output|analysis|runs|training_curves|figure,,,,,,,,analysis,,,,,,,
configs/analysis/multidag_cl/iemocap/context_compare.yaml,multidag_cl,unified,iemocap,,,analysis,analysis,NO,NO,NO,YES,NO,NO,NO,NO,NO,NO,scripts/analysis/common/plot_multi_run_final_analysis.py,,,,outputs,configs/benchmarks/ablations/analysis/multidag_cl/context_compare.yaml,low,high,NO,Content-derived classification; no YAML move or edit in Phase 4A.,output|analysis|runs|training_curves|overall|per_class|ranking|figure,,,,test,,,,analysis,,,,,,,
configs/analysis/multidag_cl/iemocap/core_results_compare.yaml,multidag_cl,unified,iemocap,,,analysis,analysis,NO,NO,NO,YES,NO,NO,NO,NO,NO,NO,scripts/analysis/common/plot_multi_run_final_analysis.py,,,,outputs,configs/benchmarks/paper/analysis/multidag_cl/core_results_compare.yaml,low,high,NO,Content-derived classification; no YAML move or edit in Phase 4A.,output|analysis|runs|training_curves|overall|per_class|ranking|figure,,,,test,,,,analysis,,,,,,,
configs/analysis/multidag_cl/iemocap/loss_stability/loss_stability_w5_compare.yaml,multidag_cl,unified,iemocap,causal_context,legacy_mmgcn_features,analysis,analysis,NO,NO,NO,YES,NO,NO,NO,NO,NO,NO,scripts/analysis/models/multidag_cl/plot_stabilization_compare.py,configs/pipeline/multidag_cl/iemocap/loss_stability/context_w5_tav_stable_lr3e4_cosine.yaml|configs/pipeline/multidag_cl/iemocap/loss_stability/context_w5_tav_stable_lr3e4_earlystop_valloss.yaml|configs/pipeline/multidag_cl/iemocap/loss_stability/context_w5_tav_stable_lr3e4_label_smoothing005.yaml|configs/pipeline/multidag_cl/iemocap/loss_stability/context_w5_tav_stable_lr3e4_plateau_valloss.yaml|configs/pipeline/multidag_cl/iemocap/loss_stability/context_w5_tav_stable_lr5e4_plateau_valloss.yaml|configs/pipeline/multidag_cl/iemocap/stabilize/context_w5_tav_stable_candidate.yaml,,,outputs,configs/benchmarks/ablations/analysis/multidag_cl/loss_stability_w5_compare.yaml,low,high,NO,Content-derived classification; no YAML move or edit in Phase 4A.,analysis_name|output|runs,,,,,,,,analysis,,,,,,,legacy MMGCN-style feature path/content
configs/analysis/multidag_cl/iemocap/modality_compare.yaml,multidag_cl,unified,iemocap,,,analysis,analysis,NO,NO,NO,YES,NO,NO,NO,NO,NO,NO,scripts/analysis/common/plot_multi_run_final_analysis.py,,,,outputs,configs/benchmarks/ablations/analysis/multidag_cl/modality_compare.yaml,low,high,NO,Content-derived classification; no YAML move or edit in Phase 4A.,output|analysis|runs|training_curves|overall|per_class|ranking|figure,,,,test,,,,analysis,,,,,,,
configs/analysis/multidag_cl/iemocap/stabilization_20260709_compare.yaml,multidag_cl,unified,iemocap,causal_context,,analysis,analysis,NO,NO,NO,YES,NO,NO,NO,NO,NO,NO,scripts/analysis/models/multidag_cl/plot_stabilization_compare.py,,,,outputs,configs/benchmarks/ablations/analysis/multidag_cl/stabilization_compare_20260709.yaml,low,high,NO,Content-derived classification; no YAML move or edit in Phase 4A.,analysis_name|output|baseline_run_id|runs|metrics|plots,,,,,,,,analysis,,,,,,,
configs/analysis/multidag_cl/iemocap/stable_context_compare.yaml,multidag_cl,unified,iemocap,,,analysis,analysis,NO,NO,NO,YES,NO,NO,NO,NO,NO,NO,scripts/analysis/common/plot_multi_run_final_analysis.py,,,,outputs,configs/benchmarks/ablations/analysis/multidag_cl/stable_context_compare.yaml,low,high,NO,Content-derived classification; no YAML move or edit in Phase 4A.,output|analysis|runs|training_curves|overall|per_class|ranking|figure,,,,test,,,,analysis,,,,,,,
configs/baselines/dialoguegcn/iemocap/causal_benchmark/official_prefix.yaml,dialoguegcn,unified,iemocap,causal_context,legacy_mmgcn_features,formal,model,NO,YES,NO,NO,NO,NO,YES,NO,NO,NO,scripts/workflows/causal_graph/train.py,,,third_party/MMGCN_official/IEMOCAP_features/IEMOCAP_features.pkl,outputs,configs/dialoguegcn/unified/iemocap/causal_context/legacy_mmgcn_features/val_official_prefix.yaml,medium,high,NO,Content-derived classification; no YAML move or edit in Phase 4A.,causal|causal_contract_version|run_name|system|dataset|model|graph|loss|training|optimizer|scheduler|output,causal_dialoguegcn,,true,,,,42,formal,,,,"[""causal"", ""causal_contract_version"", ""graph""]",,,legacy MMGCN-style feature path/content
configs/baselines/dialoguegcn/iemocap/causal_benchmark/val_ses01.yaml,dialoguegcn,unified,iemocap,causal_context,legacy_mmgcn_features,formal,model,NO,YES,NO,NO,NO,NO,YES,NO,NO,NO,scripts/workflows/causal_graph/train.py,,,third_party/MMGCN_official/IEMOCAP_features/IEMOCAP_features.pkl,outputs,configs/dialoguegcn/unified/iemocap/causal_context/legacy_mmgcn_features/val_ses01.yaml,medium,high,NO,Content-derived classification; no YAML move or edit in Phase 4A.,causal|causal_contract_version|run_name|system|dataset|model|graph|loss|training|optimizer|scheduler|output,causal_dialoguegcn,,true,,Ses01,,42,formal,,,,"[""causal"", ""causal_contract_version"", ""graph""]",,,legacy MMGCN-style feature path/content
configs/baselines/dialoguegcn/iemocap/causal_benchmark/val_ses02.yaml,dialoguegcn,unified,iemocap,causal_context,legacy_mmgcn_features,formal,model,NO,YES,NO,NO,NO,NO,YES,NO,NO,NO,scripts/workflows/causal_graph/train.py,,,third_party/MMGCN_official/IEMOCAP_features/IEMOCAP_features.pkl,outputs,configs/dialoguegcn/unified/iemocap/causal_context/legacy_mmgcn_features/val_ses02.yaml,medium,high,NO,Content-derived classification; no YAML move or edit in Phase 4A.,causal|causal_contract_version|run_name|system|dataset|model|graph|loss|training|optimizer|scheduler|output,causal_dialoguegcn,,true,,Ses02,,42,formal,,,,"[""causal"", ""causal_contract_version"", ""graph""]",,,legacy MMGCN-style feature path/content
configs/baselines/dialoguegcn/iemocap/causal_benchmark/val_ses03.yaml,dialoguegcn,unified,iemocap,causal_context,legacy_mmgcn_features,formal,model,NO,YES,NO,NO,NO,NO,YES,NO,NO,NO,scripts/workflows/causal_graph/train.py,,,third_party/MMGCN_official/IEMOCAP_features/IEMOCAP_features.pkl,outputs,configs/dialoguegcn/unified/iemocap/causal_context/legacy_mmgcn_features/val_ses03.yaml,medium,high,NO,Content-derived classification; no YAML move or edit in Phase 4A.,causal|causal_contract_version|run_name|system|dataset|model|graph|loss|training|optimizer|scheduler|output,causal_dialoguegcn,,true,,Ses03,,42,formal,,,,"[""causal"", ""causal_contract_version"", ""graph""]",,,legacy MMGCN-style feature path/content
configs/baselines/dialoguegcn/iemocap/causal_benchmark/val_ses04.yaml,dialoguegcn,unified,iemocap,causal_context,legacy_mmgcn_features,formal,model,NO,YES,NO,NO,NO,NO,YES,NO,NO,NO,scripts/workflows/causal_graph/train.py,,,third_party/MMGCN_official/IEMOCAP_features/IEMOCAP_features.pkl,outputs,configs/dialoguegcn/unified/iemocap/causal_context/legacy_mmgcn_features/val_ses04.yaml,medium,high,NO,Content-derived classification; no YAML move or edit in Phase 4A.,causal|causal_contract_version|run_name|system|dataset|model|graph|loss|training|optimizer|scheduler|output,causal_dialoguegcn,,true,,Ses04,,42,formal,,,,"[""causal"", ""causal_contract_version"", ""graph""]",,,legacy MMGCN-style feature path/content
configs/baselines/dialoguegcn/iemocap/clean_roberta_v1/smoke_real_2epoch.yaml,dialoguegcn,unified,iemocap,causal_context,clean_roberta_features,formal,model,NO,NO,YES,NO,NO,NO,YES,NO,NO,NO,scripts/workflows/causal_graph/train.py,,,data/processed/iemocap/IEMOCAP_features_clean_roberta_base_c8b8a37_utterance_mean_v1.pkl,outputs,configs/dialoguegcn/unified/iemocap/causal_context/clean_roberta_features/smoke_real_2epoch.yaml,medium,high,NO,Smoke evidence: run_name marks smoke_real_2epoch and training.epochs=2; purpose remains formal; no YAML move or edit.,causal|causal_contract_version|run_name|system|dataset|model|graph|loss|training|optimizer|scheduler|output,causal_dialoguegcn,,true,,,,42,formal,,,,"[""causal"", ""causal_contract_version"", ""graph""]",,,clean RoBERTa protocol/path/content
configs/baselines/gsmcc/iemocap/causal_benchmark/official_prefix.yaml,gsmcc,project_variant,iemocap,causal_context,legacy_mmgcn_features,formal,model,NO,YES,NO,NO,NO,NO,YES,NO,NO,YES,scripts/workflows/causal_graph/train.py,,,third_party/MMGCN_official/IEMOCAP_features/IEMOCAP_features.pkl,outputs,configs/gsmcc/project_variant/iemocap/causal_context/legacy_mmgcn_features/val_official_prefix.yaml,high,high,NO,Content-derived classification; no YAML move or edit in Phase 4A.,causal|causal_contract_version|run_name|system|dataset|model|graph|loss|training|optimizer|scheduler|output,causal_gsmcc_inspired,,true,,,,42,formal,,,,"[""causal"", ""causal_contract_version"", ""graph""]",,,GS-MCC project_variant; not author_official; legacy MMGCN-style feature path/content
configs/baselines/gsmcc/iemocap/causal_benchmark/val_ses01.yaml,gsmcc,project_variant,iemocap,causal_context,legacy_mmgcn_features,formal,model,NO,YES,NO,NO,NO,NO,YES,NO,NO,YES,scripts/workflows/causal_graph/train.py,,,third_party/MMGCN_official/IEMOCAP_features/IEMOCAP_features.pkl,outputs,configs/gsmcc/project_variant/iemocap/causal_context/legacy_mmgcn_features/val_ses01.yaml,high,high,NO,Content-derived classification; no YAML move or edit in Phase 4A.,causal|causal_contract_version|run_name|system|dataset|model|graph|loss|training|optimizer|scheduler|output,causal_gsmcc_inspired,,true,,Ses01,,42,formal,,,,"[""causal"", ""causal_contract_version"", ""graph""]",,,GS-MCC project_variant; not author_official; legacy MMGCN-style feature path/content
configs/baselines/gsmcc/iemocap/causal_benchmark/val_ses02.yaml,gsmcc,project_variant,iemocap,causal_context,legacy_mmgcn_features,formal,model,NO,YES,NO,NO,NO,NO,YES,NO,NO,YES,scripts/workflows/causal_graph/train.py,,,third_party/MMGCN_official/IEMOCAP_features/IEMOCAP_features.pkl,outputs,configs/gsmcc/project_variant/iemocap/causal_context/legacy_mmgcn_features/val_ses02.yaml,high,high,NO,Content-derived classification; no YAML move or edit in Phase 4A.,causal|causal_contract_version|run_name|system|dataset|model|graph|loss|training|optimizer|scheduler|output,causal_gsmcc_inspired,,true,,Ses02,,42,formal,,,,"[""causal"", ""causal_contract_version"", ""graph""]",,,GS-MCC project_variant; not author_official; legacy MMGCN-style feature path/content
configs/baselines/gsmcc/iemocap/causal_benchmark/val_ses03.yaml,gsmcc,project_variant,iemocap,causal_context,legacy_mmgcn_features,formal,model,NO,YES,NO,NO,NO,NO,YES,NO,NO,YES,scripts/workflows/causal_graph/train.py,,,third_party/MMGCN_official/IEMOCAP_features/IEMOCAP_features.pkl,outputs,configs/gsmcc/project_variant/iemocap/causal_context/legacy_mmgcn_features/val_ses03.yaml,high,high,NO,Content-derived classification; no YAML move or edit in Phase 4A.,causal|causal_contract_version|run_name|system|dataset|model|graph|loss|training|optimizer|scheduler|output,causal_gsmcc_inspired,,true,,Ses03,,42,formal,,,,"[""causal"", ""causal_contract_version"", ""graph""]",,,GS-MCC project_variant; not author_official; legacy MMGCN-style feature path/content
configs/baselines/gsmcc/iemocap/causal_benchmark/val_ses04.yaml,gsmcc,project_variant,iemocap,causal_context,legacy_mmgcn_features,formal,model,NO,YES,NO,NO,NO,NO,YES,NO,NO,YES,scripts/workflows/causal_graph/train.py,,,third_party/MMGCN_official/IEMOCAP_features/IEMOCAP_features.pkl,outputs,configs/gsmcc/project_variant/iemocap/causal_context/legacy_mmgcn_features/val_ses04.yaml,high,high,NO,Content-derived classification; no YAML move or edit in Phase 4A.,causal|causal_contract_version|run_name|system|dataset|model|graph|loss|training|optimizer|scheduler|output,causal_gsmcc_inspired,,true,,Ses04,,42,formal,,,,"[""causal"", ""causal_contract_version"", ""graph""]",,,GS-MCC project_variant; not author_official; legacy MMGCN-style feature path/content
configs/baselines/gsmcc/iemocap/clean_roberta_v1/smoke_real_2epoch.yaml,gsmcc,project_variant,iemocap,causal_context,clean_roberta_features,formal,model,NO,NO,YES,NO,NO,NO,YES,NO,NO,YES,scripts/workflows/causal_graph/train.py,,,data/processed/iemocap/IEMOCAP_features_clean_roberta_base_c8b8a37_utterance_mean_v1.pkl,outputs,configs/gsmcc/project_variant/iemocap/causal_context/clean_roberta_features/smoke_real_2epoch.yaml,high,high,NO,Smoke evidence: run_name marks smoke_real_2epoch and training.epochs=2; purpose remains formal; no YAML move or edit.,causal|causal_contract_version|run_name|system|dataset|model|graph|loss|training|optimizer|scheduler|output,causal_gsmcc_inspired,,true,,,,42,formal,,,,"[""causal"", ""causal_contract_version"", ""graph""]",,,GS-MCC project_variant; not author_official; clean RoBERTa protocol/path/content
configs/baselines/mmgcn/iemocap/causal_benchmark/official_prefix.yaml,mmgcn,unified,iemocap,causal_context,legacy_mmgcn_features,formal,model,NO,YES,NO,NO,NO,NO,YES,NO,NO,NO,scripts/models/mmgcn/unified/train.py,,,third_party/MMGCN_official/IEMOCAP_features/IEMOCAP_features.pkl,outputs,configs/mmgcn/unified/iemocap/causal_context/legacy_mmgcn_features/val_official_prefix.yaml,medium,high,NO,Content-derived classification; no YAML move or edit in Phase 4A.,causal|causal_contract_version|project|system|dataset|model|train|logging|graph,MMGCN,,true,,,,42,formal,,,,"[""causal"", ""causal_contract_version"", ""graph""]",,,legacy MMGCN-style feature path/content
configs/baselines/mmgcn/iemocap/causal_benchmark/val_ses01.yaml,mmgcn,unified,iemocap,causal_context,legacy_mmgcn_features,formal,model,NO,YES,NO,NO,NO,NO,YES,NO,NO,NO,scripts/models/mmgcn/unified/train.py,,,third_party/MMGCN_official/IEMOCAP_features/IEMOCAP_features.pkl,outputs,configs/mmgcn/unified/iemocap/causal_context/legacy_mmgcn_features/val_ses01.yaml,medium,high,NO,Content-derived classification; no YAML move or edit in Phase 4A.,causal|causal_contract_version|project|system|dataset|model|train|logging|graph,MMGCN,,true,,Ses01,,42,formal,,,,"[""causal"", ""causal_contract_version"", ""graph""]",,,legacy MMGCN-style feature path/content
configs/baselines/mmgcn/iemocap/causal_benchmark/val_ses02.yaml,mmgcn,unified,iemocap,causal_context,legacy_mmgcn_features,formal,model,NO,YES,NO,NO,NO,NO,YES,NO,NO,NO,scripts/models/mmgcn/unified/train.py,,,third_party/MMGCN_official/IEMOCAP_features/IEMOCAP_features.pkl,outputs,configs/mmgcn/unified/iemocap/causal_context/legacy_mmgcn_features/val_ses02.yaml,medium,high,NO,Content-derived classification; no YAML move or edit in Phase 4A.,causal|causal_contract_version|project|system|dataset|model|train|logging|graph,MMGCN,,true,,Ses02,,42,formal,,,,"[""causal"", ""causal_contract_version"", ""graph""]",,,legacy MMGCN-style feature path/content
configs/baselines/mmgcn/iemocap/causal_benchmark/val_ses03.yaml,mmgcn,unified,iemocap,causal_context,legacy_mmgcn_features,formal,model,NO,YES,NO,NO,NO,NO,YES,NO,NO,NO,scripts/models/mmgcn/unified/train.py,,,third_party/MMGCN_official/IEMOCAP_features/IEMOCAP_features.pkl,outputs,configs/mmgcn/unified/iemocap/causal_context/legacy_mmgcn_features/val_ses03.yaml,medium,high,NO,Content-derived classification; no YAML move or edit in Phase 4A.,causal|causal_contract_version|project|system|dataset|model|train|logging|graph,MMGCN,,true,,Ses03,,42,formal,,,,"[""causal"", ""causal_contract_version"", ""graph""]",,,legacy MMGCN-style feature path/content
configs/baselines/mmgcn/iemocap/causal_benchmark/val_ses04.yaml,mmgcn,unified,iemocap,causal_context,legacy_mmgcn_features,formal,model,NO,YES,NO,NO,NO,NO,YES,NO,NO,NO,scripts/models/mmgcn/unified/train.py,,,third_party/MMGCN_official/IEMOCAP_features/IEMOCAP_features.pkl,outputs,configs/mmgcn/unified/iemocap/causal_context/legacy_mmgcn_features/val_ses04.yaml,medium,high,NO,Content-derived classification; no YAML move or edit in Phase 4A.,causal|causal_contract_version|project|system|dataset|model|train|logging|graph,MMGCN,,true,,Ses04,,42,formal,,,,"[""causal"", ""causal_contract_version"", ""graph""]",,,legacy MMGCN-style feature path/content
configs/baselines/mmgcn/iemocap/clean_roberta_v1/smoke_real_2epoch.yaml,mmgcn,unified,iemocap,causal_context,clean_roberta_features,formal,model,NO,NO,YES,NO,NO,NO,YES,NO,NO,NO,scripts/models/mmgcn/unified/train.py,,,data/processed/iemocap/IEMOCAP_features_clean_roberta_base_c8b8a37_utterance_mean_v1.pkl,outputs,configs/mmgcn/unified/iemocap/causal_context/clean_roberta_features/smoke_real_2epoch.yaml,medium,high,NO,Smoke evidence: project identity marks smoke_real_2epoch and train.max_epochs=2; purpose remains formal; no YAML move or edit.,causal|causal_contract_version|project|system|dataset|model|train|logging|graph,MMGCN,,true,,,,42,formal,,,,"[""causal"", ""causal_contract_version"", ""graph""]",,,clean RoBERTa protocol/path/content
configs/baselines/mmgcn/iemocap/clean_roberta_v1/val_ses01.yaml,mmgcn,unified,iemocap,causal_context,clean_roberta_features,formal,model,NO,NO,NO,NO,NO,NO,YES,NO,NO,NO,scripts/models/mmgcn/unified/train.py,configs/baselines/mmgcn/iemocap/causal_benchmark/val_ses01.yaml,,data/processed/iemocap/IEMOCAP_features_clean_roberta_base_c8b8a37_utterance_mean_v1.pkl,outputs,configs/mmgcn/unified/iemocap/causal_context/clean_roberta_features/val_ses01.yaml,medium,high,NO,Content-derived classification; no YAML move or edit in Phase 4A.,causal|causal_contract_version|project|system|dataset|model|train|logging|graph|protocol|provenance,MMGCN,,true,,Ses01,,42,formal,configs/baselines/mmgcn/iemocap/causal_benchmark/val_ses01.yaml,,,"[""causal"", ""causal_contract_version"", ""graph"", ""protocol"", ""provenance""]",,,clean RoBERTa protocol/path/content
configs/baselines/mmgcn/iemocap/clean_roberta_v1/val_ses02.yaml,mmgcn,unified,iemocap,causal_context,clean_roberta_features,formal,model,NO,NO,NO,NO,NO,NO,YES,NO,NO,NO,scripts/models/mmgcn/unified/train.py,configs/baselines/mmgcn/iemocap/causal_benchmark/val_ses02.yaml,,data/processed/iemocap/IEMOCAP_features_clean_roberta_base_c8b8a37_utterance_mean_v1.pkl,outputs,configs/mmgcn/unified/iemocap/causal_context/clean_roberta_features/val_ses02.yaml,medium,high,NO,Content-derived classification; no YAML move or edit in Phase 4A.,causal|causal_contract_version|project|system|dataset|model|train|logging|graph|protocol|provenance,MMGCN,,true,,Ses02,,42,formal,configs/baselines/mmgcn/iemocap/causal_benchmark/val_ses02.yaml,,,"[""causal"", ""causal_contract_version"", ""graph"", ""protocol"", ""provenance""]",,,clean RoBERTa protocol/path/content
configs/baselines/mmgcn/iemocap/clean_roberta_v1/val_ses03.yaml,mmgcn,unified,iemocap,causal_context,clean_roberta_features,formal,model,NO,NO,NO,NO,NO,NO,YES,NO,NO,NO,scripts/models/mmgcn/unified/train.py,configs/baselines/mmgcn/iemocap/causal_benchmark/val_ses03.yaml,,data/processed/iemocap/IEMOCAP_features_clean_roberta_base_c8b8a37_utterance_mean_v1.pkl,outputs,configs/mmgcn/unified/iemocap/causal_context/clean_roberta_features/val_ses03.yaml,medium,high,NO,Content-derived classification; no YAML move or edit in Phase 4A.,causal|causal_contract_version|project|system|dataset|model|train|logging|graph|protocol|provenance,MMGCN,,true,,Ses03,,42,formal,configs/baselines/mmgcn/iemocap/causal_benchmark/val_ses03.yaml,,,"[""causal"", ""causal_contract_version"", ""graph"", ""protocol"", ""provenance""]",,,clean RoBERTa protocol/path/content
configs/baselines/mmgcn/iemocap/clean_roberta_v1/val_ses04.yaml,mmgcn,unified,iemocap,causal_context,clean_roberta_features,formal,model,NO,NO,NO,NO,NO,NO,YES,NO,NO,NO,scripts/models/mmgcn/unified/train.py,configs/baselines/mmgcn/iemocap/causal_benchmark/val_ses04.yaml,,data/processed/iemocap/IEMOCAP_features_clean_roberta_base_c8b8a37_utterance_mean_v1.pkl,outputs,configs/mmgcn/unified/iemocap/causal_context/clean_roberta_features/val_ses04.yaml,medium,high,NO,Content-derived classification; no YAML move or edit in Phase 4A.,causal|causal_contract_version|project|system|dataset|model|train|logging|graph|protocol|provenance,MMGCN,,true,,Ses04,,42,formal,configs/baselines/mmgcn/iemocap/causal_benchmark/val_ses04.yaml,,,"[""causal"", ""causal_contract_version"", ""graph"", ""protocol"", ""provenance""]",,,clean RoBERTa protocol/path/content
configs/baselines/multidag_cl/iemocap/causal_benchmark/official_prefix.yaml,multidag_cl,unified,iemocap,causal_context,legacy_mmgcn_features,formal,model,NO,YES,NO,NO,NO,NO,YES,NO,NO,NO,scripts/models/multidag_cl/unified/train.py,,,third_party/MMGCN_official/IEMOCAP_features/IEMOCAP_features.pkl,outputs,configs/multidag_cl/unified/iemocap/causal_context/legacy_mmgcn_features/val_official_prefix.yaml,medium,high,NO,Content-derived classification; no YAML move or edit in Phase 4A.,causal|causal_contract_version|project|system|dataset|model|graph|training|output,MultiDAGCL,,true,,,,42,formal,,,,"[""causal"", ""causal_contract_version"", ""graph""]","[""text"", ""audio"", ""visual""]",,legacy MMGCN-style feature path/content
configs/baselines/multidag_cl/iemocap/causal_benchmark/val_ses01.yaml,multidag_cl,unified,iemocap,causal_context,legacy_mmgcn_features,formal,model,NO,YES,NO,NO,NO,NO,YES,NO,NO,NO,scripts/models/multidag_cl/unified/train.py,,,third_party/MMGCN_official/IEMOCAP_features/IEMOCAP_features.pkl,outputs,configs/multidag_cl/unified/iemocap/causal_context/legacy_mmgcn_features/val_ses01.yaml,medium,high,NO,Content-derived classification; no YAML move or edit in Phase 4A.,causal|causal_contract_version|project|system|dataset|model|graph|training|output,MultiDAGCL,,true,,Ses01,,42,formal,,,,"[""causal"", ""causal_contract_version"", ""graph""]","[""text"", ""audio"", ""visual""]",,legacy MMGCN-style feature path/content
configs/baselines/multidag_cl/iemocap/causal_benchmark/val_ses02.yaml,multidag_cl,unified,iemocap,causal_context,legacy_mmgcn_features,formal,model,NO,YES,NO,NO,NO,NO,YES,NO,NO,NO,scripts/models/multidag_cl/unified/train.py,,,third_party/MMGCN_official/IEMOCAP_features/IEMOCAP_features.pkl,outputs,configs/multidag_cl/unified/iemocap/causal_context/legacy_mmgcn_features/val_ses02.yaml,medium,high,NO,Content-derived classification; no YAML move or edit in Phase 4A.,causal|causal_contract_version|project|system|dataset|model|graph|training|output,MultiDAGCL,,true,,Ses02,,42,formal,,,,"[""causal"", ""causal_contract_version"", ""graph""]","[""text"", ""audio"", ""visual""]",,legacy MMGCN-style feature path/content
configs/baselines/multidag_cl/iemocap/causal_benchmark/val_ses03.yaml,multidag_cl,unified,iemocap,causal_context,legacy_mmgcn_features,formal,model,NO,YES,NO,NO,NO,NO,YES,NO,NO,NO,scripts/models/multidag_cl/unified/train.py,,,third_party/MMGCN_official/IEMOCAP_features/IEMOCAP_features.pkl,outputs,configs/multidag_cl/unified/iemocap/causal_context/legacy_mmgcn_features/val_ses03.yaml,medium,high,NO,Content-derived classification; no YAML move or edit in Phase 4A.,causal|causal_contract_version|project|system|dataset|model|graph|training|output,MultiDAGCL,,true,,Ses03,,42,formal,,,,"[""causal"", ""causal_contract_version"", ""graph""]","[""text"", ""audio"", ""visual""]",,legacy MMGCN-style feature path/content
configs/baselines/multidag_cl/iemocap/causal_benchmark/val_ses04.yaml,multidag_cl,unified,iemocap,causal_context,legacy_mmgcn_features,formal,model,NO,YES,NO,NO,NO,NO,YES,NO,NO,NO,scripts/models/multidag_cl/unified/train.py,,,third_party/MMGCN_official/IEMOCAP_features/IEMOCAP_features.pkl,outputs,configs/multidag_cl/unified/iemocap/causal_context/legacy_mmgcn_features/val_ses04.yaml,medium,high,NO,Content-derived classification; no YAML move or edit in Phase 4A.,causal|causal_contract_version|project|system|dataset|model|graph|training|output,MultiDAGCL,,true,,Ses04,,42,formal,,,,"[""causal"", ""causal_contract_version"", ""graph""]","[""text"", ""audio"", ""visual""]",,legacy MMGCN-style feature path/content
configs/baselines/multidag_cl/iemocap/clean_roberta_v1/smoke_real_2epoch.yaml,multidag_cl,unified,iemocap,causal_context,clean_roberta_features,formal,model,NO,NO,YES,NO,NO,NO,YES,NO,NO,NO,scripts/models/multidag_cl/unified/train.py,,,data/processed/iemocap/IEMOCAP_features_clean_roberta_base_c8b8a37_utterance_mean_v1.pkl,outputs,configs/multidag_cl/unified/iemocap/causal_context/clean_roberta_features/smoke_real_2epoch.yaml,medium,high,NO,Smoke evidence: project identity and training.epochs=2 with train and val batch limits of 2; purpose remains formal; no YAML move or edit.,causal|causal_contract_version|project|system|dataset|model|graph|training|output,MultiDAGCL,,true,,,,42,formal,,,,"[""causal"", ""causal_contract_version"", ""graph""]","[""text"", ""audio"", ""visual""]",,clean RoBERTa protocol/path/content
configs/baselines/multidag_cl/iemocap/clean_roberta_v1/val_ses01.yaml,multidag_cl,unified,iemocap,causal_context,clean_roberta_features,formal,model,NO,NO,NO,NO,NO,NO,YES,NO,NO,NO,scripts/models/multidag_cl/unified/train.py,configs/baselines/multidag_cl/iemocap/causal_benchmark/val_ses01.yaml,,data/processed/iemocap/IEMOCAP_features_clean_roberta_base_c8b8a37_utterance_mean_v1.pkl,outputs,configs/multidag_cl/unified/iemocap/causal_context/clean_roberta_features/val_ses01.yaml,medium,high,NO,Content-derived classification; no YAML move or edit in Phase 4A.,causal|causal_contract_version|project|system|dataset|model|graph|training|output|protocol|provenance,MultiDAGCL,,true,,Ses01,,42,formal,configs/baselines/multidag_cl/iemocap/causal_benchmark/val_ses01.yaml,,,"[""causal"", ""causal_contract_version"", ""graph"", ""protocol"", ""provenance""]","[""text"", ""audio"", ""visual""]",,clean RoBERTa protocol/path/content
configs/baselines/multidag_cl/iemocap/clean_roberta_v1/val_ses02.yaml,multidag_cl,unified,iemocap,causal_context,clean_roberta_features,formal,model,NO,NO,NO,NO,NO,NO,YES,NO,NO,NO,scripts/models/multidag_cl/unified/train.py,configs/baselines/multidag_cl/iemocap/causal_benchmark/val_ses02.yaml,,data/processed/iemocap/IEMOCAP_features_clean_roberta_base_c8b8a37_utterance_mean_v1.pkl,outputs,configs/multidag_cl/unified/iemocap/causal_context/clean_roberta_features/val_ses02.yaml,medium,high,NO,Content-derived classification; no YAML move or edit in Phase 4A.,causal|causal_contract_version|project|system|dataset|model|graph|training|output|protocol|provenance,MultiDAGCL,,true,,Ses02,,42,formal,configs/baselines/multidag_cl/iemocap/causal_benchmark/val_ses02.yaml,,,"[""causal"", ""causal_contract_version"", ""graph"", ""protocol"", ""provenance""]","[""text"", ""audio"", ""visual""]",,clean RoBERTa protocol/path/content
configs/baselines/multidag_cl/iemocap/clean_roberta_v1/val_ses03.yaml,multidag_cl,unified,iemocap,causal_context,clean_roberta_features,formal,model,NO,NO,NO,NO,NO,NO,YES,NO,NO,NO,scripts/models/multidag_cl/unified/train.py,configs/baselines/multidag_cl/iemocap/causal_benchmark/val_ses03.yaml,,data/processed/iemocap/IEMOCAP_features_clean_roberta_base_c8b8a37_utterance_mean_v1.pkl,outputs,configs/multidag_cl/unified/iemocap/causal_context/clean_roberta_features/val_ses03.yaml,medium,high,NO,Content-derived classification; no YAML move or edit in Phase 4A.,causal|causal_contract_version|project|system|dataset|model|graph|training|output|protocol|provenance,MultiDAGCL,,true,,Ses03,,42,formal,configs/baselines/multidag_cl/iemocap/causal_benchmark/val_ses03.yaml,,,"[""causal"", ""causal_contract_version"", ""graph"", ""protocol"", ""provenance""]","[""text"", ""audio"", ""visual""]",,clean RoBERTa protocol/path/content
configs/baselines/multidag_cl/iemocap/clean_roberta_v1/val_ses04.yaml,multidag_cl,unified,iemocap,causal_context,clean_roberta_features,formal,model,NO,NO,NO,NO,NO,NO,YES,NO,NO,NO,scripts/models/multidag_cl/unified/train.py,configs/baselines/multidag_cl/iemocap/causal_benchmark/val_ses04.yaml,,data/processed/iemocap/IEMOCAP_features_clean_roberta_base_c8b8a37_utterance_mean_v1.pkl,outputs,configs/multidag_cl/unified/iemocap/causal_context/clean_roberta_features/val_ses04.yaml,medium,high,NO,Content-derived classification; no YAML move or edit in Phase 4A.,causal|causal_contract_version|project|system|dataset|model|graph|training|output|protocol|provenance,MultiDAGCL,,true,,Ses04,,42,formal,configs/baselines/multidag_cl/iemocap/causal_benchmark/val_ses04.yaml,,,"[""causal"", ""causal_contract_version"", ""graph"", ""protocol"", ""provenance""]","[""text"", ""audio"", ""visual""]",,clean RoBERTa protocol/path/content
configs/baselines/multidag_cl/iemocap/debug/context_past_all_causal_tav_smoke.yaml,multidag_cl,unified,iemocap,causal_context,legacy_mmgcn_features,formal,model,NO,NO,YES,NO,NO,NO,YES,NO,NO,NO,scripts/models/multidag_cl/unified/train.py,,,third_party/MMGCN_official/IEMOCAP_features/IEMOCAP_features.pkl,outputs,configs/multidag_cl/unified/iemocap/causal_context/legacy_mmgcn_features/context_past_all_causal_tav_smoke.yaml,medium,high,NO,Smoke evidence: experiment identity plus training.epochs=1 batch_size=2 and train and val batch limits of 2; purpose remains formal.,project|system|dataset|model|graph|training|output,MultiDAGCL,,past_all_causal,,,,42,formal,,,,"[""graph""]","[""text"", ""audio"", ""visual""]",,legacy MMGCN-style feature path/content
configs/baselines/multidag_cl/iemocap/debug/context_w5_tav_quick.yaml,multidag_cl,unified,iemocap,causal_context,legacy_mmgcn_features,formal,model,NO,NO,NO,NO,NO,NO,YES,NO,NO,NO,scripts/models/multidag_cl/unified/train.py,,,third_party/MMGCN_official/IEMOCAP_features/IEMOCAP_features.pkl,outputs,configs/multidag_cl/unified/iemocap/causal_context/legacy_mmgcn_features/context_w5_tav_quick.yaml,medium,high,NO,Content-derived classification; no YAML move or edit in Phase 4A.,project|system|dataset|model|graph|training|output,MultiDAGCL,,causal,,,,42,formal,,,,"[""graph""]","[""text"", ""audio"", ""visual""]",,legacy MMGCN-style feature path/content
configs/baselines/multidag_cl/iemocap/debug/context_w5_tav_smoke.yaml,multidag_cl,unified,iemocap,causal_context,legacy_mmgcn_features,formal,model,NO,NO,YES,NO,NO,NO,YES,NO,NO,NO,scripts/models/multidag_cl/unified/train.py,,,third_party/MMGCN_official/IEMOCAP_features/IEMOCAP_features.pkl,outputs,configs/multidag_cl/unified/iemocap/causal_context/legacy_mmgcn_features/context_w5_tav_smoke.yaml,medium,high,NO,Smoke evidence: experiment identity plus training.epochs=1 batch_size=2 and train and val batch limits of 2; purpose remains formal.,project|system|dataset|model|graph|training|output,MultiDAGCL,,causal,,,,42,formal,,,,"[""graph""]","[""text"", ""audio"", ""visual""]",,legacy MMGCN-style feature path/content
configs/baselines/multidag_cl/iemocap/formal/context_past_all_causal_tav.yaml,multidag_cl,unified,iemocap,causal_context,legacy_mmgcn_features,context_ablation,model,NO,NO,NO,NO,YES,NO,YES,NO,NO,NO,scripts/models/multidag_cl/unified/train.py,,,third_party/MMGCN_official/IEMOCAP_features/IEMOCAP_features.pkl,outputs,configs/multidag_cl/unified/iemocap/causal_context/legacy_mmgcn_features/context_past_all_causal_tav.yaml,medium,high,NO,Content-derived classification; no YAML move or edit in Phase 4A.,project|system|dataset|model|graph|training|output,MultiDAGCL,,past_all_causal,,,,42,context_ablation,,,,"[""graph""]","[""text"", ""audio"", ""visual""]",,legacy MMGCN-style feature path/content
configs/baselines/multidag_cl/iemocap/formal/context_w0_tav.yaml,multidag_cl,unified,iemocap,causal_context,legacy_mmgcn_features,context_ablation,model,NO,NO,NO,NO,YES,NO,YES,NO,NO,NO,scripts/models/multidag_cl/unified/train.py,,,third_party/MMGCN_official/IEMOCAP_features/IEMOCAP_features.pkl,outputs,configs/multidag_cl/unified/iemocap/causal_context/legacy_mmgcn_features/context_w0_tav.yaml,medium,high,NO,Content-derived classification; no YAML move or edit in Phase 4A.,project|system|dataset|model|graph|training|output,MultiDAGCL,,causal,,,,42,context_ablation,,,,"[""graph""]","[""text"", ""audio"", ""visual""]",,legacy MMGCN-style feature path/content
configs/baselines/multidag_cl/iemocap/formal/context_w1_tav.yaml,multidag_cl,unified,iemocap,causal_context,legacy_mmgcn_features,context_ablation,model,NO,NO,NO,NO,YES,NO,YES,NO,NO,NO,scripts/models/multidag_cl/unified/train.py,,,third_party/MMGCN_official/IEMOCAP_features/IEMOCAP_features.pkl,outputs,configs/multidag_cl/unified/iemocap/causal_context/legacy_mmgcn_features/context_w1_tav.yaml,medium,high,NO,Content-derived classification; no YAML move or edit in Phase 4A.,project|system|dataset|model|graph|training|output,MultiDAGCL,,causal,,,,42,context_ablation,,,,"[""graph""]","[""text"", ""audio"", ""visual""]",,legacy MMGCN-style feature path/content
configs/baselines/multidag_cl/iemocap/formal/context_w3_tav.yaml,multidag_cl,unified,iemocap,causal_context,legacy_mmgcn_features,context_ablation,model,NO,NO,NO,NO,YES,NO,YES,NO,NO,NO,scripts/models/multidag_cl/unified/train.py,,,third_party/MMGCN_official/IEMOCAP_features/IEMOCAP_features.pkl,outputs,configs/multidag_cl/unified/iemocap/causal_context/legacy_mmgcn_features/context_w3_tav.yaml,medium,high,NO,Content-derived classification; no YAML move or edit in Phase 4A.,project|system|dataset|model|graph|training|output,MultiDAGCL,,causal,,,,42,context_ablation,,,,"[""graph""]","[""text"", ""audio"", ""visual""]",,legacy MMGCN-style feature path/content
configs/baselines/multidag_cl/iemocap/formal/context_w5_tav.yaml,multidag_cl,unified,iemocap,causal_context,legacy_mmgcn_features,context_ablation,model,NO,NO,NO,NO,YES,NO,YES,NO,NO,NO,scripts/models/multidag_cl/unified/train.py,,scripts/diagnostics/data/diagnose_iemocap_splits.py,third_party/MMGCN_official/IEMOCAP_features/IEMOCAP_features.pkl,outputs,configs/multidag_cl/unified/iemocap/causal_context/legacy_mmgcn_features/context_w5_tav.yaml,high,high,NO,Distinct context-ablation identity retained; candidate path is unique after correcting path generation; no YAML move or edit.,project|system|dataset|model|graph|training|output,MultiDAGCL,,causal,,,,42,context_ablation,,,,"[""graph""]","[""text"", ""audio"", ""visual""]",,legacy MMGCN-style feature path/content
configs/baselines/multidag_cl/iemocap/formal/modality_w5_a.yaml,multidag_cl,unified,iemocap,causal_context,legacy_mmgcn_features,modality_ablation,model,NO,NO,NO,NO,YES,NO,YES,NO,NO,NO,scripts/models/multidag_cl/unified/train.py,,,third_party/MMGCN_official/IEMOCAP_features/IEMOCAP_features.pkl,outputs,configs/multidag_cl/unified/iemocap/causal_context/legacy_mmgcn_features/modality_w5_a.yaml,medium,high,NO,Content-derived classification; no YAML move or edit in Phase 4A.,project|system|dataset|model|graph|training|output,MultiDAGCL,,causal,,,,42,modality_ablation,,,,"[""graph""]","[""audio""]",,legacy MMGCN-style feature path/content
configs/baselines/multidag_cl/iemocap/formal/modality_w5_av.yaml,multidag_cl,unified,iemocap,causal_context,legacy_mmgcn_features,modality_ablation,model,NO,NO,NO,NO,YES,NO,YES,NO,NO,NO,scripts/models/multidag_cl/unified/train.py,,,third_party/MMGCN_official/IEMOCAP_features/IEMOCAP_features.pkl,outputs,configs/multidag_cl/unified/iemocap/causal_context/legacy_mmgcn_features/modality_w5_av.yaml,medium,high,NO,Content-derived classification; no YAML move or edit in Phase 4A.,project|system|dataset|model|graph|training|output,MultiDAGCL,,causal,,,,42,modality_ablation,,,,"[""graph""]","[""audio"", ""visual""]",,legacy MMGCN-style feature path/content
configs/baselines/multidag_cl/iemocap/formal/modality_w5_t.yaml,multidag_cl,unified,iemocap,causal_context,legacy_mmgcn_features,modality_ablation,model,NO,NO,NO,NO,YES,NO,YES,NO,NO,NO,scripts/models/multidag_cl/unified/train.py,,,third_party/MMGCN_official/IEMOCAP_features/IEMOCAP_features.pkl,outputs,configs/multidag_cl/unified/iemocap/causal_context/legacy_mmgcn_features/modality_w5_t.yaml,medium,high,NO,Content-derived classification; no YAML move or edit in Phase 4A.,project|system|dataset|model|graph|training|output,MultiDAGCL,,causal,,,,42,modality_ablation,,,,"[""graph""]","[""text""]",,legacy MMGCN-style feature path/content
configs/baselines/multidag_cl/iemocap/formal/modality_w5_ta.yaml,multidag_cl,unified,iemocap,causal_context,legacy_mmgcn_features,modality_ablation,model,NO,NO,NO,NO,YES,NO,YES,NO,NO,NO,scripts/models/multidag_cl/unified/train.py,,,third_party/MMGCN_official/IEMOCAP_features/IEMOCAP_features.pkl,outputs,configs/multidag_cl/unified/iemocap/causal_context/legacy_mmgcn_features/modality_w5_ta.yaml,medium,high,NO,Content-derived classification; no YAML move or edit in Phase 4A.,project|system|dataset|model|graph|training|output,MultiDAGCL,,causal,,,,42,modality_ablation,,,,"[""graph""]","[""text"", ""audio""]",,legacy MMGCN-style feature path/content
configs/baselines/multidag_cl/iemocap/formal/modality_w5_tav.yaml,multidag_cl,unified,iemocap,causal_context,legacy_mmgcn_features,modality_ablation,model,NO,NO,NO,NO,YES,NO,YES,NO,NO,NO,scripts/models/multidag_cl/unified/train.py,,,third_party/MMGCN_official/IEMOCAP_features/IEMOCAP_features.pkl,outputs,configs/multidag_cl/unified/iemocap/causal_context/legacy_mmgcn_features/modality_w5_tav.yaml,high,high,NO,Distinct modality-ablation identity retained; candidate path is unique after correcting path generation; no YAML move or edit.,project|system|dataset|model|graph|training|output,MultiDAGCL,,causal,,,,42,modality_ablation,,,,"[""graph""]","[""text"", ""audio"", ""visual""]",,legacy MMGCN-style feature path/content
configs/baselines/multidag_cl/iemocap/formal/modality_w5_tv.yaml,multidag_cl,unified,iemocap,causal_context,legacy_mmgcn_features,modality_ablation,model,NO,NO,NO,NO,YES,NO,YES,NO,NO,NO,scripts/models/multidag_cl/unified/train.py,,,third_party/MMGCN_official/IEMOCAP_features/IEMOCAP_features.pkl,outputs,configs/multidag_cl/unified/iemocap/causal_context/legacy_mmgcn_features/modality_w5_tv.yaml,medium,high,NO,Content-derived classification; no YAML move or edit in Phase 4A.,project|system|dataset|model|graph|training|output,MultiDAGCL,,causal,,,,42,modality_ablation,,,,"[""graph""]","[""text"", ""visual""]",,legacy MMGCN-style feature path/content
configs/baselines/multidag_cl/iemocap/formal/modality_w5_v.yaml,multidag_cl,unified,iemocap,causal_context,legacy_mmgcn_features,modality_ablation,model,NO,NO,NO,NO,YES,NO,YES,NO,NO,NO,scripts/models/multidag_cl/unified/train.py,,,third_party/MMGCN_official/IEMOCAP_features/IEMOCAP_features.pkl,outputs,configs/multidag_cl/unified/iemocap/causal_context/legacy_mmgcn_features/modality_w5_v.yaml,medium,high,NO,Content-derived classification; no YAML move or edit in Phase 4A.,project|system|dataset|model|graph|training|output,MultiDAGCL,,causal,,,,42,modality_ablation,,,,"[""graph""]","[""visual""]",,legacy MMGCN-style feature path/content
configs/baselines/multidag_cl/iemocap/loss_stability/context_w5_tav_stable_lr3e4_cosine.yaml,multidag_cl,unified,iemocap,causal_context,legacy_mmgcn_features,stability_ablation,model,NO,NO,NO,NO,YES,NO,NO,NO,NO,NO,scripts/models/multidag_cl/unified/train.py,,,third_party/MMGCN_official/IEMOCAP_features/IEMOCAP_features.pkl,outputs,configs/multidag_cl/unified/iemocap/causal_context/legacy_mmgcn_features/context_w5_tav_stable_lr3e4_cosine.yaml,medium,high,NO,Content-derived classification; no YAML move or edit in Phase 4A.,project|system|dataset|model|graph|training|output,MultiDAGCL,,causal,,,,42,stability_ablation,,,,"[""graph""]","[""text"", ""audio"", ""visual""]",,legacy MMGCN-style feature path/content
configs/baselines/multidag_cl/iemocap/loss_stability/context_w5_tav_stable_lr3e4_earlystop_valloss.yaml,multidag_cl,unified,iemocap,causal_context,legacy_mmgcn_features,stability_ablation,model,NO,NO,NO,NO,YES,NO,NO,NO,NO,NO,scripts/models/multidag_cl/unified/train.py,,,third_party/MMGCN_official/IEMOCAP_features/IEMOCAP_features.pkl,outputs,configs/multidag_cl/unified/iemocap/causal_context/legacy_mmgcn_features/context_w5_tav_stable_lr3e4_earlystop_valloss.yaml,medium,high,NO,Content-derived classification; no YAML move or edit in Phase 4A.,project|system|dataset|model|graph|training|output,MultiDAGCL,,causal,,,,42,stability_ablation,,,,"[""graph""]","[""text"", ""audio"", ""visual""]",,legacy MMGCN-style feature path/content
configs/baselines/multidag_cl/iemocap/loss_stability/context_w5_tav_stable_lr3e4_label_smoothing005.yaml,multidag_cl,unified,iemocap,causal_context,legacy_mmgcn_features,stability_ablation,model,NO,NO,NO,NO,YES,NO,NO,NO,NO,NO,scripts/models/multidag_cl/unified/train.py,,,third_party/MMGCN_official/IEMOCAP_features/IEMOCAP_features.pkl,outputs,configs/multidag_cl/unified/iemocap/causal_context/legacy_mmgcn_features/context_w5_tav_stable_lr3e4_label_smoothing005.yaml,medium,high,NO,Content-derived classification; no YAML move or edit in Phase 4A.,project|system|dataset|model|graph|training|output,MultiDAGCL,,causal,,,,42,stability_ablation,,,,"[""graph""]","[""text"", ""audio"", ""visual""]",,legacy MMGCN-style feature path/content
configs/baselines/multidag_cl/iemocap/loss_stability/context_w5_tav_stable_lr3e4_plateau_valloss.yaml,multidag_cl,unified,iemocap,causal_context,legacy_mmgcn_features,stability_ablation,model,NO,NO,NO,NO,YES,NO,NO,NO,NO,NO,scripts/models/multidag_cl/unified/train.py,,,third_party/MMGCN_official/IEMOCAP_features/IEMOCAP_features.pkl,outputs,configs/multidag_cl/unified/iemocap/causal_context/legacy_mmgcn_features/context_w5_tav_stable_lr3e4_plateau_valloss.yaml,medium,high,NO,Content-derived classification; no YAML move or edit in Phase 4A.,project|system|dataset|model|graph|training|output,MultiDAGCL,,causal,,,,42,stability_ablation,,,,"[""graph""]","[""text"", ""audio"", ""visual""]",,legacy MMGCN-style feature path/content
configs/baselines/multidag_cl/iemocap/loss_stability/context_w5_tav_stable_lr5e4_plateau_valloss.yaml,multidag_cl,unified,iemocap,causal_context,legacy_mmgcn_features,stability_ablation,model,NO,NO,NO,NO,YES,NO,NO,NO,NO,NO,scripts/models/multidag_cl/unified/train.py,,,third_party/MMGCN_official/IEMOCAP_features/IEMOCAP_features.pkl,outputs,configs/multidag_cl/unified/iemocap/causal_context/legacy_mmgcn_features/context_w5_tav_stable_lr5e4_plateau_valloss.yaml,medium,high,NO,Content-derived classification; no YAML move or edit in Phase 4A.,project|system|dataset|model|graph|training|output,MultiDAGCL,,causal,,,,42,stability_ablation,,,,"[""graph""]","[""text"", ""audio"", ""visual""]",,legacy MMGCN-style feature path/content
configs/baselines/multidag_cl/iemocap/stabilize/context_past_all_causal_tav_stable_candidate.yaml,multidag_cl,unified,iemocap,causal_context,legacy_mmgcn_features,stability_ablation,model,NO,NO,NO,NO,YES,NO,NO,NO,NO,NO,scripts/models/multidag_cl/unified/train.py,,,third_party/MMGCN_official/IEMOCAP_features/IEMOCAP_features.pkl,outputs,configs/multidag_cl/unified/iemocap/causal_context/legacy_mmgcn_features/context_past_all_causal_tav_stable_candidate.yaml,medium,high,NO,Content-derived classification; no YAML move or edit in Phase 4A.,project|system|dataset|model|graph|training|output,MultiDAGCL,,past_all_causal,,,,42,stability_ablation,,,,"[""graph""]","[""text"", ""audio"", ""visual""]",,legacy MMGCN-style feature path/content
configs/baselines/multidag_cl/iemocap/stabilize/context_w0_tav_stable_candidate.yaml,multidag_cl,unified,iemocap,causal_context,legacy_mmgcn_features,stability_ablation,model,NO,NO,NO,NO,YES,NO,NO,NO,NO,NO,scripts/models/multidag_cl/unified/train.py,,,third_party/MMGCN_official/IEMOCAP_features/IEMOCAP_features.pkl,outputs,configs/multidag_cl/unified/iemocap/causal_context/legacy_mmgcn_features/context_w0_tav_stable_candidate.yaml,medium,high,NO,Content-derived classification; no YAML move or edit in Phase 4A.,project|system|dataset|model|graph|training|output,MultiDAGCL,,causal,,,,42,stability_ablation,,,,"[""graph""]","[""text"", ""audio"", ""visual""]",,legacy MMGCN-style feature path/content
configs/baselines/multidag_cl/iemocap/stabilize/context_w3_tav_stable_candidate.yaml,multidag_cl,unified,iemocap,causal_context,legacy_mmgcn_features,stability_ablation,model,NO,NO,NO,NO,YES,NO,NO,NO,NO,NO,scripts/models/multidag_cl/unified/train.py,,,third_party/MMGCN_official/IEMOCAP_features/IEMOCAP_features.pkl,outputs,configs/multidag_cl/unified/iemocap/causal_context/legacy_mmgcn_features/context_w3_tav_stable_candidate.yaml,medium,high,NO,Content-derived classification; no YAML move or edit in Phase 4A.,project|system|dataset|model|graph|training|output,MultiDAGCL,,causal,,,,42,stability_ablation,,,,"[""graph""]","[""text"", ""audio"", ""visual""]",,legacy MMGCN-style feature path/content
configs/baselines/multidag_cl/iemocap/stabilize/context_w5_tav_dropout01.yaml,multidag_cl,unified,iemocap,causal_context,legacy_mmgcn_features,stability_ablation,model,NO,NO,NO,NO,YES,NO,NO,NO,NO,NO,scripts/models/multidag_cl/unified/train.py,,,third_party/MMGCN_official/IEMOCAP_features/IEMOCAP_features.pkl,outputs,configs/multidag_cl/unified/iemocap/causal_context/legacy_mmgcn_features/context_w5_tav_dropout01.yaml,medium,high,NO,Content-derived classification; no YAML move or edit in Phase 4A.,project|system|dataset|model|graph|training|output,MultiDAGCL,,causal,,,,42,stability_ablation,,,,"[""graph""]","[""text"", ""audio"", ""visual""]",,legacy MMGCN-style feature path/content
configs/baselines/multidag_cl/iemocap/stabilize/context_w5_tav_dropout02.yaml,multidag_cl,unified,iemocap,causal_context,legacy_mmgcn_features,stability_ablation,model,NO,NO,NO,NO,YES,NO,NO,NO,NO,NO,scripts/models/multidag_cl/unified/train.py,,,third_party/MMGCN_official/IEMOCAP_features/IEMOCAP_features.pkl,outputs,configs/multidag_cl/unified/iemocap/causal_context/legacy_mmgcn_features/context_w5_tav_dropout02.yaml,medium,high,NO,Content-derived classification; no YAML move or edit in Phase 4A.,project|system|dataset|model|graph|training|output,MultiDAGCL,,causal,,,,42,stability_ablation,,,,"[""graph""]","[""text"", ""audio"", ""visual""]",,legacy MMGCN-style feature path/content
configs/baselines/multidag_cl/iemocap/stabilize/context_w5_tav_graph1.yaml,multidag_cl,unified,iemocap,causal_context,legacy_mmgcn_features,stability_ablation,model,NO,NO,NO,NO,YES,NO,NO,NO,NO,NO,scripts/models/multidag_cl/unified/train.py,,,third_party/MMGCN_official/IEMOCAP_features/IEMOCAP_features.pkl,outputs,configs/multidag_cl/unified/iemocap/causal_context/legacy_mmgcn_features/context_w5_tav_graph1.yaml,medium,high,NO,Content-derived classification; no YAML move or edit in Phase 4A.,project|system|dataset|model|graph|training|output,MultiDAGCL,,causal,,,,42,stability_ablation,,,,"[""graph""]","[""text"", ""audio"", ""visual""]",,legacy MMGCN-style feature path/content
configs/baselines/multidag_cl/iemocap/stabilize/context_w5_tav_linear_encoder.yaml,multidag_cl,unified,iemocap,causal_context,legacy_mmgcn_features,stability_ablation,model,NO,NO,NO,NO,YES,NO,NO,NO,NO,NO,scripts/models/multidag_cl/unified/train.py,,,third_party/MMGCN_official/IEMOCAP_features/IEMOCAP_features.pkl,outputs,configs/multidag_cl/unified/iemocap/causal_context/legacy_mmgcn_features/context_w5_tav_linear_encoder.yaml,medium,high,NO,Content-derived classification; no YAML move or edit in Phase 4A.,project|system|dataset|model|graph|training|output,MultiDAGCL,,causal,,,,42,stability_ablation,,,,"[""graph""]","[""text"", ""audio"", ""visual""]",,legacy MMGCN-style feature path/content
configs/baselines/multidag_cl/iemocap/stabilize/context_w5_tav_lr3e4.yaml,multidag_cl,unified,iemocap,causal_context,legacy_mmgcn_features,stability_ablation,model,NO,NO,NO,NO,YES,NO,NO,NO,NO,NO,scripts/models/multidag_cl/unified/train.py,,,third_party/MMGCN_official/IEMOCAP_features/IEMOCAP_features.pkl,outputs,configs/multidag_cl/unified/iemocap/causal_context/legacy_mmgcn_features/context_w5_tav_lr3e4.yaml,medium,high,NO,Content-derived classification; no YAML move or edit in Phase 4A.,project|system|dataset|model|graph|training|output,MultiDAGCL,,causal,,,,42,stability_ablation,,,,"[""graph""]","[""text"", ""audio"", ""visual""]",,legacy MMGCN-style feature path/content
configs/baselines/multidag_cl/iemocap/stabilize/context_w5_tav_lr5e4.yaml,multidag_cl,unified,iemocap,causal_context,legacy_mmgcn_features,stability_ablation,model,NO,NO,NO,NO,YES,NO,NO,NO,NO,NO,scripts/models/multidag_cl/unified/train.py,,,third_party/MMGCN_official/IEMOCAP_features/IEMOCAP_features.pkl,outputs,configs/multidag_cl/unified/iemocap/causal_context/legacy_mmgcn_features/context_w5_tav_lr5e4.yaml,medium,high,NO,Content-derived classification; no YAML move or edit in Phase 4A.,project|system|dataset|model|graph|training|output,MultiDAGCL,,causal,,,,42,stability_ablation,,,,"[""graph""]","[""text"", ""audio"", ""visual""]",,legacy MMGCN-style feature path/content
configs/baselines/multidag_cl/iemocap/stabilize/context_w5_tav_stable_candidate.yaml,multidag_cl,unified,iemocap,causal_context,legacy_mmgcn_features,stability_ablation,model,NO,NO,NO,NO,YES,NO,NO,NO,NO,NO,scripts/models/multidag_cl/unified/train.py,,,third_party/MMGCN_official/IEMOCAP_features/IEMOCAP_features.pkl,outputs,configs/multidag_cl/unified/iemocap/causal_context/legacy_mmgcn_features/context_w5_tav_stable_candidate.yaml,medium,high,NO,Content-derived classification; no YAML move or edit in Phase 4A.,project|system|dataset|model|graph|training|output,MultiDAGCL,,causal,,,,42,stability_ablation,,,,"[""graph""]","[""text"", ""audio"", ""visual""]",,legacy MMGCN-style feature path/content
configs/data/iemocap_feature_sets.yaml,,,iemocap,,,shared_data,shared_data,NO,NO,NO,NO,NO,NO,NO,NO,NO,NO,,,,data/processed/iemocap/IEMOCAP_features_clean_roberta_base_c8b8a37_utterance_mean_v1.pkl|third_party/MMGCN_official/IEMOCAP_features/IEMOCAP_features.pkl,,configs/_shared/data/iemocap/feature_sets.yaml,low,high,NO,Content-derived classification; no YAML move or edit in Phase 4A.,legacy_mmgcn_textcnn|clean_roberta_v1,,,,,,,,shared_data,,,,,,,
configs/experiments/iemocap_clean_roberta_v1_8run.yaml,,unified,iemocap,causal_context,clean_roberta_features,formal,benchmark,NO,YES,NO,NO,NO,NO,YES,NO,NO,NO,,configs/baselines/mmgcn/iemocap/clean_roberta_v1/val_ses01.yaml|configs/baselines/mmgcn/iemocap/clean_roberta_v1/val_ses02.yaml|configs/baselines/mmgcn/iemocap/clean_roberta_v1/val_ses03.yaml|configs/baselines/mmgcn/iemocap/clean_roberta_v1/val_ses04.yaml|configs/baselines/multidag_cl/iemocap/clean_roberta_v1/val_ses01.yaml|configs/baselines/multidag_cl/iemocap/clean_roberta_v1/val_ses02.yaml|configs/baselines/multidag_cl/iemocap/clean_roberta_v1/val_ses03.yaml|configs/baselines/multidag_cl/iemocap/clean_roberta_v1/val_ses04.yaml|configs/pipeline/mmgcn/iemocap/causal_benchmark/val_sesXX.yaml|configs/pipeline/mmgcn/iemocap/clean_roberta_v1/val_ses01.yaml|configs/pipeline/mmgcn/iemocap/clean_roberta_v1/val_ses02.yaml|configs/pipeline/mmgcn/iemocap/clean_roberta_v1/val_ses03.yaml|configs/pipeline/mmgcn/iemocap/clean_roberta_v1/val_ses04.yaml|configs/pipeline/multidag_cl/iemocap/causal_benchmark/val_sesXX.yaml|configs/pipeline/multidag_cl/iemocap/clean_roberta_v1/val_ses01.yaml|configs/pipeline/multidag_cl/iemocap/clean_roberta_v1/val_ses02.yaml|configs/pipeline/multidag_cl/iemocap/clean_roberta_v1/val_ses03.yaml|configs/pipeline/multidag_cl/iemocap/clean_roberta_v1/val_ses04.yaml,,data/processed/iemocap/IEMOCAP_features_clean_roberta_base_c8b8a37_utterance_mean_v1.pkl,,configs/benchmarks/causal_unified/iemocap_clean_roberta_eight_run.yaml,high,high,NO,Content-derived classification; no YAML move or edit in Phase 4A.,schema_version|manifest_name|expected_run_count|execution|feature|protocol|provenance|runs,,,,,"[""Ses01"", ""Ses02"", ""Ses03"", ""Ses04""]",Ses05,,formal,,,best_model.pt,"[""execution"", ""protocol"", ""provenance""]",,,clean RoBERTa protocol/path/content
configs/experiments/original_merc/clean_fold_bases/dialoguegcn_clean.yaml,dialoguegcn,paper_aligned,iemocap,full_context,clean_roberta_features,formal,model,NO,NO,NO,NO,NO,NO,YES,NO,YES,NO,scripts/workflows/paper_aligned/train.py,,scripts/analysis/paper_aligned/analyze_original_merc_results.py,data/processed/iemocap/IEMOCAP_features_clean_roberta_base_c8b8a37_utterance_mean_v1.pkl,outputs,configs/dialoguegcn/paper_aligned/iemocap/full_context/clean_roberta_features/fivefold_base.yaml,medium,high,NO,Content-derived classification; no YAML move or edit in Phase 4A.,run_name|profile|model|dataset|training|optimizer|scheduler|system|output,original_repro_dialoguegcn,noncausal_offline_full_context,,,,Ses05,42,formal,,,,,"[""text""]",,paper_aligned project implementation; not author_official; clean RoBERTa protocol/path/content
configs/experiments/original_merc/clean_fold_bases/gsmcc_clean.yaml,gsmcc,project_variant,iemocap,full_context,clean_roberta_features,formal,model,NO,NO,NO,NO,NO,NO,YES,NO,NO,YES,scripts/workflows/paper_aligned/train.py,,scripts/analysis/paper_aligned/analyze_original_merc_results.py,data/processed/iemocap/IEMOCAP_features_clean_roberta_base_c8b8a37_utterance_mean_v1.pkl,outputs,configs/gsmcc/project_variant/iemocap/full_context/clean_roberta_features/fivefold_base.yaml,high,high,NO,Content-derived classification; no YAML move or edit in Phase 4A.,run_name|profile|model|dataset|training|optimizer|scheduler|system|output,project_paper_oriented_gsmcc,PROJECT_VARIANT_NOT_PAPER_REPRODUCTION,,,,Ses05,42,formal,,,,,,,GS-MCC project_variant; not author_official; clean RoBERTa protocol/path/content
configs/experiments/original_merc/clean_fold_bases/mmgcn_clean.yaml,mmgcn,paper_aligned,iemocap,full_context,clean_roberta_features,formal,model,NO,NO,NO,NO,NO,NO,YES,NO,YES,NO,scripts/workflows/paper_aligned/train.py,,scripts/analysis/paper_aligned/analyze_original_merc_results.py,data/processed/iemocap/IEMOCAP_features_clean_roberta_base_c8b8a37_utterance_mean_v1.pkl,outputs,configs/mmgcn/paper_aligned/iemocap/full_context/clean_roberta_features/fivefold_base.yaml,medium,high,NO,Content-derived classification; no YAML move or edit in Phase 4A.,run_name|profile|model|dataset|training|optimizer|scheduler|system|output,original_repro_mmgcn,noncausal_offline_full_context,,,,Ses05,42,formal,,,,,,,paper_aligned project implementation; not author_official; clean RoBERTa protocol/path/content
configs/experiments/original_merc/clean_fold_bases/multidag_cl_clean.yaml,multidag_cl,paper_aligned,iemocap,full_context,clean_roberta_features,formal,model,NO,NO,NO,NO,NO,NO,YES,NO,YES,NO,scripts/workflows/paper_aligned/train.py,,scripts/analysis/paper_aligned/analyze_original_merc_results.py,data/processed/iemocap/IEMOCAP_features_clean_roberta_base_c8b8a37_utterance_mean_v1.pkl,outputs,configs/multidag_cl/paper_aligned/iemocap/full_context/clean_roberta_features/fivefold_base.yaml,medium,high,NO,Content-derived classification; no YAML move or edit in Phase 4A.,run_name|profile|model|dataset|training|optimizer|scheduler|system|output,original_repro_multidag_cl,noncausal_offline_full_context,,,,Ses05,42,formal,,,,,,,paper_aligned project implementation; not author_official; clean RoBERTa protocol/path/content
configs/experiments/original_merc/clean_screening/dialoguegcn_clean.yaml,dialoguegcn,paper_aligned,iemocap,full_context,clean_roberta_features,formal,model,NO,NO,NO,NO,NO,NO,YES,NO,YES,NO,scripts/workflows/paper_aligned/train.py,,,data/processed/iemocap/IEMOCAP_features_clean_roberta_base_c8b8a37_utterance_mean_v1.pkl,outputs,configs/dialoguegcn/paper_aligned/iemocap/full_context/clean_roberta_features/dialoguegcn_clean.yaml,medium,high,NO,Content-derived classification; no YAML move or edit in Phase 4A.,run_name|profile|model|dataset|training|optimizer|scheduler|system|output,original_repro_dialoguegcn,noncausal_offline_full_context,,,,Ses05,42,formal,,,,,"[""text""]",,paper_aligned project implementation; not author_official; clean RoBERTa protocol/path/content
configs/experiments/original_merc/clean_screening/gsmcc_clean.yaml,gsmcc,project_variant,iemocap,full_context,clean_roberta_features,formal,model,NO,NO,NO,NO,NO,NO,YES,NO,NO,YES,scripts/workflows/paper_aligned/train.py,,,data/processed/iemocap/IEMOCAP_features_clean_roberta_base_c8b8a37_utterance_mean_v1.pkl,outputs,configs/gsmcc/project_variant/iemocap/full_context/clean_roberta_features/gsmcc_clean.yaml,high,high,NO,Content-derived classification; no YAML move or edit in Phase 4A.,run_name|profile|model|dataset|training|optimizer|scheduler|system|output,project_paper_oriented_gsmcc,PROJECT_VARIANT_NOT_PAPER_REPRODUCTION,,,,Ses05,42,formal,,,,,,,GS-MCC project_variant; not author_official; clean RoBERTa protocol/path/content
configs/experiments/original_merc/clean_screening/mmgcn_clean.yaml,mmgcn,paper_aligned,iemocap,full_context,clean_roberta_features,formal,model,NO,NO,NO,NO,NO,NO,YES,NO,YES,NO,scripts/workflows/paper_aligned/train.py,,,data/processed/iemocap/IEMOCAP_features_clean_roberta_base_c8b8a37_utterance_mean_v1.pkl,outputs,configs/mmgcn/paper_aligned/iemocap/full_context/clean_roberta_features/mmgcn_clean.yaml,medium,high,NO,Content-derived classification; no YAML move or edit in Phase 4A.,run_name|profile|model|dataset|training|optimizer|scheduler|system|output,original_repro_mmgcn,noncausal_offline_full_context,,,,Ses05,42,formal,,,,,,,paper_aligned project implementation; not author_official; clean RoBERTa protocol/path/content
configs/experiments/original_merc/clean_screening/multidag_cl_clean.yaml,multidag_cl,paper_aligned,iemocap,full_context,clean_roberta_features,formal,model,NO,NO,NO,NO,NO,NO,YES,NO,YES,NO,scripts/workflows/paper_aligned/train.py,,,data/processed/iemocap/IEMOCAP_features_clean_roberta_base_c8b8a37_utterance_mean_v1.pkl,outputs,configs/multidag_cl/paper_aligned/iemocap/full_context/clean_roberta_features/multidag_cl_clean.yaml,medium,high,NO,Content-derived classification; no YAML move or edit in Phase 4A.,run_name|profile|model|dataset|training|optimizer|scheduler|system|output,original_repro_multidag_cl,noncausal_offline_full_context,,,,Ses05,42,formal,,,,,,,paper_aligned project implementation; not author_official; clean RoBERTa protocol/path/content
configs/experiments/original_merc/legacy_fold_bases/dialoguegcn_legacy.yaml,dialoguegcn,paper_aligned,iemocap,full_context,legacy_mmgcn_features,formal,model,NO,NO,NO,NO,NO,NO,YES,NO,YES,NO,scripts/workflows/paper_aligned/train.py,,,third_party/MMGCN_official/IEMOCAP_features/IEMOCAP_features.pkl,outputs,configs/dialoguegcn/paper_aligned/iemocap/full_context/legacy_mmgcn_features/fivefold_base.yaml,medium,high,NO,Content-derived classification; no YAML move or edit in Phase 4A.,run_name|profile|model|dataset|training|optimizer|scheduler|system|output,original_repro_dialoguegcn,noncausal_offline_full_context,,,,Ses05,42,formal,,,,,"[""text""]",,paper_aligned project implementation; not author_official; legacy MMGCN-style feature path/content
configs/experiments/original_merc/legacy_fold_bases/gsmcc_legacy.yaml,gsmcc,project_variant,iemocap,full_context,legacy_mmgcn_features,formal,model,NO,NO,NO,NO,NO,NO,YES,NO,NO,YES,scripts/workflows/paper_aligned/train.py,,,third_party/MMGCN_official/IEMOCAP_features/IEMOCAP_features.pkl,outputs,configs/gsmcc/project_variant/iemocap/full_context/legacy_mmgcn_features/fivefold_base.yaml,high,high,NO,Content-derived classification; no YAML move or edit in Phase 4A.,run_name|profile|model|dataset|training|optimizer|scheduler|system|output,project_paper_oriented_gsmcc,PROJECT_VARIANT_NOT_PAPER_REPRODUCTION,,,,Ses05,42,formal,,,,,,,GS-MCC project_variant; not author_official; legacy MMGCN-style feature path/content
configs/experiments/original_merc/legacy_fold_bases/mmgcn_legacy.yaml,mmgcn,paper_aligned,iemocap,full_context,legacy_mmgcn_features,formal,model,NO,NO,NO,NO,NO,NO,YES,NO,YES,NO,scripts/workflows/paper_aligned/train.py,,,third_party/MMGCN_official/IEMOCAP_features/IEMOCAP_features.pkl,outputs,configs/mmgcn/paper_aligned/iemocap/full_context/legacy_mmgcn_features/fivefold_base.yaml,medium,high,NO,Content-derived classification; no YAML move or edit in Phase 4A.,run_name|profile|model|dataset|training|optimizer|scheduler|system|output,original_repro_mmgcn,noncausal_offline_full_context,,,,Ses05,42,formal,,,,,,,paper_aligned project implementation; not author_official; legacy MMGCN-style feature path/content
configs/experiments/original_merc/legacy_fold_bases/multidag_cl_legacy.yaml,multidag_cl,paper_aligned,iemocap,full_context,legacy_mmgcn_features,formal,model,NO,NO,NO,NO,NO,NO,YES,NO,YES,NO,scripts/workflows/paper_aligned/train.py,,,third_party/MMGCN_official/IEMOCAP_features/IEMOCAP_features.pkl,outputs,configs/multidag_cl/paper_aligned/iemocap/full_context/legacy_mmgcn_features/fivefold_base.yaml,medium,high,NO,Content-derived classification; no YAML move or edit in Phase 4A.,run_name|profile|model|dataset|training|optimizer|scheduler|system|output,original_repro_multidag_cl,noncausal_offline_full_context,,,,Ses05,42,formal,,,,,,,paper_aligned project implementation; not author_official; legacy MMGCN-style feature path/content
configs/experiments/original_merc/pipeline_manifest.yaml,,,iemocap,full_context,,formal,benchmark,NO,YES,NO,NO,NO,NO,YES,NO,NO,NO,scripts/workflows/paper_aligned/run_pipeline.py,configs/experiments/original_merc/clean_fold_bases/dialoguegcn_clean.yaml|configs/experiments/original_merc/clean_fold_bases/gsmcc_clean.yaml|configs/experiments/original_merc/clean_fold_bases/mmgcn_clean.yaml|configs/experiments/original_merc/clean_fold_bases/multidag_cl_clean.yaml|configs/experiments/original_merc/clean_screening/dialoguegcn_clean.yaml|configs/experiments/original_merc/clean_screening/gsmcc_clean.yaml|configs/experiments/original_merc/clean_screening/mmgcn_clean.yaml|configs/experiments/original_merc/clean_screening/multidag_cl_clean.yaml|configs/experiments/original_merc/legacy_fold_bases/dialoguegcn_legacy.yaml|configs/experiments/original_merc/legacy_fold_bases/gsmcc_legacy.yaml|configs/experiments/original_merc/legacy_fold_bases/mmgcn_legacy.yaml|configs/experiments/original_merc/legacy_fold_bases/multidag_cl_legacy.yaml|configs/experiments/original_merc/screening/dialoguegcn_legacy.yaml|configs/experiments/original_merc/screening/gsmcc_legacy.yaml|configs/experiments/original_merc/screening/mmgcn_legacy.yaml|configs/experiments/original_merc/screening/multidag_cl_legacy.yaml|configs/smoke/original_repro/dialoguegcn_clean.yaml|configs/smoke/original_repro/dialoguegcn_legacy.yaml|configs/smoke/original_repro/gsmcc_clean.yaml|configs/smoke/original_repro/gsmcc_legacy.yaml|configs/smoke/original_repro/mmgcn_clean.yaml|configs/smoke/original_repro/mmgcn_legacy.yaml|configs/smoke/original_repro/multidag_cl_clean.yaml|configs/smoke/original_repro/multidag_cl_legacy.yaml,scripts/workflows/paper_aligned/run_pipeline.py,,outputs,configs/benchmarks/original_merc/pipeline_manifest.yaml,high,high,NO,Content-derived classification; no YAML move or edit in Phase 4A.,version|output|protocol|stages|top2_policy|top2_selection_file|clean_fold_candidates,,,,,,,,formal,,"[""smoke"", ""legacy_paper_adjacent_screening"", ""clean_screening"", ""legacy_folds"", ""clean_folds"", ""top2""]",,"[""protocol""]",,,
configs/experiments/original_merc/screening/dialoguegcn_legacy.yaml,dialoguegcn,paper_aligned,iemocap,full_context,legacy_mmgcn_features,screening,model,NO,NO,NO,NO,NO,NO,NO,NO,YES,NO,scripts/workflows/paper_aligned/train.py,,,third_party/MMGCN_official/IEMOCAP_features/IEMOCAP_features.pkl,outputs,configs/dialoguegcn/paper_aligned/iemocap/full_context/legacy_mmgcn_features/screening.yaml,medium,high,NO,Content-derived classification; no YAML move or edit in Phase 4A.,run_name|profile|model|dataset|training|optimizer|scheduler|system|output,original_repro_dialoguegcn,noncausal_offline_full_context,,,,Ses05,42,screening,,,,,"[""text""]",,paper_aligned project implementation; not author_official; legacy MMGCN-style feature path/content
configs/experiments/original_merc/screening/gsmcc_legacy.yaml,gsmcc,project_variant,iemocap,full_context,legacy_mmgcn_features,screening,model,NO,NO,NO,NO,NO,NO,NO,NO,NO,YES,scripts/workflows/paper_aligned/train.py,,,third_party/MMGCN_official/IEMOCAP_features/IEMOCAP_features.pkl,outputs,configs/gsmcc/project_variant/iemocap/full_context/legacy_mmgcn_features/screening.yaml,high,high,NO,Content-derived classification; no YAML move or edit in Phase 4A.,run_name|profile|model|dataset|training|optimizer|scheduler|system|output,project_paper_oriented_gsmcc,PROJECT_VARIANT_NOT_PAPER_REPRODUCTION,,,,Ses05,42,screening,,,,,,,GS-MCC project_variant; not author_official; legacy MMGCN-style feature path/content
configs/experiments/original_merc/screening/mmgcn_legacy.yaml,mmgcn,paper_aligned,iemocap,full_context,legacy_mmgcn_features,screening,model,NO,NO,NO,NO,NO,NO,NO,NO,YES,NO,scripts/workflows/paper_aligned/train.py,,,third_party/MMGCN_official/IEMOCAP_features/IEMOCAP_features.pkl,outputs,configs/mmgcn/paper_aligned/iemocap/full_context/legacy_mmgcn_features/screening.yaml,medium,high,NO,Content-derived classification; no YAML move or edit in Phase 4A.,run_name|profile|model|dataset|training|optimizer|scheduler|system|output,original_repro_mmgcn,noncausal_offline_full_context,,,,Ses05,42,screening,,,,,,,paper_aligned project implementation; not author_official; legacy MMGCN-style feature path/content
configs/experiments/original_merc/screening/multidag_cl_legacy.yaml,multidag_cl,paper_aligned,iemocap,full_context,legacy_mmgcn_features,screening,model,NO,NO,NO,NO,NO,NO,NO,NO,YES,NO,scripts/workflows/paper_aligned/train.py,,,third_party/MMGCN_official/IEMOCAP_features/IEMOCAP_features.pkl,outputs,configs/multidag_cl/paper_aligned/iemocap/full_context/legacy_mmgcn_features/screening.yaml,medium,high,NO,Content-derived classification; no YAML move or edit in Phase 4A.,run_name|profile|model|dataset|training|optimizer|scheduler|system|output,original_repro_multidag_cl,noncausal_offline_full_context,,,,Ses05,42,screening,,,,,,,paper_aligned project implementation; not author_official; legacy MMGCN-style feature path/content
configs/modality_ablation/m3ed/mmgcn/train_mmgcn_m3ed_A.yaml,mmgcn,unified,m3ed,full_context,m3ed_features,modality_ablation,model,NO,NO,NO,NO,YES,NO,NO,NO,NO,NO,scripts/models/mmgcn/unified/train.py,configs/train_mmgcn_m3ed.yaml,,data/processed/M3ED/features/Asent_wav2vec_zh2chmed2e5last-Vsent_avg_affectdenseface-Lsent_cls_robert_wwm_base_chinese4chmed.pkl,outputs,configs/mmgcn/unified/m3ed/full_context/m3ed_features/modality_ablation_a.yaml,medium,high,NO,Content-derived classification; no YAML move or edit in Phase 4A.,project|system|dataset|model|train|logging|notes|graph|modality,MMGCN,,full,,,,42,modality_ablation,configs/train_mmgcn_m3ed.yaml,,,"[""graph""]","[""audio""]",,
configs/modality_ablation/m3ed/mmgcn/train_mmgcn_m3ed_AV.yaml,mmgcn,unified,m3ed,full_context,m3ed_features,modality_ablation,model,NO,NO,NO,NO,YES,NO,NO,NO,NO,NO,scripts/models/mmgcn/unified/train.py,configs/train_mmgcn_m3ed.yaml,,data/processed/M3ED/features/Asent_wav2vec_zh2chmed2e5last-Vsent_avg_affectdenseface-Lsent_cls_robert_wwm_base_chinese4chmed.pkl,outputs,configs/mmgcn/unified/m3ed/full_context/m3ed_features/modality_ablation_av.yaml,medium,high,NO,Content-derived classification; no YAML move or edit in Phase 4A.,project|system|dataset|model|train|logging|notes|graph|modality,MMGCN,,full,,,,42,modality_ablation,configs/train_mmgcn_m3ed.yaml,,,"[""graph""]","[""audio"", ""visual""]",,
configs/modality_ablation/m3ed/mmgcn/train_mmgcn_m3ed_T.yaml,mmgcn,unified,m3ed,full_context,m3ed_features,modality_ablation,model,NO,NO,NO,NO,YES,NO,NO,NO,NO,NO,scripts/models/mmgcn/unified/train.py,configs/train_mmgcn_m3ed.yaml,,data/processed/M3ED/features/Asent_wav2vec_zh2chmed2e5last-Vsent_avg_affectdenseface-Lsent_cls_robert_wwm_base_chinese4chmed.pkl,outputs,configs/mmgcn/unified/m3ed/full_context/m3ed_features/modality_ablation_t.yaml,medium,high,NO,Content-derived classification; no YAML move or edit in Phase 4A.,project|system|dataset|model|train|logging|notes|graph|modality,MMGCN,,full,,,,42,modality_ablation,configs/train_mmgcn_m3ed.yaml,,,"[""graph""]","[""text""]",,
configs/modality_ablation/m3ed/mmgcn/train_mmgcn_m3ed_TA.yaml,mmgcn,unified,m3ed,full_context,m3ed_features,modality_ablation,model,NO,NO,NO,NO,YES,NO,NO,NO,NO,NO,scripts/models/mmgcn/unified/train.py,configs/train_mmgcn_m3ed.yaml,,data/processed/M3ED/features/Asent_wav2vec_zh2chmed2e5last-Vsent_avg_affectdenseface-Lsent_cls_robert_wwm_base_chinese4chmed.pkl,outputs,configs/mmgcn/unified/m3ed/full_context/m3ed_features/modality_ablation_ta.yaml,medium,high,NO,Content-derived classification; no YAML move or edit in Phase 4A.,project|system|dataset|model|train|logging|notes|graph|modality,MMGCN,,full,,,,42,modality_ablation,configs/train_mmgcn_m3ed.yaml,,,"[""graph""]","[""text"", ""audio""]",,
configs/modality_ablation/m3ed/mmgcn/train_mmgcn_m3ed_TAV.yaml,mmgcn,unified,m3ed,full_context,m3ed_features,modality_ablation,model,NO,NO,NO,NO,YES,NO,NO,NO,NO,NO,scripts/models/mmgcn/unified/train.py,configs/train_mmgcn_m3ed.yaml,,data/processed/M3ED/features/Asent_wav2vec_zh2chmed2e5last-Vsent_avg_affectdenseface-Lsent_cls_robert_wwm_base_chinese4chmed.pkl,outputs,configs/mmgcn/unified/m3ed/full_context/m3ed_features/modality_ablation_tav.yaml,medium,high,NO,Content-derived classification; no YAML move or edit in Phase 4A.,project|system|dataset|model|train|logging|notes|graph|modality,MMGCN,,full,,,,42,modality_ablation,configs/train_mmgcn_m3ed.yaml,,,"[""graph""]","[""text"", ""audio"", ""visual""]",,
configs/modality_ablation/m3ed/mmgcn/train_mmgcn_m3ed_TV.yaml,mmgcn,unified,m3ed,full_context,m3ed_features,modality_ablation,model,NO,NO,NO,NO,YES,NO,NO,NO,NO,NO,scripts/models/mmgcn/unified/train.py,configs/train_mmgcn_m3ed.yaml,,data/processed/M3ED/features/Asent_wav2vec_zh2chmed2e5last-Vsent_avg_affectdenseface-Lsent_cls_robert_wwm_base_chinese4chmed.pkl,outputs,configs/mmgcn/unified/m3ed/full_context/m3ed_features/modality_ablation_tv.yaml,medium,high,NO,Content-derived classification; no YAML move or edit in Phase 4A.,project|system|dataset|model|train|logging|notes|graph|modality,MMGCN,,full,,,,42,modality_ablation,configs/train_mmgcn_m3ed.yaml,,,"[""graph""]","[""text"", ""visual""]",,
configs/modality_ablation/m3ed/mmgcn/train_mmgcn_m3ed_V.yaml,mmgcn,unified,m3ed,full_context,m3ed_features,modality_ablation,model,NO,NO,NO,NO,YES,NO,NO,NO,NO,NO,scripts/models/mmgcn/unified/train.py,configs/train_mmgcn_m3ed.yaml,,data/processed/M3ED/features/Asent_wav2vec_zh2chmed2e5last-Vsent_avg_affectdenseface-Lsent_cls_robert_wwm_base_chinese4chmed.pkl,outputs,configs/mmgcn/unified/m3ed/full_context/m3ed_features/modality_ablation_v.yaml,medium,high,NO,Content-derived classification; no YAML move or edit in Phase 4A.,project|system|dataset|model|train|logging|notes|graph|modality,MMGCN,,full,,,,42,modality_ablation,configs/train_mmgcn_m3ed.yaml,,,"[""graph""]","[""visual""]",,
configs/modality_ablation/train_mmgcn_iemocap_official_TA_smoke.yaml,mmgcn,unified,iemocap,full_context,legacy_mmgcn_features,modality_ablation,model,NO,NO,YES,NO,YES,NO,NO,NO,NO,NO,scripts/models/mmgcn/unified/train.py,,,third_party/MMGCN_official/IEMOCAP_features/IEMOCAP_features.pkl,outputs,configs/mmgcn/unified/iemocap/full_context/legacy_mmgcn_features/modality_ablation_smoke.yaml,medium,high,NO,Smoke evidence: experiment identity marks smoke and train.max_epochs=1; purpose remains modality_ablation; no YAML move or edit.,project|system|dataset|model|train|logging|graph|modality,MMGCN,,full,,,,42,modality_ablation,,,,"[""graph""]","[""text"", ""audio""]",,legacy MMGCN-style feature path/content
configs/pipeline/dialoguegcn/iemocap/causal_benchmark/official_prefix.yaml,dialoguegcn,unified,iemocap,causal_context,legacy_mmgcn_features,formal,pipeline,YES,YES,NO,NO,NO,NO,YES,NO,NO,NO,scripts/workflows/run_pipeline.py,configs/baselines/dialoguegcn/iemocap/causal_benchmark/official_prefix.yaml,,third_party/MMGCN_official/IEMOCAP_features/IEMOCAP_features.pkl,,configs/benchmarks/causal_unified/pipelines/dialoguegcn/legacy_mmgcn_features/val_official_prefix.yaml,medium,high,NO,Content-derived classification; no YAML move or edit in Phase 4A.,causal|causal_contract_version|project|dataset|model|execution|run_control|train|evaluation|analysis_tables|single_run_analysis|missing_modalities|multi_run_training_curves|multi_run_final_analysis,causal_dialoguegcn,,true,"[""val"", ""test""]",,,,formal,configs/baselines/dialoguegcn/iemocap/causal_benchmark/official_prefix.yaml,,best_model.pt,"[""causal"", ""causal_contract_version"", ""evaluation"", ""execution"", ""missing_modalities"", ""run_control""]",,,legacy MMGCN-style feature path/content
configs/pipeline/dialoguegcn/iemocap/causal_benchmark/val_ses01.yaml,dialoguegcn,unified,iemocap,causal_context,legacy_mmgcn_features,formal,pipeline,YES,YES,NO,NO,NO,NO,YES,NO,NO,NO,scripts/workflows/run_pipeline.py,configs/baselines/dialoguegcn/iemocap/causal_benchmark/val_ses01.yaml,,third_party/MMGCN_official/IEMOCAP_features/IEMOCAP_features.pkl,,configs/benchmarks/causal_unified/pipelines/dialoguegcn/legacy_mmgcn_features/val_ses01.yaml,medium,high,NO,Content-derived classification; no YAML move or edit in Phase 4A.,causal|causal_contract_version|project|dataset|model|execution|run_control|train|evaluation|analysis_tables|single_run_analysis|missing_modalities|multi_run_training_curves|multi_run_final_analysis,causal_dialoguegcn,,true,"[""val"", ""test""]",,,,formal,configs/baselines/dialoguegcn/iemocap/causal_benchmark/val_ses01.yaml,,best_model.pt,"[""causal"", ""causal_contract_version"", ""evaluation"", ""execution"", ""missing_modalities"", ""run_control""]",,,legacy MMGCN-style feature path/content
configs/pipeline/dialoguegcn/iemocap/causal_benchmark/val_ses02.yaml,dialoguegcn,unified,iemocap,causal_context,legacy_mmgcn_features,formal,pipeline,YES,YES,NO,NO,NO,NO,YES,NO,NO,NO,scripts/workflows/run_pipeline.py,configs/baselines/dialoguegcn/iemocap/causal_benchmark/val_ses02.yaml,,third_party/MMGCN_official/IEMOCAP_features/IEMOCAP_features.pkl,,configs/benchmarks/causal_unified/pipelines/dialoguegcn/legacy_mmgcn_features/val_ses02.yaml,medium,high,NO,Content-derived classification; no YAML move or edit in Phase 4A.,causal|causal_contract_version|project|dataset|model|execution|run_control|train|evaluation|analysis_tables|single_run_analysis|missing_modalities|multi_run_training_curves|multi_run_final_analysis,causal_dialoguegcn,,true,"[""val"", ""test""]",,,,formal,configs/baselines/dialoguegcn/iemocap/causal_benchmark/val_ses02.yaml,,best_model.pt,"[""causal"", ""causal_contract_version"", ""evaluation"", ""execution"", ""missing_modalities"", ""run_control""]",,,legacy MMGCN-style feature path/content
configs/pipeline/dialoguegcn/iemocap/causal_benchmark/val_ses03.yaml,dialoguegcn,unified,iemocap,causal_context,legacy_mmgcn_features,formal,pipeline,YES,YES,NO,NO,NO,NO,YES,NO,NO,NO,scripts/workflows/run_pipeline.py,configs/baselines/dialoguegcn/iemocap/causal_benchmark/val_ses03.yaml,,third_party/MMGCN_official/IEMOCAP_features/IEMOCAP_features.pkl,,configs/benchmarks/causal_unified/pipelines/dialoguegcn/legacy_mmgcn_features/val_ses03.yaml,medium,high,NO,Content-derived classification; no YAML move or edit in Phase 4A.,causal|causal_contract_version|project|dataset|model|execution|run_control|train|evaluation|analysis_tables|single_run_analysis|missing_modalities|multi_run_training_curves|multi_run_final_analysis,causal_dialoguegcn,,true,"[""val"", ""test""]",,,,formal,configs/baselines/dialoguegcn/iemocap/causal_benchmark/val_ses03.yaml,,best_model.pt,"[""causal"", ""causal_contract_version"", ""evaluation"", ""execution"", ""missing_modalities"", ""run_control""]",,,legacy MMGCN-style feature path/content
configs/pipeline/dialoguegcn/iemocap/causal_benchmark/val_ses04.yaml,dialoguegcn,unified,iemocap,causal_context,legacy_mmgcn_features,formal,pipeline,YES,YES,NO,NO,NO,NO,YES,NO,NO,NO,scripts/workflows/run_pipeline.py,configs/baselines/dialoguegcn/iemocap/causal_benchmark/val_ses04.yaml,,third_party/MMGCN_official/IEMOCAP_features/IEMOCAP_features.pkl,,configs/benchmarks/causal_unified/pipelines/dialoguegcn/legacy_mmgcn_features/val_ses04.yaml,medium,high,NO,Content-derived classification; no YAML move or edit in Phase 4A.,causal|causal_contract_version|project|dataset|model|execution|run_control|train|evaluation|analysis_tables|single_run_analysis|missing_modalities|multi_run_training_curves|multi_run_final_analysis,causal_dialoguegcn,,true,"[""val"", ""test""]",,,,formal,configs/baselines/dialoguegcn/iemocap/causal_benchmark/val_ses04.yaml,,best_model.pt,"[""causal"", ""causal_contract_version"", ""evaluation"", ""execution"", ""missing_modalities"", ""run_control""]",,,legacy MMGCN-style feature path/content
configs/pipeline/gsmcc/iemocap/causal_benchmark/official_prefix.yaml,gsmcc,project_variant,iemocap,causal_context,legacy_mmgcn_features,formal,pipeline,YES,YES,NO,NO,NO,NO,YES,NO,NO,YES,scripts/workflows/run_pipeline.py,configs/baselines/gsmcc/iemocap/causal_benchmark/official_prefix.yaml,,third_party/MMGCN_official/IEMOCAP_features/IEMOCAP_features.pkl,,configs/benchmarks/causal_unified/pipelines/gsmcc/legacy_mmgcn_features/val_official_prefix.yaml,high,high,NO,Content-derived classification; no YAML move or edit in Phase 4A.,causal|causal_contract_version|project|dataset|model|execution|run_control|train|evaluation|analysis_tables|single_run_analysis|missing_modalities|multi_run_training_curves|multi_run_final_analysis,causal_gsmcc_inspired,,true,"[""val"", ""test""]",,,,formal,configs/baselines/gsmcc/iemocap/causal_benchmark/official_prefix.yaml,,best_model.pt,"[""causal"", ""causal_contract_version"", ""evaluation"", ""execution"", ""missing_modalities"", ""run_control""]",,,GS-MCC project_variant; not author_official; legacy MMGCN-style feature path/content
configs/pipeline/gsmcc/iemocap/causal_benchmark/val_ses01.yaml,gsmcc,project_variant,iemocap,causal_context,legacy_mmgcn_features,formal,pipeline,YES,YES,NO,NO,NO,NO,YES,NO,NO,YES,scripts/workflows/run_pipeline.py,configs/baselines/gsmcc/iemocap/causal_benchmark/val_ses01.yaml,,third_party/MMGCN_official/IEMOCAP_features/IEMOCAP_features.pkl,,configs/benchmarks/causal_unified/pipelines/gsmcc/legacy_mmgcn_features/val_ses01.yaml,high,high,NO,Content-derived classification; no YAML move or edit in Phase 4A.,causal|causal_contract_version|project|dataset|model|execution|run_control|train|evaluation|analysis_tables|single_run_analysis|missing_modalities|multi_run_training_curves|multi_run_final_analysis,causal_gsmcc_inspired,,true,"[""val"", ""test""]",,,,formal,configs/baselines/gsmcc/iemocap/causal_benchmark/val_ses01.yaml,,best_model.pt,"[""causal"", ""causal_contract_version"", ""evaluation"", ""execution"", ""missing_modalities"", ""run_control""]",,,GS-MCC project_variant; not author_official; legacy MMGCN-style feature path/content
configs/pipeline/gsmcc/iemocap/causal_benchmark/val_ses02.yaml,gsmcc,project_variant,iemocap,causal_context,legacy_mmgcn_features,formal,pipeline,YES,YES,NO,NO,NO,NO,YES,NO,NO,YES,scripts/workflows/run_pipeline.py,configs/baselines/gsmcc/iemocap/causal_benchmark/val_ses02.yaml,,third_party/MMGCN_official/IEMOCAP_features/IEMOCAP_features.pkl,,configs/benchmarks/causal_unified/pipelines/gsmcc/legacy_mmgcn_features/val_ses02.yaml,high,high,NO,Content-derived classification; no YAML move or edit in Phase 4A.,causal|causal_contract_version|project|dataset|model|execution|run_control|train|evaluation|analysis_tables|single_run_analysis|missing_modalities|multi_run_training_curves|multi_run_final_analysis,causal_gsmcc_inspired,,true,"[""val"", ""test""]",,,,formal,configs/baselines/gsmcc/iemocap/causal_benchmark/val_ses02.yaml,,best_model.pt,"[""causal"", ""causal_contract_version"", ""evaluation"", ""execution"", ""missing_modalities"", ""run_control""]",,,GS-MCC project_variant; not author_official; legacy MMGCN-style feature path/content
configs/pipeline/gsmcc/iemocap/causal_benchmark/val_ses03.yaml,gsmcc,project_variant,iemocap,causal_context,legacy_mmgcn_features,formal,pipeline,YES,YES,NO,NO,NO,NO,YES,NO,NO,YES,scripts/workflows/run_pipeline.py,configs/baselines/gsmcc/iemocap/causal_benchmark/val_ses03.yaml,,third_party/MMGCN_official/IEMOCAP_features/IEMOCAP_features.pkl,,configs/benchmarks/causal_unified/pipelines/gsmcc/legacy_mmgcn_features/val_ses03.yaml,high,high,NO,Content-derived classification; no YAML move or edit in Phase 4A.,causal|causal_contract_version|project|dataset|model|execution|run_control|train|evaluation|analysis_tables|single_run_analysis|missing_modalities|multi_run_training_curves|multi_run_final_analysis,causal_gsmcc_inspired,,true,"[""val"", ""test""]",,,,formal,configs/baselines/gsmcc/iemocap/causal_benchmark/val_ses03.yaml,,best_model.pt,"[""causal"", ""causal_contract_version"", ""evaluation"", ""execution"", ""missing_modalities"", ""run_control""]",,,GS-MCC project_variant; not author_official; legacy MMGCN-style feature path/content
configs/pipeline/gsmcc/iemocap/causal_benchmark/val_ses04.yaml,gsmcc,project_variant,iemocap,causal_context,legacy_mmgcn_features,formal,pipeline,YES,YES,NO,NO,NO,NO,YES,NO,NO,YES,scripts/workflows/run_pipeline.py,configs/baselines/gsmcc/iemocap/causal_benchmark/val_ses04.yaml,,third_party/MMGCN_official/IEMOCAP_features/IEMOCAP_features.pkl,,configs/benchmarks/causal_unified/pipelines/gsmcc/legacy_mmgcn_features/val_ses04.yaml,high,high,NO,Content-derived classification; no YAML move or edit in Phase 4A.,causal|causal_contract_version|project|dataset|model|execution|run_control|train|evaluation|analysis_tables|single_run_analysis|missing_modalities|multi_run_training_curves|multi_run_final_analysis,causal_gsmcc_inspired,,true,"[""val"", ""test""]",,,,formal,configs/baselines/gsmcc/iemocap/causal_benchmark/val_ses04.yaml,,best_model.pt,"[""causal"", ""causal_contract_version"", ""evaluation"", ""execution"", ""missing_modalities"", ""run_control""]",,,GS-MCC project_variant; not author_official; legacy MMGCN-style feature path/content
configs/pipeline/mmgcn/iemocap/causal_benchmark/official_prefix.yaml,mmgcn,unified,iemocap,causal_context,legacy_mmgcn_features,formal,pipeline,YES,YES,NO,NO,NO,NO,YES,NO,NO,NO,scripts/workflows/run_pipeline.py,configs/baselines/mmgcn/iemocap/causal_benchmark/official_prefix.yaml,,third_party/MMGCN_official/IEMOCAP_features/IEMOCAP_features.pkl,,configs/benchmarks/causal_unified/pipelines/mmgcn/legacy_mmgcn_features/val_official_prefix.yaml,medium,high,NO,Content-derived classification; no YAML move or edit in Phase 4A.,causal|causal_contract_version|project|dataset|model|execution|run_control|train|evaluation|analysis_tables|single_run_analysis|missing_modalities|multi_run_training_curves|multi_run_final_analysis,MMGCN,,true,"[""val"", ""test""]",,,,formal,configs/baselines/mmgcn/iemocap/causal_benchmark/official_prefix.yaml,,best_model.pt,"[""causal"", ""causal_contract_version"", ""evaluation"", ""execution"", ""missing_modalities"", ""run_control""]",,,legacy MMGCN-style feature path/content
configs/pipeline/mmgcn/iemocap/causal_benchmark/val_ses01.yaml,mmgcn,unified,iemocap,causal_context,legacy_mmgcn_features,formal,pipeline,YES,YES,NO,NO,NO,NO,YES,NO,NO,NO,scripts/workflows/run_pipeline.py,configs/baselines/mmgcn/iemocap/causal_benchmark/val_ses01.yaml,,third_party/MMGCN_official/IEMOCAP_features/IEMOCAP_features.pkl,,configs/benchmarks/causal_unified/pipelines/mmgcn/legacy_mmgcn_features/val_ses01.yaml,medium,high,NO,Content-derived classification; no YAML move or edit in Phase 4A.,causal|causal_contract_version|project|dataset|model|execution|run_control|train|evaluation|analysis_tables|single_run_analysis|missing_modalities|multi_run_training_curves|multi_run_final_analysis,MMGCN,,true,"[""val"", ""test""]",,,,formal,configs/baselines/mmgcn/iemocap/causal_benchmark/val_ses01.yaml,,best_model.pt,"[""causal"", ""causal_contract_version"", ""evaluation"", ""execution"", ""missing_modalities"", ""run_control""]",,,legacy MMGCN-style feature path/content
configs/pipeline/mmgcn/iemocap/causal_benchmark/val_ses02.yaml,mmgcn,unified,iemocap,causal_context,legacy_mmgcn_features,formal,pipeline,YES,YES,NO,NO,NO,NO,YES,NO,NO,NO,scripts/workflows/run_pipeline.py,configs/baselines/mmgcn/iemocap/causal_benchmark/val_ses02.yaml,,third_party/MMGCN_official/IEMOCAP_features/IEMOCAP_features.pkl,,configs/benchmarks/causal_unified/pipelines/mmgcn/legacy_mmgcn_features/val_ses02.yaml,medium,high,NO,Content-derived classification; no YAML move or edit in Phase 4A.,causal|causal_contract_version|project|dataset|model|execution|run_control|train|evaluation|analysis_tables|single_run_analysis|missing_modalities|multi_run_training_curves|multi_run_final_analysis,MMGCN,,true,"[""val"", ""test""]",,,,formal,configs/baselines/mmgcn/iemocap/causal_benchmark/val_ses02.yaml,,best_model.pt,"[""causal"", ""causal_contract_version"", ""evaluation"", ""execution"", ""missing_modalities"", ""run_control""]",,,legacy MMGCN-style feature path/content
configs/pipeline/mmgcn/iemocap/causal_benchmark/val_ses03.yaml,mmgcn,unified,iemocap,causal_context,legacy_mmgcn_features,formal,pipeline,YES,YES,NO,NO,NO,NO,YES,NO,NO,NO,scripts/workflows/run_pipeline.py,configs/baselines/mmgcn/iemocap/causal_benchmark/val_ses03.yaml,,third_party/MMGCN_official/IEMOCAP_features/IEMOCAP_features.pkl,,configs/benchmarks/causal_unified/pipelines/mmgcn/legacy_mmgcn_features/val_ses03.yaml,medium,high,NO,Content-derived classification; no YAML move or edit in Phase 4A.,causal|causal_contract_version|project|dataset|model|execution|run_control|train|evaluation|analysis_tables|single_run_analysis|missing_modalities|multi_run_training_curves|multi_run_final_analysis,MMGCN,,true,"[""val"", ""test""]",,,,formal,configs/baselines/mmgcn/iemocap/causal_benchmark/val_ses03.yaml,,best_model.pt,"[""causal"", ""causal_contract_version"", ""evaluation"", ""execution"", ""missing_modalities"", ""run_control""]",,,legacy MMGCN-style feature path/content
configs/pipeline/mmgcn/iemocap/causal_benchmark/val_ses04.yaml,mmgcn,unified,iemocap,causal_context,legacy_mmgcn_features,formal,pipeline,YES,YES,NO,NO,NO,NO,YES,NO,NO,NO,scripts/workflows/run_pipeline.py,configs/baselines/mmgcn/iemocap/causal_benchmark/val_ses04.yaml,,third_party/MMGCN_official/IEMOCAP_features/IEMOCAP_features.pkl,,configs/benchmarks/causal_unified/pipelines/mmgcn/legacy_mmgcn_features/val_ses04.yaml,medium,high,NO,Content-derived classification; no YAML move or edit in Phase 4A.,causal|causal_contract_version|project|dataset|model|execution|run_control|train|evaluation|analysis_tables|single_run_analysis|missing_modalities|multi_run_training_curves|multi_run_final_analysis,MMGCN,,true,"[""val"", ""test""]",,,,formal,configs/baselines/mmgcn/iemocap/causal_benchmark/val_ses04.yaml,,best_model.pt,"[""causal"", ""causal_contract_version"", ""evaluation"", ""execution"", ""missing_modalities"", ""run_control""]",,,legacy MMGCN-style feature path/content
configs/pipeline/mmgcn/iemocap/clean_roberta_v1/val_ses01.yaml,mmgcn,unified,iemocap,causal_context,clean_roberta_features,formal,pipeline,YES,NO,NO,NO,NO,NO,YES,NO,NO,NO,scripts/workflows/run_pipeline.py,configs/baselines/mmgcn/iemocap/clean_roberta_v1/val_ses01.yaml|configs/pipeline/mmgcn/iemocap/causal_benchmark/val_ses01.yaml,,data/processed/iemocap/IEMOCAP_features_clean_roberta_base_c8b8a37_utterance_mean_v1.pkl,,configs/benchmarks/causal_unified/pipelines/mmgcn/clean_roberta_features/val_ses01.yaml,medium,high,NO,Content-derived classification; no YAML move or edit in Phase 4A.,causal|causal_contract_version|project|dataset|model|protocol|execution|run_control|train|evaluation|analysis_tables|single_run_analysis|missing_modalities|multi_run_training_curves|multi_run_final_analysis|provenance,MMGCN,,true,"[""val"", ""test""]",Ses01,,,formal,configs/baselines/mmgcn/iemocap/clean_roberta_v1/val_ses01.yaml,,best_model.pt,"[""causal"", ""causal_contract_version"", ""evaluation"", ""execution"", ""missing_modalities"", ""protocol"", ""provenance"", ""run_control""]",,,clean RoBERTa protocol/path/content
configs/pipeline/mmgcn/iemocap/clean_roberta_v1/val_ses02.yaml,mmgcn,unified,iemocap,causal_context,clean_roberta_features,formal,pipeline,YES,NO,NO,NO,NO,NO,YES,NO,NO,NO,scripts/workflows/run_pipeline.py,configs/baselines/mmgcn/iemocap/clean_roberta_v1/val_ses02.yaml|configs/pipeline/mmgcn/iemocap/causal_benchmark/val_ses02.yaml,,data/processed/iemocap/IEMOCAP_features_clean_roberta_base_c8b8a37_utterance_mean_v1.pkl,,configs/benchmarks/causal_unified/pipelines/mmgcn/clean_roberta_features/val_ses02.yaml,medium,high,NO,Content-derived classification; no YAML move or edit in Phase 4A.,causal|causal_contract_version|project|dataset|model|protocol|execution|run_control|train|evaluation|analysis_tables|single_run_analysis|missing_modalities|multi_run_training_curves|multi_run_final_analysis|provenance,MMGCN,,true,"[""val"", ""test""]",Ses02,,,formal,configs/baselines/mmgcn/iemocap/clean_roberta_v1/val_ses02.yaml,,best_model.pt,"[""causal"", ""causal_contract_version"", ""evaluation"", ""execution"", ""missing_modalities"", ""protocol"", ""provenance"", ""run_control""]",,,clean RoBERTa protocol/path/content
configs/pipeline/mmgcn/iemocap/clean_roberta_v1/val_ses03.yaml,mmgcn,unified,iemocap,causal_context,clean_roberta_features,formal,pipeline,YES,NO,NO,NO,NO,NO,YES,NO,NO,NO,scripts/workflows/run_pipeline.py,configs/baselines/mmgcn/iemocap/clean_roberta_v1/val_ses03.yaml|configs/pipeline/mmgcn/iemocap/causal_benchmark/val_ses03.yaml,,data/processed/iemocap/IEMOCAP_features_clean_roberta_base_c8b8a37_utterance_mean_v1.pkl,,configs/benchmarks/causal_unified/pipelines/mmgcn/clean_roberta_features/val_ses03.yaml,medium,high,NO,Content-derived classification; no YAML move or edit in Phase 4A.,causal|causal_contract_version|project|dataset|model|protocol|execution|run_control|train|evaluation|analysis_tables|single_run_analysis|missing_modalities|multi_run_training_curves|multi_run_final_analysis|provenance,MMGCN,,true,"[""val"", ""test""]",Ses03,,,formal,configs/baselines/mmgcn/iemocap/clean_roberta_v1/val_ses03.yaml,,best_model.pt,"[""causal"", ""causal_contract_version"", ""evaluation"", ""execution"", ""missing_modalities"", ""protocol"", ""provenance"", ""run_control""]",,,clean RoBERTa protocol/path/content
configs/pipeline/mmgcn/iemocap/clean_roberta_v1/val_ses04.yaml,mmgcn,unified,iemocap,causal_context,clean_roberta_features,formal,pipeline,YES,NO,NO,NO,NO,NO,YES,NO,NO,NO,scripts/workflows/run_pipeline.py,configs/baselines/mmgcn/iemocap/clean_roberta_v1/val_ses04.yaml|configs/pipeline/mmgcn/iemocap/causal_benchmark/val_ses04.yaml,,data/processed/iemocap/IEMOCAP_features_clean_roberta_base_c8b8a37_utterance_mean_v1.pkl,,configs/benchmarks/causal_unified/pipelines/mmgcn/clean_roberta_features/val_ses04.yaml,medium,high,NO,Content-derived classification; no YAML move or edit in Phase 4A.,causal|causal_contract_version|project|dataset|model|protocol|execution|run_control|train|evaluation|analysis_tables|single_run_analysis|missing_modalities|multi_run_training_curves|multi_run_final_analysis|provenance,MMGCN,,true,"[""val"", ""test""]",Ses04,,,formal,configs/baselines/mmgcn/iemocap/clean_roberta_v1/val_ses04.yaml,,best_model.pt,"[""causal"", ""causal_contract_version"", ""evaluation"", ""execution"", ""missing_modalities"", ""protocol"", ""provenance"", ""run_control""]",,,clean RoBERTa protocol/path/content
configs/pipeline/mmgcn_pipeline.yaml,mmgcn,unified,iemocap,full_context,legacy_mmgcn_features,missing_modality,pipeline,YES,NO,NO,NO,YES,YES,NO,NO,NO,NO,scripts/workflows/run_pipeline.py,configs/analysis/multi_run_final_analysis.yaml|configs/analysis/multi_run_training_curves.yaml|configs/train_mmgcn_iemocap_official.yaml,,,,configs/benchmarks/ablations/missing_modality/pipelines/mmgcn/legacy_mmgcn_features/mmgcn_pipeline.yaml,medium,high,NO,Content-derived classification; no YAML move or edit in Phase 4A.,project|dataset|model|train|evaluation|analysis_tables|single_run_analysis|multi_run_training_curves|multi_run_final_analysis|run_control|execution|missing_modalities,MMGCN,,,test,,,,missing_modality,configs/train_mmgcn_iemocap_official.yaml,,best_model.pt,"[""evaluation"", ""execution"", ""missing_modalities"", ""run_control""]",,"[""TAV"", ""TA"", ""TV"", ""AV"", ""T"", ""A"", ""V""]",legacy MMGCN-style feature path/content
configs/pipeline/mmgcn_pipeline_analyze.yaml,mmgcn,unified,iemocap,full_context,legacy_mmgcn_features,analysis,pipeline,YES,NO,NO,YES,NO,NO,NO,NO,NO,NO,scripts/workflows/run_pipeline.py,configs/analysis/multi_run_final_analysis.yaml|configs/analysis/multi_run_training_curves.yaml|configs/train_mmgcn_iemocap_official.yaml,,,,configs/benchmarks/paper/pipelines/mmgcn_pipeline_analyze.yaml,medium,high,NO,Content-derived classification; no YAML move or edit in Phase 4A.,project|dataset|model|train|evaluation|analysis_tables|single_run_analysis|multi_run_training_curves|multi_run_final_analysis|run_control|execution,MMGCN,,,"[""val"", ""test""]",,,,analysis,configs/train_mmgcn_iemocap_official.yaml,,best_model.pt,"[""evaluation"", ""execution"", ""run_control""]",,,legacy MMGCN-style feature path/content
configs/pipeline/mmgcn_pipeline_m3ed.yaml,mmgcn,unified,m3ed,full_context,m3ed_features,missing_modality,pipeline,YES,NO,NO,NO,YES,YES,NO,NO,NO,NO,scripts/workflows/run_pipeline.py,configs/analysis/multi_run_final_analysis.yaml|configs/analysis/multi_run_training_curves.yaml|configs/train_mmgcn_m3ed.yaml,,,,configs/benchmarks/ablations/missing_modality/pipelines/mmgcn/m3ed_features/mmgcn_pipeline_m3ed.yaml,medium,high,NO,Content-derived classification; no YAML move or edit in Phase 4A.,project|dataset|model|train|evaluation|analysis_tables|single_run_analysis|multi_run_training_curves|multi_run_final_analysis|run_control|execution|missing_modalities,MMGCN,,,test,,,,missing_modality,configs/train_mmgcn_m3ed.yaml,,best_model.pt,"[""evaluation"", ""execution"", ""missing_modalities"", ""run_control""]",,"[""TAV"", ""TA"", ""TV"", ""AV"", ""T"", ""A"", ""V""]",
configs/pipeline/multidag_cl/iemocap/causal_benchmark/official_prefix.yaml,multidag_cl,unified,iemocap,causal_context,legacy_mmgcn_features,formal,pipeline,YES,YES,NO,NO,NO,NO,YES,NO,NO,NO,scripts/workflows/run_pipeline.py,configs/baselines/multidag_cl/iemocap/causal_benchmark/official_prefix.yaml,,third_party/MMGCN_official/IEMOCAP_features/IEMOCAP_features.pkl,,configs/benchmarks/causal_unified/pipelines/multidag_cl/legacy_mmgcn_features/val_official_prefix.yaml,medium,high,NO,Content-derived classification; no YAML move or edit in Phase 4A.,causal|causal_contract_version|project|dataset|model|execution|run_control|train|evaluation|analysis_tables|single_run_analysis|missing_modalities|multi_run_training_curves|multi_run_final_analysis,MultiDAGCL,,true,"[""val"", ""test""]",,,,formal,configs/baselines/multidag_cl/iemocap/causal_benchmark/official_prefix.yaml,,best_model.pt,"[""causal"", ""causal_contract_version"", ""evaluation"", ""execution"", ""missing_modalities"", ""run_control""]",,,legacy MMGCN-style feature path/content
configs/pipeline/multidag_cl/iemocap/causal_benchmark/val_ses01.yaml,multidag_cl,unified,iemocap,causal_context,legacy_mmgcn_features,formal,pipeline,YES,YES,NO,NO,NO,NO,YES,NO,NO,NO,scripts/workflows/run_pipeline.py,configs/baselines/multidag_cl/iemocap/causal_benchmark/val_ses01.yaml,,third_party/MMGCN_official/IEMOCAP_features/IEMOCAP_features.pkl,,configs/benchmarks/causal_unified/pipelines/multidag_cl/legacy_mmgcn_features/val_ses01.yaml,medium,high,NO,Content-derived classification; no YAML move or edit in Phase 4A.,causal|causal_contract_version|project|dataset|model|execution|run_control|train|evaluation|analysis_tables|single_run_analysis|missing_modalities|multi_run_training_curves|multi_run_final_analysis,MultiDAGCL,,true,"[""val"", ""test""]",,,,formal,configs/baselines/multidag_cl/iemocap/causal_benchmark/val_ses01.yaml,,best_model.pt,"[""causal"", ""causal_contract_version"", ""evaluation"", ""execution"", ""missing_modalities"", ""run_control""]",,,legacy MMGCN-style feature path/content
configs/pipeline/multidag_cl/iemocap/causal_benchmark/val_ses02.yaml,multidag_cl,unified,iemocap,causal_context,legacy_mmgcn_features,formal,pipeline,YES,YES,NO,NO,NO,NO,YES,NO,NO,NO,scripts/workflows/run_pipeline.py,configs/baselines/multidag_cl/iemocap/causal_benchmark/val_ses02.yaml,,third_party/MMGCN_official/IEMOCAP_features/IEMOCAP_features.pkl,,configs/benchmarks/causal_unified/pipelines/multidag_cl/legacy_mmgcn_features/val_ses02.yaml,medium,high,NO,Content-derived classification; no YAML move or edit in Phase 4A.,causal|causal_contract_version|project|dataset|model|execution|run_control|train|evaluation|analysis_tables|single_run_analysis|missing_modalities|multi_run_training_curves|multi_run_final_analysis,MultiDAGCL,,true,"[""val"", ""test""]",,,,formal,configs/baselines/multidag_cl/iemocap/causal_benchmark/val_ses02.yaml,,best_model.pt,"[""causal"", ""causal_contract_version"", ""evaluation"", ""execution"", ""missing_modalities"", ""run_control""]",,,legacy MMGCN-style feature path/content
configs/pipeline/multidag_cl/iemocap/causal_benchmark/val_ses03.yaml,multidag_cl,unified,iemocap,causal_context,legacy_mmgcn_features,formal,pipeline,YES,YES,NO,NO,NO,NO,YES,NO,NO,NO,scripts/workflows/run_pipeline.py,configs/baselines/multidag_cl/iemocap/causal_benchmark/val_ses03.yaml,,third_party/MMGCN_official/IEMOCAP_features/IEMOCAP_features.pkl,,configs/benchmarks/causal_unified/pipelines/multidag_cl/legacy_mmgcn_features/val_ses03.yaml,medium,high,NO,Content-derived classification; no YAML move or edit in Phase 4A.,causal|causal_contract_version|project|dataset|model|execution|run_control|train|evaluation|analysis_tables|single_run_analysis|missing_modalities|multi_run_training_curves|multi_run_final_analysis,MultiDAGCL,,true,"[""val"", ""test""]",,,,formal,configs/baselines/multidag_cl/iemocap/causal_benchmark/val_ses03.yaml,,best_model.pt,"[""causal"", ""causal_contract_version"", ""evaluation"", ""execution"", ""missing_modalities"", ""run_control""]",,,legacy MMGCN-style feature path/content
configs/pipeline/multidag_cl/iemocap/causal_benchmark/val_ses04.yaml,multidag_cl,unified,iemocap,causal_context,legacy_mmgcn_features,formal,pipeline,YES,YES,NO,NO,NO,NO,YES,NO,NO,NO,scripts/workflows/run_pipeline.py,configs/baselines/multidag_cl/iemocap/causal_benchmark/val_ses04.yaml,,third_party/MMGCN_official/IEMOCAP_features/IEMOCAP_features.pkl,,configs/benchmarks/causal_unified/pipelines/multidag_cl/legacy_mmgcn_features/val_ses04.yaml,medium,high,NO,Content-derived classification; no YAML move or edit in Phase 4A.,causal|causal_contract_version|project|dataset|model|execution|run_control|train|evaluation|analysis_tables|single_run_analysis|missing_modalities|multi_run_training_curves|multi_run_final_analysis,MultiDAGCL,,true,"[""val"", ""test""]",,,,formal,configs/baselines/multidag_cl/iemocap/causal_benchmark/val_ses04.yaml,,best_model.pt,"[""causal"", ""causal_contract_version"", ""evaluation"", ""execution"", ""missing_modalities"", ""run_control""]",,,legacy MMGCN-style feature path/content
configs/pipeline/multidag_cl/iemocap/clean_roberta_v1/val_ses01.yaml,multidag_cl,unified,iemocap,causal_context,clean_roberta_features,formal,pipeline,YES,NO,NO,NO,NO,NO,YES,NO,NO,NO,scripts/workflows/run_pipeline.py,configs/baselines/multidag_cl/iemocap/clean_roberta_v1/val_ses01.yaml|configs/pipeline/multidag_cl/iemocap/causal_benchmark/val_ses01.yaml,,data/processed/iemocap/IEMOCAP_features_clean_roberta_base_c8b8a37_utterance_mean_v1.pkl,,configs/benchmarks/causal_unified/pipelines/multidag_cl/clean_roberta_features/val_ses01.yaml,medium,high,NO,Content-derived classification; no YAML move or edit in Phase 4A.,causal|causal_contract_version|project|dataset|model|protocol|execution|run_control|train|evaluation|analysis_tables|single_run_analysis|missing_modalities|multi_run_training_curves|multi_run_final_analysis|provenance,MultiDAGCL,,true,"[""val"", ""test""]",Ses01,,,formal,configs/baselines/multidag_cl/iemocap/clean_roberta_v1/val_ses01.yaml,,best_model.pt,"[""causal"", ""causal_contract_version"", ""evaluation"", ""execution"", ""missing_modalities"", ""protocol"", ""provenance"", ""run_control""]",,,clean RoBERTa protocol/path/content
configs/pipeline/multidag_cl/iemocap/clean_roberta_v1/val_ses02.yaml,multidag_cl,unified,iemocap,causal_context,clean_roberta_features,formal,pipeline,YES,NO,NO,NO,NO,NO,YES,NO,NO,NO,scripts/workflows/run_pipeline.py,configs/baselines/multidag_cl/iemocap/clean_roberta_v1/val_ses02.yaml|configs/pipeline/multidag_cl/iemocap/causal_benchmark/val_ses02.yaml,,data/processed/iemocap/IEMOCAP_features_clean_roberta_base_c8b8a37_utterance_mean_v1.pkl,,configs/benchmarks/causal_unified/pipelines/multidag_cl/clean_roberta_features/val_ses02.yaml,medium,high,NO,Content-derived classification; no YAML move or edit in Phase 4A.,causal|causal_contract_version|project|dataset|model|protocol|execution|run_control|train|evaluation|analysis_tables|single_run_analysis|missing_modalities|multi_run_training_curves|multi_run_final_analysis|provenance,MultiDAGCL,,true,"[""val"", ""test""]",Ses02,,,formal,configs/baselines/multidag_cl/iemocap/clean_roberta_v1/val_ses02.yaml,,best_model.pt,"[""causal"", ""causal_contract_version"", ""evaluation"", ""execution"", ""missing_modalities"", ""protocol"", ""provenance"", ""run_control""]",,,clean RoBERTa protocol/path/content
configs/pipeline/multidag_cl/iemocap/clean_roberta_v1/val_ses03.yaml,multidag_cl,unified,iemocap,causal_context,clean_roberta_features,formal,pipeline,YES,NO,NO,NO,NO,NO,YES,NO,NO,NO,scripts/workflows/run_pipeline.py,configs/baselines/multidag_cl/iemocap/clean_roberta_v1/val_ses03.yaml|configs/pipeline/multidag_cl/iemocap/causal_benchmark/val_ses03.yaml,,data/processed/iemocap/IEMOCAP_features_clean_roberta_base_c8b8a37_utterance_mean_v1.pkl,,configs/benchmarks/causal_unified/pipelines/multidag_cl/clean_roberta_features/val_ses03.yaml,medium,high,NO,Content-derived classification; no YAML move or edit in Phase 4A.,causal|causal_contract_version|project|dataset|model|protocol|execution|run_control|train|evaluation|analysis_tables|single_run_analysis|missing_modalities|multi_run_training_curves|multi_run_final_analysis|provenance,MultiDAGCL,,true,"[""val"", ""test""]",Ses03,,,formal,configs/baselines/multidag_cl/iemocap/clean_roberta_v1/val_ses03.yaml,,best_model.pt,"[""causal"", ""causal_contract_version"", ""evaluation"", ""execution"", ""missing_modalities"", ""protocol"", ""provenance"", ""run_control""]",,,clean RoBERTa protocol/path/content
configs/pipeline/multidag_cl/iemocap/clean_roberta_v1/val_ses04.yaml,multidag_cl,unified,iemocap,causal_context,clean_roberta_features,formal,pipeline,YES,NO,NO,NO,NO,NO,YES,NO,NO,NO,scripts/workflows/run_pipeline.py,configs/baselines/multidag_cl/iemocap/clean_roberta_v1/val_ses04.yaml|configs/pipeline/multidag_cl/iemocap/causal_benchmark/val_ses04.yaml,,data/processed/iemocap/IEMOCAP_features_clean_roberta_base_c8b8a37_utterance_mean_v1.pkl,,configs/benchmarks/causal_unified/pipelines/multidag_cl/clean_roberta_features/val_ses04.yaml,medium,high,NO,Content-derived classification; no YAML move or edit in Phase 4A.,causal|causal_contract_version|project|dataset|model|protocol|execution|run_control|train|evaluation|analysis_tables|single_run_analysis|missing_modalities|multi_run_training_curves|multi_run_final_analysis|provenance,MultiDAGCL,,true,"[""val"", ""test""]",Ses04,,,formal,configs/baselines/multidag_cl/iemocap/clean_roberta_v1/val_ses04.yaml,,best_model.pt,"[""causal"", ""causal_contract_version"", ""evaluation"", ""execution"", ""missing_modalities"", ""protocol"", ""provenance"", ""run_control""]",,,clean RoBERTa protocol/path/content
configs/pipeline/multidag_cl/iemocap/debug/context_past_all_causal_tav_smoke.yaml,multidag_cl,unified,iemocap,causal_context,legacy_mmgcn_features,formal,pipeline,YES,NO,YES,NO,NO,NO,YES,NO,NO,NO,scripts/workflows/run_pipeline.py,configs/baselines/multidag_cl/iemocap/debug/context_past_all_causal_tav_smoke.yaml,,,,configs/benchmarks/causal_unified/pipelines/multidag_cl/legacy_mmgcn_features/context_past_all_causal_tav_smoke.yaml,medium,high,NO,Smoke evidence: pipeline identity and referenced train config mark smoke and evaluation.max_batches=2; purpose remains formal.,project|dataset|model|execution|run_control|train|evaluation|analysis_tables|single_run_analysis|missing_modalities|multi_run_training_curves|multi_run_final_analysis,MultiDAGCL,,,"[""val"", ""test""]",,,,formal,configs/baselines/multidag_cl/iemocap/debug/context_past_all_causal_tav_smoke.yaml,,best_model.pt,"[""evaluation"", ""execution"", ""missing_modalities"", ""run_control""]",,,legacy MMGCN-style feature path/content
configs/pipeline/multidag_cl/iemocap/debug/context_w5_tav_quick.yaml,multidag_cl,unified,iemocap,causal_context,legacy_mmgcn_features,formal,pipeline,YES,NO,NO,NO,NO,NO,YES,NO,NO,NO,scripts/workflows/run_pipeline.py,configs/baselines/multidag_cl/iemocap/debug/context_w5_tav_quick.yaml,,,,configs/benchmarks/causal_unified/pipelines/multidag_cl/legacy_mmgcn_features/context_w5_tav_quick.yaml,medium,high,NO,Content-derived classification; no YAML move or edit in Phase 4A.,project|dataset|model|execution|run_control|train|evaluation|analysis_tables|single_run_analysis|missing_modalities|multi_run_training_curves|multi_run_final_analysis,MultiDAGCL,,,"[""val"", ""test""]",,,,formal,configs/baselines/multidag_cl/iemocap/debug/context_w5_tav_quick.yaml,,best_model.pt,"[""evaluation"", ""execution"", ""missing_modalities"", ""run_control""]",,,legacy MMGCN-style feature path/content
configs/pipeline/multidag_cl/iemocap/debug/context_w5_tav_smoke.yaml,multidag_cl,unified,iemocap,causal_context,legacy_mmgcn_features,formal,pipeline,YES,NO,YES,NO,NO,NO,YES,NO,NO,NO,scripts/workflows/run_pipeline.py,configs/baselines/multidag_cl/iemocap/debug/context_w5_tav_smoke.yaml,,,,configs/benchmarks/causal_unified/pipelines/multidag_cl/legacy_mmgcn_features/context_w5_tav_smoke.yaml,medium,high,NO,Smoke evidence: pipeline identity and referenced train config mark smoke and evaluation.max_batches=2; purpose remains formal.,project|dataset|model|execution|run_control|train|evaluation|analysis_tables|single_run_analysis|missing_modalities|multi_run_training_curves|multi_run_final_analysis,MultiDAGCL,,,"[""val"", ""test""]",,,,formal,configs/baselines/multidag_cl/iemocap/debug/context_w5_tav_smoke.yaml,,best_model.pt,"[""evaluation"", ""execution"", ""missing_modalities"", ""run_control""]",,,legacy MMGCN-style feature path/content
configs/pipeline/multidag_cl/iemocap/formal/context_past_all_causal_tav.yaml,multidag_cl,unified,iemocap,causal_context,legacy_mmgcn_features,context_ablation,pipeline,YES,NO,NO,NO,YES,NO,YES,NO,NO,NO,scripts/workflows/run_pipeline.py,configs/baselines/multidag_cl/iemocap/formal/context_past_all_causal_tav.yaml,,,,configs/benchmarks/ablations/context/pipelines/multidag_cl/context_past_all_causal_tav.yaml,medium,high,NO,Content-derived classification; no YAML move or edit in Phase 4A.,project|dataset|model|execution|run_control|train|evaluation|analysis_tables|single_run_analysis|missing_modalities|multi_run_training_curves|multi_run_final_analysis,MultiDAGCL,,,"[""val"", ""test""]",,,,context_ablation,configs/baselines/multidag_cl/iemocap/formal/context_past_all_causal_tav.yaml,,best_model.pt,"[""evaluation"", ""execution"", ""missing_modalities"", ""run_control""]",,,legacy MMGCN-style feature path/content
configs/pipeline/multidag_cl/iemocap/formal/context_w0_tav.yaml,multidag_cl,unified,iemocap,causal_context,legacy_mmgcn_features,context_ablation,pipeline,YES,NO,NO,NO,YES,NO,YES,NO,NO,NO,scripts/workflows/run_pipeline.py,configs/baselines/multidag_cl/iemocap/formal/context_w0_tav.yaml,,,,configs/benchmarks/ablations/context/pipelines/multidag_cl/context_w0_tav.yaml,medium,high,NO,Content-derived classification; no YAML move or edit in Phase 4A.,project|dataset|model|execution|run_control|train|evaluation|analysis_tables|single_run_analysis|missing_modalities|multi_run_training_curves|multi_run_final_analysis,MultiDAGCL,,,"[""val"", ""test""]",,,,context_ablation,configs/baselines/multidag_cl/iemocap/formal/context_w0_tav.yaml,,best_model.pt,"[""evaluation"", ""execution"", ""missing_modalities"", ""run_control""]",,,legacy MMGCN-style feature path/content
configs/pipeline/multidag_cl/iemocap/formal/context_w1_tav.yaml,multidag_cl,unified,iemocap,causal_context,legacy_mmgcn_features,context_ablation,pipeline,YES,NO,NO,NO,YES,NO,YES,NO,NO,NO,scripts/workflows/run_pipeline.py,configs/baselines/multidag_cl/iemocap/formal/context_w1_tav.yaml,,,,configs/benchmarks/ablations/context/pipelines/multidag_cl/context_w1_tav.yaml,medium,high,NO,Content-derived classification; no YAML move or edit in Phase 4A.,project|dataset|model|execution|run_control|train|evaluation|analysis_tables|single_run_analysis|missing_modalities|multi_run_training_curves|multi_run_final_analysis,MultiDAGCL,,,"[""val"", ""test""]",,,,context_ablation,configs/baselines/multidag_cl/iemocap/formal/context_w1_tav.yaml,,best_model.pt,"[""evaluation"", ""execution"", ""missing_modalities"", ""run_control""]",,,legacy MMGCN-style feature path/content
configs/pipeline/multidag_cl/iemocap/formal/context_w3_tav.yaml,multidag_cl,unified,iemocap,causal_context,legacy_mmgcn_features,context_ablation,pipeline,YES,NO,NO,NO,YES,NO,YES,NO,NO,NO,scripts/workflows/run_pipeline.py,configs/baselines/multidag_cl/iemocap/formal/context_w3_tav.yaml,,,,configs/benchmarks/ablations/context/pipelines/multidag_cl/context_w3_tav.yaml,medium,high,NO,Content-derived classification; no YAML move or edit in Phase 4A.,project|dataset|model|execution|run_control|train|evaluation|analysis_tables|single_run_analysis|missing_modalities|multi_run_training_curves|multi_run_final_analysis,MultiDAGCL,,,"[""val"", ""test""]",,,,context_ablation,configs/baselines/multidag_cl/iemocap/formal/context_w3_tav.yaml,,best_model.pt,"[""evaluation"", ""execution"", ""missing_modalities"", ""run_control""]",,,legacy MMGCN-style feature path/content
configs/pipeline/multidag_cl/iemocap/formal/context_w5_tav.yaml,multidag_cl,unified,iemocap,causal_context,legacy_mmgcn_features,context_ablation,pipeline,YES,NO,NO,NO,YES,NO,YES,NO,NO,NO,scripts/workflows/run_pipeline.py,configs/baselines/multidag_cl/iemocap/formal/context_w5_tav.yaml,,,,configs/benchmarks/ablations/context/pipelines/multidag_cl/context_w5_tav.yaml,high,high,NO,Distinct context-ablation pipeline identity retained; candidate path is unique after correcting path generation; no YAML move or edit.,project|dataset|model|execution|run_control|train|evaluation|analysis_tables|single_run_analysis|missing_modalities|multi_run_training_curves|multi_run_final_analysis,MultiDAGCL,,,"[""val"", ""test""]",,,,context_ablation,configs/baselines/multidag_cl/iemocap/formal/context_w5_tav.yaml,,best_model.pt,"[""evaluation"", ""execution"", ""missing_modalities"", ""run_control""]",,,legacy MMGCN-style feature path/content
configs/pipeline/multidag_cl/iemocap/formal/modality_w5_a.yaml,multidag_cl,unified,iemocap,causal_context,legacy_mmgcn_features,modality_ablation,pipeline,YES,NO,NO,NO,YES,NO,YES,NO,NO,NO,scripts/workflows/run_pipeline.py,configs/baselines/multidag_cl/iemocap/formal/modality_w5_a.yaml,,,,configs/benchmarks/ablations/modality/pipelines/multidag_cl/modality_w5_a.yaml,medium,high,NO,Content-derived classification; no YAML move or edit in Phase 4A.,project|dataset|model|execution|run_control|train|evaluation|analysis_tables|single_run_analysis|missing_modalities|multi_run_training_curves|multi_run_final_analysis,MultiDAGCL,,,"[""val"", ""test""]",,,,modality_ablation,configs/baselines/multidag_cl/iemocap/formal/modality_w5_a.yaml,,best_model.pt,"[""evaluation"", ""execution"", ""missing_modalities"", ""run_control""]",,,legacy MMGCN-style feature path/content
configs/pipeline/multidag_cl/iemocap/formal/modality_w5_av.yaml,multidag_cl,unified,iemocap,causal_context,legacy_mmgcn_features,modality_ablation,pipeline,YES,NO,NO,NO,YES,NO,YES,NO,NO,NO,scripts/workflows/run_pipeline.py,configs/baselines/multidag_cl/iemocap/formal/modality_w5_av.yaml,,,,configs/benchmarks/ablations/modality/pipelines/multidag_cl/modality_w5_av.yaml,medium,high,NO,Content-derived classification; no YAML move or edit in Phase 4A.,project|dataset|model|execution|run_control|train|evaluation|analysis_tables|single_run_analysis|missing_modalities|multi_run_training_curves|multi_run_final_analysis,MultiDAGCL,,,"[""val"", ""test""]",,,,modality_ablation,configs/baselines/multidag_cl/iemocap/formal/modality_w5_av.yaml,,best_model.pt,"[""evaluation"", ""execution"", ""missing_modalities"", ""run_control""]",,,legacy MMGCN-style feature path/content
configs/pipeline/multidag_cl/iemocap/formal/modality_w5_t.yaml,multidag_cl,unified,iemocap,causal_context,legacy_mmgcn_features,modality_ablation,pipeline,YES,NO,NO,NO,YES,NO,YES,NO,NO,NO,scripts/workflows/run_pipeline.py,configs/baselines/multidag_cl/iemocap/formal/modality_w5_t.yaml,,,,configs/benchmarks/ablations/modality/pipelines/multidag_cl/modality_w5_t.yaml,medium,high,NO,Content-derived classification; no YAML move or edit in Phase 4A.,project|dataset|model|execution|run_control|train|evaluation|analysis_tables|single_run_analysis|missing_modalities|multi_run_training_curves|multi_run_final_analysis,MultiDAGCL,,,"[""val"", ""test""]",,,,modality_ablation,configs/baselines/multidag_cl/iemocap/formal/modality_w5_t.yaml,,best_model.pt,"[""evaluation"", ""execution"", ""missing_modalities"", ""run_control""]",,,legacy MMGCN-style feature path/content
configs/pipeline/multidag_cl/iemocap/formal/modality_w5_ta.yaml,multidag_cl,unified,iemocap,causal_context,legacy_mmgcn_features,modality_ablation,pipeline,YES,NO,NO,NO,YES,NO,YES,NO,NO,NO,scripts/workflows/run_pipeline.py,configs/baselines/multidag_cl/iemocap/formal/modality_w5_ta.yaml,,,,configs/benchmarks/ablations/modality/pipelines/multidag_cl/modality_w5_ta.yaml,medium,high,NO,Content-derived classification; no YAML move or edit in Phase 4A.,project|dataset|model|execution|run_control|train|evaluation|analysis_tables|single_run_analysis|missing_modalities|multi_run_training_curves|multi_run_final_analysis,MultiDAGCL,,,"[""val"", ""test""]",,,,modality_ablation,configs/baselines/multidag_cl/iemocap/formal/modality_w5_ta.yaml,,best_model.pt,"[""evaluation"", ""execution"", ""missing_modalities"", ""run_control""]",,,legacy MMGCN-style feature path/content
configs/pipeline/multidag_cl/iemocap/formal/modality_w5_tav.yaml,multidag_cl,unified,iemocap,causal_context,legacy_mmgcn_features,modality_ablation,pipeline,YES,NO,NO,NO,YES,NO,YES,NO,NO,NO,scripts/workflows/run_pipeline.py,configs/baselines/multidag_cl/iemocap/formal/modality_w5_tav.yaml,,,,configs/benchmarks/ablations/modality/pipelines/multidag_cl/modality_w5_tav.yaml,high,high,NO,Distinct modality-ablation pipeline identity retained; candidate path is unique after correcting path generation; no YAML move or edit.,project|dataset|model|execution|run_control|train|evaluation|analysis_tables|single_run_analysis|missing_modalities|multi_run_training_curves|multi_run_final_analysis,MultiDAGCL,,,"[""val"", ""test""]",,,,modality_ablation,configs/baselines/multidag_cl/iemocap/formal/modality_w5_tav.yaml,,best_model.pt,"[""evaluation"", ""execution"", ""missing_modalities"", ""run_control""]",,,legacy MMGCN-style feature path/content
configs/pipeline/multidag_cl/iemocap/formal/modality_w5_tv.yaml,multidag_cl,unified,iemocap,causal_context,legacy_mmgcn_features,modality_ablation,pipeline,YES,NO,NO,NO,YES,NO,YES,NO,NO,NO,scripts/workflows/run_pipeline.py,configs/baselines/multidag_cl/iemocap/formal/modality_w5_tv.yaml,,,,configs/benchmarks/ablations/modality/pipelines/multidag_cl/modality_w5_tv.yaml,medium,high,NO,Content-derived classification; no YAML move or edit in Phase 4A.,project|dataset|model|execution|run_control|train|evaluation|analysis_tables|single_run_analysis|missing_modalities|multi_run_training_curves|multi_run_final_analysis,MultiDAGCL,,,"[""val"", ""test""]",,,,modality_ablation,configs/baselines/multidag_cl/iemocap/formal/modality_w5_tv.yaml,,best_model.pt,"[""evaluation"", ""execution"", ""missing_modalities"", ""run_control""]",,,legacy MMGCN-style feature path/content
configs/pipeline/multidag_cl/iemocap/formal/modality_w5_v.yaml,multidag_cl,unified,iemocap,causal_context,legacy_mmgcn_features,modality_ablation,pipeline,YES,NO,NO,NO,YES,NO,YES,NO,NO,NO,scripts/workflows/run_pipeline.py,configs/baselines/multidag_cl/iemocap/formal/modality_w5_v.yaml,,,,configs/benchmarks/ablations/modality/pipelines/multidag_cl/modality_w5_v.yaml,medium,high,NO,Content-derived classification; no YAML move or edit in Phase 4A.,project|dataset|model|execution|run_control|train|evaluation|analysis_tables|single_run_analysis|missing_modalities|multi_run_training_curves|multi_run_final_analysis,MultiDAGCL,,,"[""val"", ""test""]",,,,modality_ablation,configs/baselines/multidag_cl/iemocap/formal/modality_w5_v.yaml,,best_model.pt,"[""evaluation"", ""execution"", ""missing_modalities"", ""run_control""]",,,legacy MMGCN-style feature path/content
configs/pipeline/multidag_cl/iemocap/loss_stability/context_w5_tav_stable_lr3e4_cosine.yaml,multidag_cl,unified,iemocap,causal_context,legacy_mmgcn_features,stability_ablation,pipeline,YES,NO,NO,NO,YES,NO,NO,NO,NO,NO,scripts/workflows/run_pipeline.py,configs/baselines/multidag_cl/iemocap/loss_stability/context_w5_tav_stable_lr3e4_cosine.yaml,,,,configs/benchmarks/ablations/stability/pipelines/multidag_cl/context_w5_tav_stable_lr3e4_cosine.yaml,medium,high,NO,Content-derived classification; no YAML move or edit in Phase 4A.,project|dataset|model|execution|run_control|train|evaluation|analysis_tables|single_run_analysis|missing_modalities|multi_run_training_curves|multi_run_final_analysis,MultiDAGCL,,,"[""val"", ""test""]",,,,stability_ablation,configs/baselines/multidag_cl/iemocap/loss_stability/context_w5_tav_stable_lr3e4_cosine.yaml,,best_model.pt,"[""evaluation"", ""execution"", ""missing_modalities"", ""run_control""]",,,legacy MMGCN-style feature path/content
configs/pipeline/multidag_cl/iemocap/loss_stability/context_w5_tav_stable_lr3e4_earlystop_valloss.yaml,multidag_cl,unified,iemocap,causal_context,legacy_mmgcn_features,stability_ablation,pipeline,YES,NO,NO,NO,YES,NO,NO,NO,NO,NO,scripts/workflows/run_pipeline.py,configs/baselines/multidag_cl/iemocap/loss_stability/context_w5_tav_stable_lr3e4_earlystop_valloss.yaml,,,,configs/benchmarks/ablations/stability/pipelines/multidag_cl/context_w5_tav_stable_lr3e4_earlystop_valloss.yaml,medium,high,NO,Content-derived classification; no YAML move or edit in Phase 4A.,project|dataset|model|execution|run_control|train|evaluation|analysis_tables|single_run_analysis|missing_modalities|multi_run_training_curves|multi_run_final_analysis,MultiDAGCL,,,"[""val"", ""test""]",,,,stability_ablation,configs/baselines/multidag_cl/iemocap/loss_stability/context_w5_tav_stable_lr3e4_earlystop_valloss.yaml,,best_model.pt,"[""evaluation"", ""execution"", ""missing_modalities"", ""run_control""]",,,legacy MMGCN-style feature path/content
configs/pipeline/multidag_cl/iemocap/loss_stability/context_w5_tav_stable_lr3e4_label_smoothing005.yaml,multidag_cl,unified,iemocap,causal_context,legacy_mmgcn_features,stability_ablation,pipeline,YES,NO,NO,NO,YES,NO,NO,NO,NO,NO,scripts/workflows/run_pipeline.py,configs/baselines/multidag_cl/iemocap/loss_stability/context_w5_tav_stable_lr3e4_label_smoothing005.yaml,,,,configs/benchmarks/ablations/stability/pipelines/multidag_cl/context_w5_tav_stable_lr3e4_label_smoothing005.yaml,medium,high,NO,Content-derived classification; no YAML move or edit in Phase 4A.,project|dataset|model|execution|run_control|train|evaluation|analysis_tables|single_run_analysis|missing_modalities|multi_run_training_curves|multi_run_final_analysis,MultiDAGCL,,,"[""val"", ""test""]",,,,stability_ablation,configs/baselines/multidag_cl/iemocap/loss_stability/context_w5_tav_stable_lr3e4_label_smoothing005.yaml,,best_model.pt,"[""evaluation"", ""execution"", ""missing_modalities"", ""run_control""]",,,legacy MMGCN-style feature path/content
configs/pipeline/multidag_cl/iemocap/loss_stability/context_w5_tav_stable_lr3e4_plateau_valloss.yaml,multidag_cl,unified,iemocap,causal_context,legacy_mmgcn_features,stability_ablation,pipeline,YES,NO,NO,NO,YES,NO,NO,NO,NO,NO,scripts/workflows/run_pipeline.py,configs/baselines/multidag_cl/iemocap/loss_stability/context_w5_tav_stable_lr3e4_plateau_valloss.yaml,,,,configs/benchmarks/ablations/stability/pipelines/multidag_cl/context_w5_tav_stable_lr3e4_plateau_valloss.yaml,medium,high,NO,Content-derived classification; no YAML move or edit in Phase 4A.,project|dataset|model|execution|run_control|train|evaluation|analysis_tables|single_run_analysis|missing_modalities|multi_run_training_curves|multi_run_final_analysis,MultiDAGCL,,,"[""val"", ""test""]",,,,stability_ablation,configs/baselines/multidag_cl/iemocap/loss_stability/context_w5_tav_stable_lr3e4_plateau_valloss.yaml,,best_model.pt,"[""evaluation"", ""execution"", ""missing_modalities"", ""run_control""]",,,legacy MMGCN-style feature path/content
configs/pipeline/multidag_cl/iemocap/loss_stability/context_w5_tav_stable_lr5e4_plateau_valloss.yaml,multidag_cl,unified,iemocap,causal_context,legacy_mmgcn_features,stability_ablation,pipeline,YES,NO,NO,NO,YES,NO,NO,NO,NO,NO,scripts/workflows/run_pipeline.py,configs/baselines/multidag_cl/iemocap/loss_stability/context_w5_tav_stable_lr5e4_plateau_valloss.yaml,,,,configs/benchmarks/ablations/stability/pipelines/multidag_cl/context_w5_tav_stable_lr5e4_plateau_valloss.yaml,medium,high,NO,Content-derived classification; no YAML move or edit in Phase 4A.,project|dataset|model|execution|run_control|train|evaluation|analysis_tables|single_run_analysis|missing_modalities|multi_run_training_curves|multi_run_final_analysis,MultiDAGCL,,,"[""val"", ""test""]",,,,stability_ablation,configs/baselines/multidag_cl/iemocap/loss_stability/context_w5_tav_stable_lr5e4_plateau_valloss.yaml,,best_model.pt,"[""evaluation"", ""execution"", ""missing_modalities"", ""run_control""]",,,legacy MMGCN-style feature path/content
configs/pipeline/multidag_cl/iemocap/missing/missing_eval_from_context_w5_tav.yaml,multidag_cl,unified,iemocap,causal_context,legacy_mmgcn_features,missing_modality,pipeline,YES,NO,NO,NO,YES,YES,NO,NO,NO,NO,scripts/workflows/run_pipeline.py,configs/benchmarks/ablations/context/pipelines/multidag_cl/context_w5_tav.yaml,,,,configs/benchmarks/ablations/missing_modality/pipelines/multidag_cl/legacy_mmgcn_features/missing_eval_from_context_w5_tav.yaml,high,high,NO,Collision resolved for Config Batch 7: retain this independent missing-modality config for the original formal context_w5_tav source run; referenced_configs records the source pipeline and the canonical filename preserves the distinct run semantics.,project|dataset|model|execution|run_control|train|evaluation|analysis_tables|single_run_analysis|missing_modalities|multi_run_training_curves|multi_run_final_analysis,MultiDAGCL,,,test,,,,missing_modality,,,best_model.pt,"[""evaluation"", ""execution"", ""missing_modalities"", ""run_control""]",,"[""TAV"", ""TA"", ""TV"", ""AV"", ""T"", ""A"", ""V"", ""missing_text"", ""missing_audio"", ""missing_visual""]",legacy MMGCN-style feature path/content
configs/pipeline/multidag_cl/iemocap/missing/missing_eval_from_stable_context_w5_tav.yaml,multidag_cl,unified,iemocap,causal_context,legacy_mmgcn_features,missing_modality,pipeline,YES,NO,NO,NO,YES,YES,NO,NO,NO,NO,scripts/workflows/run_pipeline.py,configs/benchmarks/ablations/stability/pipelines/multidag_cl/context_w5_tav_stable_candidate.yaml,,,,configs/benchmarks/ablations/missing_modality/pipelines/multidag_cl/legacy_mmgcn_features/missing_eval_from_stable_context_w5_tav.yaml,high,high,NO,Collision resolved for Config Batch 7: retain this independent missing-modality config for the stable context_w5_tav source run; referenced_configs records the source pipeline and the canonical filename preserves the distinct run semantics.,project|dataset|model|execution|run_control|train|evaluation|analysis_tables|single_run_analysis|missing_modalities|multi_run_training_curves|multi_run_final_analysis,MultiDAGCL,,,test,,,,missing_modality,,,best_model.pt,"[""evaluation"", ""execution"", ""missing_modalities"", ""run_control""]",,"[""TAV"", ""TA"", ""TV"", ""AV"", ""T"", ""A"", ""V"", ""missing_text"", ""missing_audio"", ""missing_visual""]",legacy MMGCN-style feature path/content
configs/pipeline/multidag_cl/iemocap/stabilize/context_past_all_causal_tav_stable_candidate.yaml,multidag_cl,unified,iemocap,causal_context,legacy_mmgcn_features,stability_ablation,pipeline,YES,NO,NO,NO,YES,NO,NO,NO,NO,NO,scripts/workflows/run_pipeline.py,configs/baselines/multidag_cl/iemocap/stabilize/context_past_all_causal_tav_stable_candidate.yaml,,,,configs/benchmarks/ablations/stability/pipelines/multidag_cl/context_past_all_causal_tav_stable_candidate.yaml,medium,high,NO,Content-derived classification; no YAML move or edit in Phase 4A.,project|dataset|model|execution|run_control|train|evaluation|analysis_tables|single_run_analysis|missing_modalities|multi_run_training_curves|multi_run_final_analysis,MultiDAGCL,,,"[""val"", ""test""]",,,,stability_ablation,configs/baselines/multidag_cl/iemocap/stabilize/context_past_all_causal_tav_stable_candidate.yaml,,best_model.pt,"[""evaluation"", ""execution"", ""missing_modalities"", ""run_control""]",,,legacy MMGCN-style feature path/content
configs/pipeline/multidag_cl/iemocap/stabilize/context_w0_tav_stable_candidate.yaml,multidag_cl,unified,iemocap,causal_context,legacy_mmgcn_features,stability_ablation,pipeline,YES,NO,NO,NO,YES,NO,NO,NO,NO,NO,scripts/workflows/run_pipeline.py,configs/baselines/multidag_cl/iemocap/stabilize/context_w0_tav_stable_candidate.yaml,,,,configs/benchmarks/ablations/stability/pipelines/multidag_cl/context_w0_tav_stable_candidate.yaml,medium,high,NO,Content-derived classification; no YAML move or edit in Phase 4A.,project|dataset|model|execution|run_control|train|evaluation|analysis_tables|single_run_analysis|missing_modalities|multi_run_training_curves|multi_run_final_analysis,MultiDAGCL,,,"[""val"", ""test""]",,,,stability_ablation,configs/baselines/multidag_cl/iemocap/stabilize/context_w0_tav_stable_candidate.yaml,,best_model.pt,"[""evaluation"", ""execution"", ""missing_modalities"", ""run_control""]",,,legacy MMGCN-style feature path/content
configs/pipeline/multidag_cl/iemocap/stabilize/context_w3_tav_stable_candidate.yaml,multidag_cl,unified,iemocap,causal_context,legacy_mmgcn_features,stability_ablation,pipeline,YES,NO,NO,NO,YES,NO,NO,NO,NO,NO,scripts/workflows/run_pipeline.py,configs/baselines/multidag_cl/iemocap/stabilize/context_w3_tav_stable_candidate.yaml,,,,configs/benchmarks/ablations/stability/pipelines/multidag_cl/context_w3_tav_stable_candidate.yaml,medium,high,NO,Content-derived classification; no YAML move or edit in Phase 4A.,project|dataset|model|execution|run_control|train|evaluation|analysis_tables|single_run_analysis|missing_modalities|multi_run_training_curves|multi_run_final_analysis,MultiDAGCL,,,"[""val"", ""test""]",,,,stability_ablation,configs/baselines/multidag_cl/iemocap/stabilize/context_w3_tav_stable_candidate.yaml,,best_model.pt,"[""evaluation"", ""execution"", ""missing_modalities"", ""run_control""]",,,legacy MMGCN-style feature path/content
configs/pipeline/multidag_cl/iemocap/stabilize/context_w5_tav_dropout01.yaml,multidag_cl,unified,iemocap,causal_context,legacy_mmgcn_features,stability_ablation,pipeline,YES,NO,NO,NO,YES,NO,NO,NO,NO,NO,scripts/workflows/run_pipeline.py,configs/baselines/multidag_cl/iemocap/stabilize/context_w5_tav_dropout01.yaml,,,,configs/benchmarks/ablations/stability/pipelines/multidag_cl/context_w5_tav_dropout01.yaml,medium,high,NO,Content-derived classification; no YAML move or edit in Phase 4A.,project|dataset|model|execution|run_control|train|evaluation|analysis_tables|single_run_analysis|missing_modalities|multi_run_training_curves|multi_run_final_analysis,MultiDAGCL,,,"[""val"", ""test""]",,,,stability_ablation,configs/baselines/multidag_cl/iemocap/stabilize/context_w5_tav_dropout01.yaml,,best_model.pt,"[""evaluation"", ""execution"", ""missing_modalities"", ""run_control""]",,,legacy MMGCN-style feature path/content
configs/pipeline/multidag_cl/iemocap/stabilize/context_w5_tav_dropout02.yaml,multidag_cl,unified,iemocap,causal_context,legacy_mmgcn_features,stability_ablation,pipeline,YES,NO,NO,NO,YES,NO,NO,NO,NO,NO,scripts/workflows/run_pipeline.py,configs/baselines/multidag_cl/iemocap/stabilize/context_w5_tav_dropout02.yaml,,,,configs/benchmarks/ablations/stability/pipelines/multidag_cl/context_w5_tav_dropout02.yaml,medium,high,NO,Content-derived classification; no YAML move or edit in Phase 4A.,project|dataset|model|execution|run_control|train|evaluation|analysis_tables|single_run_analysis|missing_modalities|multi_run_training_curves|multi_run_final_analysis,MultiDAGCL,,,"[""val"", ""test""]",,,,stability_ablation,configs/baselines/multidag_cl/iemocap/stabilize/context_w5_tav_dropout02.yaml,,best_model.pt,"[""evaluation"", ""execution"", ""missing_modalities"", ""run_control""]",,,legacy MMGCN-style feature path/content
configs/pipeline/multidag_cl/iemocap/stabilize/context_w5_tav_graph1.yaml,multidag_cl,unified,iemocap,causal_context,legacy_mmgcn_features,stability_ablation,pipeline,YES,NO,NO,NO,YES,NO,NO,NO,NO,NO,scripts/workflows/run_pipeline.py,configs/baselines/multidag_cl/iemocap/stabilize/context_w5_tav_graph1.yaml,,,,configs/benchmarks/ablations/stability/pipelines/multidag_cl/context_w5_tav_graph1.yaml,medium,high,NO,Content-derived classification; no YAML move or edit in Phase 4A.,project|dataset|model|execution|run_control|train|evaluation|analysis_tables|single_run_analysis|missing_modalities|multi_run_training_curves|multi_run_final_analysis,MultiDAGCL,,,"[""val"", ""test""]",,,,stability_ablation,configs/baselines/multidag_cl/iemocap/stabilize/context_w5_tav_graph1.yaml,,best_model.pt,"[""evaluation"", ""execution"", ""missing_modalities"", ""run_control""]",,,legacy MMGCN-style feature path/content
configs/pipeline/multidag_cl/iemocap/stabilize/context_w5_tav_linear_encoder.yaml,multidag_cl,unified,iemocap,causal_context,legacy_mmgcn_features,stability_ablation,pipeline,YES,NO,NO,NO,YES,NO,NO,NO,NO,NO,scripts/workflows/run_pipeline.py,configs/baselines/multidag_cl/iemocap/stabilize/context_w5_tav_linear_encoder.yaml,,,,configs/benchmarks/ablations/stability/pipelines/multidag_cl/context_w5_tav_linear_encoder.yaml,medium,high,NO,Content-derived classification; no YAML move or edit in Phase 4A.,project|dataset|model|execution|run_control|train|evaluation|analysis_tables|single_run_analysis|missing_modalities|multi_run_training_curves|multi_run_final_analysis,MultiDAGCL,,,"[""val"", ""test""]",,,,stability_ablation,configs/baselines/multidag_cl/iemocap/stabilize/context_w5_tav_linear_encoder.yaml,,best_model.pt,"[""evaluation"", ""execution"", ""missing_modalities"", ""run_control""]",,,legacy MMGCN-style feature path/content
configs/pipeline/multidag_cl/iemocap/stabilize/context_w5_tav_lr3e4.yaml,multidag_cl,unified,iemocap,causal_context,legacy_mmgcn_features,stability_ablation,pipeline,YES,NO,NO,NO,YES,NO,NO,NO,NO,NO,scripts/workflows/run_pipeline.py,configs/baselines/multidag_cl/iemocap/stabilize/context_w5_tav_lr3e4.yaml,,,,configs/benchmarks/ablations/stability/pipelines/multidag_cl/context_w5_tav_lr3e4.yaml,medium,high,NO,Content-derived classification; no YAML move or edit in Phase 4A.,project|dataset|model|execution|run_control|train|evaluation|analysis_tables|single_run_analysis|missing_modalities|multi_run_training_curves|multi_run_final_analysis,MultiDAGCL,,,"[""val"", ""test""]",,,,stability_ablation,configs/baselines/multidag_cl/iemocap/stabilize/context_w5_tav_lr3e4.yaml,,best_model.pt,"[""evaluation"", ""execution"", ""missing_modalities"", ""run_control""]",,,legacy MMGCN-style feature path/content
configs/pipeline/multidag_cl/iemocap/stabilize/context_w5_tav_lr5e4.yaml,multidag_cl,unified,iemocap,causal_context,legacy_mmgcn_features,stability_ablation,pipeline,YES,NO,NO,NO,YES,NO,NO,NO,NO,NO,scripts/workflows/run_pipeline.py,configs/baselines/multidag_cl/iemocap/stabilize/context_w5_tav_lr5e4.yaml,,,,configs/benchmarks/ablations/stability/pipelines/multidag_cl/context_w5_tav_lr5e4.yaml,medium,high,NO,Content-derived classification; no YAML move or edit in Phase 4A.,project|dataset|model|execution|run_control|train|evaluation|analysis_tables|single_run_analysis|missing_modalities|multi_run_training_curves|multi_run_final_analysis,MultiDAGCL,,,"[""val"", ""test""]",,,,stability_ablation,configs/baselines/multidag_cl/iemocap/stabilize/context_w5_tav_lr5e4.yaml,,best_model.pt,"[""evaluation"", ""execution"", ""missing_modalities"", ""run_control""]",,,legacy MMGCN-style feature path/content
configs/pipeline/multidag_cl/iemocap/stabilize/context_w5_tav_stable_candidate.yaml,multidag_cl,unified,iemocap,causal_context,legacy_mmgcn_features,stability_ablation,pipeline,YES,NO,NO,NO,YES,NO,NO,NO,NO,NO,scripts/workflows/run_pipeline.py,configs/baselines/multidag_cl/iemocap/stabilize/context_w5_tav_stable_candidate.yaml,,,,configs/benchmarks/ablations/stability/pipelines/multidag_cl/context_w5_tav_stable_candidate.yaml,medium,high,NO,Content-derived classification; no YAML move or edit in Phase 4A.,project|dataset|model|execution|run_control|train|evaluation|analysis_tables|single_run_analysis|missing_modalities|multi_run_training_curves|multi_run_final_analysis,MultiDAGCL,,,"[""val"", ""test""]",,,,stability_ablation,configs/baselines/multidag_cl/iemocap/stabilize/context_w5_tav_stable_candidate.yaml,,best_model.pt,"[""evaluation"", ""execution"", ""missing_modalities"", ""run_control""]",,,legacy MMGCN-style feature path/content
configs/smoke/causal_dialoguegcn_iemocap_synthetic.yaml,dialoguegcn,unified,synthetic,causal_context,synthetic,smoke,model,NO,NO,YES,NO,NO,NO,NO,NO,NO,NO,scripts/workflows/causal_graph/train.py,,,,,configs/dialoguegcn/unified/synthetic/causal_context/synthetic/audit_fixture.yaml,low,high,NO,Content-derived classification; no YAML move or edit in Phase 4A.,seed|model|synthetic,CausalDialogueGCNBaseline,,,,,,947,smoke,,,,,,,
configs/smoke/causal_gsmcc_iemocap_synthetic.yaml,gsmcc,project_variant,synthetic,causal_context,synthetic,smoke,model,NO,NO,YES,NO,NO,NO,NO,NO,NO,YES,scripts/workflows/causal_graph/train.py,,,,,configs/gsmcc/project_variant/synthetic/causal_context/synthetic/audit_fixture.yaml,high,high,NO,Content-derived classification; no YAML move or edit in Phase 4A.,seed|model|loss|synthetic,CausalGSMCCInspiredBaseline,,,,,,731,smoke,,,,,,,GS-MCC project_variant; not author_official
configs/smoke/original_repro/dialoguegcn_clean.yaml,dialoguegcn,paper_aligned,iemocap,full_context,clean_roberta_features,smoke,model,NO,NO,YES,NO,NO,NO,NO,NO,YES,NO,scripts/workflows/paper_aligned/train.py,,,data/processed/iemocap/IEMOCAP_features_clean_roberta_base_c8b8a37_utterance_mean_v1.pkl,tmp/smoke_outputs,configs/dialoguegcn/paper_aligned/iemocap/full_context/clean_roberta_features/smoke.yaml,low,high,NO,Content-derived classification; no YAML move or edit in Phase 4A.,run_name|profile|protocol_version|model|dataset|training|optimizer|scheduler|system|output,original_repro_dialoguegcn,noncausal_offline_full_context,,,,Ses05,42,smoke,,,,,"[""text""]",,paper_aligned project implementation; not author_official; clean RoBERTa protocol/path/content
configs/smoke/original_repro/dialoguegcn_legacy.yaml,dialoguegcn,paper_aligned,iemocap,full_context,legacy_mmgcn_features,smoke,model,NO,NO,YES,NO,NO,NO,NO,NO,YES,NO,scripts/workflows/paper_aligned/train.py,,,third_party/MMGCN_official/IEMOCAP_features/IEMOCAP_features.pkl,tmp/smoke_outputs,configs/dialoguegcn/paper_aligned/iemocap/full_context/legacy_mmgcn_features/smoke.yaml,low,high,NO,Content-derived classification; no YAML move or edit in Phase 4A.,run_name|profile|protocol_version|model|dataset|training|optimizer|scheduler|system|output,original_repro_dialoguegcn,noncausal_offline_full_context,,,,Ses05,42,smoke,,,,,"[""text""]",,paper_aligned project implementation; not author_official; legacy MMGCN-style feature path/content
configs/smoke/original_repro/gsmcc_clean.yaml,gsmcc,project_variant,iemocap,full_context,clean_roberta_features,smoke,model,NO,NO,YES,NO,NO,NO,NO,NO,NO,YES,scripts/workflows/paper_aligned/train.py,,,data/processed/iemocap/IEMOCAP_features_clean_roberta_base_c8b8a37_utterance_mean_v1.pkl,tmp/smoke_outputs,configs/gsmcc/project_variant/iemocap/full_context/clean_roberta_features/smoke.yaml,high,high,NO,Content-derived classification; no YAML move or edit in Phase 4A.,run_name|profile|protocol_version|model|dataset|training|optimizer|scheduler|system|output,project_paper_oriented_gsmcc,PROJECT_VARIANT_NOT_PAPER_REPRODUCTION,,,,Ses05,42,smoke,,,,,,,GS-MCC project_variant; not author_official; clean RoBERTa protocol/path/content
configs/smoke/original_repro/gsmcc_legacy.yaml,gsmcc,project_variant,iemocap,full_context,legacy_mmgcn_features,smoke,model,NO,NO,YES,NO,NO,NO,NO,NO,NO,YES,scripts/workflows/paper_aligned/train.py,,,third_party/MMGCN_official/IEMOCAP_features/IEMOCAP_features.pkl,tmp/smoke_outputs,configs/gsmcc/project_variant/iemocap/full_context/legacy_mmgcn_features/smoke.yaml,high,high,NO,Content-derived classification; no YAML move or edit in Phase 4A.,run_name|profile|protocol_version|model|dataset|training|optimizer|scheduler|system|output,project_paper_oriented_gsmcc,PROJECT_VARIANT_NOT_PAPER_REPRODUCTION,,,,Ses05,42,smoke,,,,,,,GS-MCC project_variant; not author_official; legacy MMGCN-style feature path/content
configs/smoke/original_repro/mmgcn_clean.yaml,mmgcn,paper_aligned,iemocap,full_context,clean_roberta_features,smoke,model,NO,NO,YES,NO,NO,NO,NO,NO,YES,NO,scripts/workflows/paper_aligned/train.py,,,data/processed/iemocap/IEMOCAP_features_clean_roberta_base_c8b8a37_utterance_mean_v1.pkl,tmp/smoke_outputs,configs/mmgcn/paper_aligned/iemocap/full_context/clean_roberta_features/smoke.yaml,low,high,NO,Content-derived classification; no YAML move or edit in Phase 4A.,run_name|profile|protocol_version|model|dataset|training|optimizer|scheduler|system|output,original_repro_mmgcn,noncausal_offline_full_context,,,,Ses05,42,smoke,,,,,,,paper_aligned project implementation; not author_official; clean RoBERTa protocol/path/content
configs/smoke/original_repro/mmgcn_legacy.yaml,mmgcn,paper_aligned,iemocap,full_context,legacy_mmgcn_features,smoke,model,NO,NO,YES,NO,NO,NO,NO,NO,YES,NO,scripts/workflows/paper_aligned/train.py,,,third_party/MMGCN_official/IEMOCAP_features/IEMOCAP_features.pkl,tmp/smoke_outputs,configs/mmgcn/paper_aligned/iemocap/full_context/legacy_mmgcn_features/smoke.yaml,low,high,NO,Content-derived classification; no YAML move or edit in Phase 4A.,run_name|profile|protocol_version|model|dataset|training|optimizer|scheduler|system|output,original_repro_mmgcn,noncausal_offline_full_context,,,,Ses05,42,smoke,,,,,,,paper_aligned project implementation; not author_official; legacy MMGCN-style feature path/content
configs/smoke/original_repro/multidag_cl_clean.yaml,multidag_cl,paper_aligned,iemocap,full_context,clean_roberta_features,smoke,model,NO,NO,YES,NO,NO,NO,NO,NO,YES,NO,scripts/workflows/paper_aligned/train.py,,,data/processed/iemocap/IEMOCAP_features_clean_roberta_base_c8b8a37_utterance_mean_v1.pkl,tmp/smoke_outputs,configs/multidag_cl/paper_aligned/iemocap/full_context/clean_roberta_features/smoke.yaml,low,high,NO,Content-derived classification; no YAML move or edit in Phase 4A.,run_name|profile|protocol_version|model|dataset|training|optimizer|scheduler|system|output,original_repro_multidag_cl,noncausal_offline_full_context,,,,Ses05,42,smoke,,,,,,,paper_aligned project implementation; not author_official; clean RoBERTa protocol/path/content
configs/smoke/original_repro/multidag_cl_legacy.yaml,multidag_cl,paper_aligned,iemocap,full_context,legacy_mmgcn_features,smoke,model,NO,NO,YES,NO,NO,NO,NO,NO,YES,NO,scripts/workflows/paper_aligned/train.py,,,third_party/MMGCN_official/IEMOCAP_features/IEMOCAP_features.pkl,tmp/smoke_outputs,configs/multidag_cl/paper_aligned/iemocap/full_context/legacy_mmgcn_features/smoke.yaml,low,high,NO,Content-derived classification; no YAML move or edit in Phase 4A.,run_name|profile|protocol_version|model|dataset|training|optimizer|scheduler|system|output,original_repro_multidag_cl,noncausal_offline_full_context,,,,Ses05,42,smoke,,,,,,,paper_aligned project implementation; not author_official; legacy MMGCN-style feature path/content
configs/smoke/train_causal_dialoguegcn_end_to_end.yaml,dialoguegcn,unified,synthetic,causal_context,synthetic,smoke,model,NO,NO,YES,NO,NO,NO,NO,NO,NO,NO,scripts/workflows/causal_graph/train.py,,,,outputs,configs/dialoguegcn/unified/synthetic/causal_context/synthetic/smoke_end_to_end.yaml,low,high,NO,Content-derived classification; no YAML move or edit in Phase 4A.,causal|causal_contract_version|run_name|system|dataset|model|graph|loss|training|optimizer|scheduler|synthetic|output,causal_dialoguegcn,,true,,,,3203,smoke,,,,"[""causal"", ""causal_contract_version"", ""graph""]",,,
configs/smoke/train_causal_dialoguegcn_iemocap_real_2epoch.yaml,dialoguegcn,unified,iemocap,causal_context,legacy_mmgcn_features,smoke,model,NO,NO,YES,NO,NO,NO,NO,NO,NO,NO,scripts/workflows/causal_graph/train.py,,,third_party/MMGCN_official/IEMOCAP_features/IEMOCAP_features.pkl,outputs,configs/dialoguegcn/unified/iemocap/causal_context/legacy_mmgcn_features/smoke_real_2epoch.yaml,low,high,NO,Content-derived classification; no YAML move or edit in Phase 4A.,causal|causal_contract_version|run_name|system|dataset|model|graph|loss|training|optimizer|scheduler|output,causal_dialoguegcn,,true,,,,42,smoke,,,,"[""causal"", ""causal_contract_version"", ""graph""]",,,legacy MMGCN-style feature path/content
configs/smoke/train_causal_gsmcc_end_to_end.yaml,gsmcc,project_variant,synthetic,causal_context,synthetic,smoke,model,NO,NO,YES,NO,NO,NO,NO,NO,NO,YES,scripts/workflows/causal_graph/train.py,,,,outputs,configs/gsmcc/project_variant/synthetic/causal_context/synthetic/smoke_end_to_end.yaml,high,high,NO,Content-derived classification; no YAML move or edit in Phase 4A.,causal|causal_contract_version|run_name|system|dataset|model|graph|loss|training|optimizer|scheduler|synthetic|output,causal_gsmcc_inspired,,true,,,,3101,smoke,,,,"[""causal"", ""causal_contract_version"", ""graph""]",,,GS-MCC project_variant; not author_official
configs/smoke/train_causal_gsmcc_iemocap_real_2epoch.yaml,gsmcc,project_variant,iemocap,causal_context,legacy_mmgcn_features,smoke,model,NO,NO,YES,NO,NO,NO,NO,NO,NO,YES,scripts/workflows/causal_graph/train.py,,,third_party/MMGCN_official/IEMOCAP_features/IEMOCAP_features.pkl,outputs,configs/gsmcc/project_variant/iemocap/causal_context/legacy_mmgcn_features/smoke_real_2epoch.yaml,high,high,NO,Content-derived classification; no YAML move or edit in Phase 4A.,causal|causal_contract_version|run_name|system|dataset|model|graph|loss|training|optimizer|scheduler|output,causal_gsmcc_inspired,,true,,,,42,smoke,,,,"[""causal"", ""causal_contract_version"", ""graph""]",,,GS-MCC project_variant; not author_official; legacy MMGCN-style feature path/content
configs/smoke/train_mmgcn_smoke.yaml,mmgcn,unified,synthetic,full_context,synthetic,smoke,model,NO,NO,YES,NO,NO,NO,NO,NO,NO,NO,scripts/models/mmgcn/unified/train.py,,,,tmp/smoke_outputs,configs/mmgcn/unified/synthetic/full_context/synthetic/smoke.yaml,low,high,NO,Content-derived classification; no YAML move or edit in Phase 4A.,project|system|dataset|model|train|logging|graph|modality|notes,MMGCN,,full,,,,7,smoke,,,,"[""graph""]","[""text"", ""audio"", ""visual""]",,
configs/smoke/train_multidag_cl_smoke.yaml,multidag_cl,unified,synthetic,causal_context,synthetic,smoke,model,NO,NO,YES,NO,NO,NO,NO,NO,NO,NO,scripts/models/multidag_cl/unified/train.py,,scripts/models/multidag_cl/unified/smoke.py,,outputs,configs/multidag_cl/unified/synthetic/causal_context/synthetic/smoke.yaml,low,high,NO,Content-derived classification; no YAML move or edit in Phase 4A.,seed|dataset|model|training|output,MultiDAGCL,,,,,,42,smoke,,,,,"[""text"", ""audio"", ""visual""]",,
configs/train_mmgcn_iemocap_official.yaml,mmgcn,unified,iemocap,full_context,legacy_mmgcn_features,formal,model,NO,NO,NO,NO,NO,NO,YES,NO,NO,NO,scripts/models/mmgcn/unified/train.py,,,third_party/MMGCN_official/IEMOCAP_features/IEMOCAP_features.pkl,outputs,configs/mmgcn/unified/iemocap/full_context/legacy_mmgcn_features/val_official_prefix.yaml,medium,high,NO,Content-derived classification; no YAML move or edit in Phase 4A.,project|system|dataset|model|train|logging|graph,MMGCN,,full,,,,42,formal,,,,"[""graph""]",,,legacy MMGCN-style feature path/content
configs/train_mmgcn_m3ed.yaml,mmgcn,unified,m3ed,full_context,m3ed_features,development,model,NO,NO,NO,NO,NO,NO,NO,NO,NO,NO,scripts/models/mmgcn/unified/train.py,,scripts/dev/check_env.py|scripts/diagnostics/data/debug_m3ed_dataloader.py|scripts/diagnostics/data/debug_m3ed_feature_dataset.py|scripts/diagnostics/data/diagnose_m3ed_label_alignment.py|scripts/diagnostics/experiments/debug_io.py|scripts/diagnostics/models/mmgcn/debug_mmgcn_forward.py|scripts/diagnostics/models/multidag_cl/debug_multidag_cl_real_batch.py|scripts/diagnostics/models/simple_mlp/debug_simple_mlp_step.py|scripts/models/mmgcn/unified/train.py|scripts/workflows/train_from_config.py,data/processed/M3ED/features/Asent_wav2vec_zh2chmed2e5last-Vsent_avg_affectdenseface-Lsent_cls_robert_wwm_base_chinese4chmed.pkl,outputs,configs/mmgcn/unified/m3ed/full_context/m3ed_features/skeleton.yaml,medium,high,NO,Content-derived classification; no YAML move or edit in Phase 4A.,project|system|dataset|model|train|logging|notes|graph,MMGCN,,full,,,,42,development,,,,"[""graph""]",,,
configs/train_mmgcn_m3ed_causal.yaml,mmgcn,unified,m3ed,causal_context,m3ed_features,development,model,NO,NO,NO,NO,NO,NO,NO,NO,NO,NO,scripts/models/mmgcn/unified/train.py,,,data/processed/M3ED/features/Asent_wav2vec_zh2chmed2e5last-Vsent_avg_affectdenseface-Lsent_cls_robert_wwm_base_chinese4chmed.pkl,outputs,configs/mmgcn/unified/m3ed/causal_context/m3ed_features/skeleton.yaml,medium,high,NO,Content-derived classification; no YAML move or edit in Phase 4A.,project|system|dataset|model|train|logging|notes|graph,MMGCN,,causal,,,,42,development,,,,"[""graph""]",,,
configs/train_simple_mlp_m3ed.yaml,simple_mlp,unified,m3ed,full_context,m3ed_features,development,model,NO,NO,NO,NO,NO,NO,NO,NO,NO,NO,scripts/models/simple_mlp/train.py,,scripts/models/simple_mlp/train.py,data/processed/M3ED/features/Asent_wav2vec_zh2chmed2e5last-Vsent_avg_affectdenseface-Lsent_cls_robert_wwm_base_chinese4chmed.pkl,outputs,configs/simple_mlp/unified/m3ed/full_context/m3ed_features/development.yaml,medium,high,NO,Content-derived classification; no YAML move or edit in Phase 4A.,project|system|dataset|model|train|logging|notes,SimpleMLP,,,,,,42,development,,,,,,,
